node:internal/modules/cjs/loader:1368
  throw err;
  ^

Error: Cannot find module '/home/wemisico/wemisipy//server.js'
Require stack:
- /usr/local/lsws/fcgi-bin/lsnode.js
    at Module._resolveFilename (node:internal/modules/cjs/loader:1365:15)
    at defaultResolveImpl (node:internal/modules/cjs/loader:1021:19)
    at resolveForCJSWithHooks (node:internal/modules/cjs/loader:1026:22)
    at Module._load (node:internal/modules/cjs/loader:1175:37)
    at TracingChannel.traceSync (node:diagnostics_channel:322:14)
    at wrapModuleLoad (node:internal/modules/cjs/loader:235:24)
    at Module.require (node:internal/modules/cjs/loader:1445:12)
    at require (node:internal/modules/helpers:135:16)
    at startApplication (/usr/local/lsws/fcgi-bin/lsnode.js:48:15)
    at Object.<anonymous> (/usr/local/lsws/fcgi-bin/lsnode.js:16:1) {
  code: 'MODULE_NOT_FOUND',
  requireStack: [ '/usr/local/lsws/fcgi-bin/lsnode.js' ]
}

Node.js v22.18.0
node:internal/modules/cjs/loader:1368
  throw err;
  ^

Error: Cannot find module '/home/wemisico/wemisipy//server.js'
Require stack:
- /usr/local/lsws/fcgi-bin/lsnode.js
    at Module._resolveFilename (node:internal/modules/cjs/loader:1365:15)
    at defaultResolveImpl (node:internal/modules/cjs/loader:1021:19)
    at resolveForCJSWithHooks (node:internal/modules/cjs/loader:1026:22)
    at Module._load (node:internal/modules/cjs/loader:1175:37)
    at TracingChannel.traceSync (node:diagnostics_channel:322:14)
    at wrapModuleLoad (node:internal/modules/cjs/loader:235:24)
    at Module.require (node:internal/modules/cjs/loader:1445:12)
    at require (node:internal/modules/helpers:135:16)
    at startApplication (/usr/local/lsws/fcgi-bin/lsnode.js:48:15)
    at Object.<anonymous> (/usr/local/lsws/fcgi-bin/lsnode.js:16:1) {
  code: 'MODULE_NOT_FOUND',
  requireStack: [ '/usr/local/lsws/fcgi-bin/lsnode.js' ]
}

Node.js v22.18.0
node:internal/modules/cjs/loader:1368
  throw err;
  ^

Error: Cannot find module '/home/wemisico/wemisipy//server.js'
Require stack:
- /usr/local/lsws/fcgi-bin/lsnode.js
    at Module._resolveFilename (node:internal/modules/cjs/loader:1365:15)
    at defaultResolveImpl (node:internal/modules/cjs/loader:1021:19)
    at resolveForCJSWithHooks (node:internal/modules/cjs/loader:1026:22)
    at Module._load (node:internal/modules/cjs/loader:1175:37)
    at TracingChannel.traceSync (node:diagnostics_channel:322:14)
    at wrapModuleLoad (node:internal/modules/cjs/loader:235:24)
    at Module.require (node:internal/modules/cjs/loader:1445:12)
    at require (node:internal/modules/helpers:135:16)
    at startApplication (/usr/local/lsws/fcgi-bin/lsnode.js:48:15)
    at Object.<anonymous> (/usr/local/lsws/fcgi-bin/lsnode.js:16:1) {
  code: 'MODULE_NOT_FOUND',
  requireStack: [ '/usr/local/lsws/fcgi-bin/lsnode.js' ]
}

Node.js v22.18.0
node:internal/modules/cjs/loader:1368
  throw err;
  ^

Error: Cannot find module '/home/wemisico/wemisipy//server.js'
Require stack:
- /usr/local/lsws/fcgi-bin/lsnode.js
    at Module._resolveFilename (node:internal/modules/cjs/loader:1365:15)
    at defaultResolveImpl (node:internal/modules/cjs/loader:1021:19)
    at resolveForCJSWithHooks (node:internal/modules/cjs/loader:1026:22)
    at Module._load (node:internal/modules/cjs/loader:1175:37)
    at TracingChannel.traceSync (node:diagnostics_channel:322:14)
    at wrapModuleLoad (node:internal/modules/cjs/loader:235:24)
    at Module.require (node:internal/modules/cjs/loader:1445:12)
    at require (node:internal/modules/helpers:135:16)
    at startApplication (/usr/local/lsws/fcgi-bin/lsnode.js:48:15)
    at Object.<anonymous> (/usr/local/lsws/fcgi-bin/lsnode.js:16:1) {
  code: 'MODULE_NOT_FOUND',
  requireStack: [ '/usr/local/lsws/fcgi-bin/lsnode.js' ]
}

Node.js v22.18.0
Traceback (most recent call last):
  File "/home/wemisico/wemisipy/passenger_wsgi.py", line 7, in <module>
    from flipbook_project.wsgi import application
ModuleNotFoundError: No module named 'flipbook_project'
Traceback (most recent call last):
  File "/home/wemisico/wemisipy/passenger_wsgi.py", line 7, in <module>
    from flipbook_project.wsgi import application
ModuleNotFoundError: No module named 'flipbook_project'
[UID:2270][2860748] Child process with pid: 2860831 was killed by signal: 15, core dumped: no
Traceback (most recent call last):
  File "/home/wemisico/wemisipy/passenger_wsgi.py", line 7, in <module>
    from flipbook_project.wsgi import application
ModuleNotFoundError: No module named 'flipbook_project'
[UID:2270][2860748] Child process with pid: 2860857 was killed by signal: 15, core dumped: no
Traceback (most recent call last):
  File "/home/wemisico/wemisipy/passenger_wsgi.py", line 7, in <module>
    from flipbook_project.wsgi import application
ModuleNotFoundError: No module named 'flipbook_project'
[UID:2270][2860748] Child process with pid: 2861174 was killed by signal: 15, core dumped: no
Traceback (most recent call last):
  File "/home/wemisico/wemisipy/passenger_wsgi.py", line 7, in <module>
    from flipbook_project.wsgi import application
ModuleNotFoundError: No module named 'flipbook_project'
[UID:2270][2860748] Child process with pid: 2861185 was killed by signal: 15, core dumped: no
Traceback (most recent call last):
  File "/home/wemisico/wemisipy/passenger_wsgi.py", line 7, in <module>
    from flipbook_project.wsgi import application
ModuleNotFoundError: No module named 'flipbook_project'
[UID:2270][2860748] Child process with pid: 2885591 was killed by signal: 15, core dumped: no
Traceback (most recent call last):
  File "/home/wemisico/wemisipy/passenger_wsgi.py", line 7, in <module>
    from store.wsgi import application
  File "/home/wemisico/wemisipy/store/wsgi.py", line 3, in <module>
    from django.core.wsgi import get_wsgi_application
ModuleNotFoundError: No module named 'django'
Traceback (most recent call last):
  File "/home/wemisico/wemisipy/passenger_wsgi.py", line 7, in <module>
    from store.wsgi import application
  File "/home/wemisico/wemisipy/store/wsgi.py", line 3, in <module>
    from django.core.wsgi import get_wsgi_application
ModuleNotFoundError: No module named 'django'
[UID:2270][2889882] Child process with pid: 2890011 was killed by signal: 15, core dumped: no
Traceback (most recent call last):
  File "/home/wemisico/wemisipy/passenger_wsgi.py", line 7, in <module>
    from store.wsgi import application
  File "/home/wemisico/wemisipy/store/wsgi.py", line 3, in <module>
    from django.core.wsgi import get_wsgi_application
ModuleNotFoundError: No module named 'django'
[UID:2270][2889882] Child process with pid: 2890072 was killed by signal: 15, core dumped: no
Traceback (most recent call last):
  File "/home/wemisico/wemisipy/passenger_wsgi.py", line 7, in <module>
    from store.wsgi import application
  File "/home/wemisico/wemisipy/store/wsgi.py", line 3, in <module>
    from django.core.wsgi import get_wsgi_application
ModuleNotFoundError: No module named 'django'
[UID:2270][2889882] Child process with pid: 2890389 was killed by signal: 15, core dumped: no
Traceback (most recent call last):
  File "/home/wemisico/wemisipy/passenger_wsgi.py", line 7, in <module>
    from store.wsgi import application
  File "/home/wemisico/wemisipy/store/wsgi.py", line 3, in <module>
    from django.core.wsgi import get_wsgi_application
ModuleNotFoundError: No module named 'django'
[UID:2270][2889882] Child process with pid: 2890469 was killed by signal: 15, core dumped: no
Traceback (most recent call last):
  File "/home/wemisico/wemisipy/passenger_wsgi.py", line 7, in <module>
    from store.wsgi import application
  File "/home/wemisico/wemisipy/store/wsgi.py", line 3, in <module>
    from django.core.wsgi import get_wsgi_application
ModuleNotFoundError: No module named 'django'
[UID:2270][2889882] Child process with pid: 2890796 was killed by signal: 15, core dumped: no
Traceback (most recent call last):
  File "/home/wemisico/wemisipy/passenger_wsgi.py", line 7, in <module>
    from store.wsgi import application
  File "/home/wemisico/wemisipy/store/wsgi.py", line 3, in <module>
    from django.core.wsgi import get_wsgi_application
ModuleNotFoundError: No module named 'django'
[UID:2270][2889882] Child process with pid: 2890838 was killed by signal: 15, core dumped: no
Traceback (most recent call last):
  File "/home/wemisico/wemisipy/passenger_wsgi.py", line 7, in <module>
    from store.wsgi import application
ModuleNotFoundError: No module named 'store.wsgi'
[UID:2270][2889882] Child process with pid: 2915888 was killed by signal: 15, core dumped: no
Traceback (most recent call last):
  File "/home/wemisico/wemisipy/passenger_wsgi.py", line 7, in <module>
    from store.wsgi import application
ModuleNotFoundError: No module named 'store.wsgi'
Traceback (most recent call last):
  File "/home/wemisico/wemisipy/passenger_wsgi.py", line 7, in <module>
    from store.wsgi import application
ModuleNotFoundError: No module named 'store.wsgi'
[UID:2270][2915907] Child process with pid: 2915960 was killed by signal: 15, core dumped: no
Traceback (most recent call last):
  File "/home/wemisico/wemisipy/passenger_wsgi.py", line 7, in <module>
    from store.wsgi import application
ModuleNotFoundError: No module named 'store.wsgi'
Traceback (most recent call last):
  File "/home/wemisico/wemisipy/passenger_wsgi.py", line 7, in <module>
    from store.wsgi import application
ModuleNotFoundError: No module named 'store.wsgi'
[UID:2270][2917887] Child process with pid: 2918003 was killed by signal: 15, core dumped: no
Traceback (most recent call last):
  File "/home/wemisico/wemisipy/passenger_wsgi.py", line 7, in <module>
    from store.wsgi import application
ModuleNotFoundError: No module named 'store.wsgi'
[UID:2270][2917887] Child process with pid: 2918029 was killed by signal: 15, core dumped: no
Traceback (most recent call last):
  File "/home/wemisico/wemisipy/passenger_wsgi.py", line 7, in <module>
    from store.wsgi import application
ModuleNotFoundError: No module named 'store.wsgi'
[UID:2270][2917887] Child process with pid: 2918451 was killed by signal: 15, core dumped: no
Traceback (most recent call last):
  File "/home/wemisico/wemisipy/passenger_wsgi.py", line 7, in <module>
    from store.wsgi import application
ModuleNotFoundError: No module named 'store.wsgi'
[UID:2270][2917887] Child process with pid: 2918468 was killed by signal: 15, core dumped: no
Traceback (most recent call last):
Traceback (most recent call last):
  File "/home/wemisico/wemisipy/passenger_wsgi.py", line 7, in <module>
    from store.wsgi import application
  File "/home/wemisico/wemisipy/store/wsgi.py", line 3, in <module>
    from django.core.wsgi import get_wsgi_application
ModuleNotFoundError: No module named 'django'
Traceback (most recent call last):
  File "/home/wemisico/wemisipy/passenger_wsgi.py", line 7, in <module>
    from store.wsgi import application
  File "/home/wemisico/wemisipy/store/wsgi.py", line 3, in <module>
    from django.core.wsgi import get_wsgi_application
ModuleNotFoundError: No module named 'django'
[UID:2270][2944441] Child process with pid: 2944613 was killed by signal: 15, core dumped: no
Traceback (most recent call last):
  File "/home/wemisico/wemisipy/passenger_wsgi.py", line 7, in <module>
    from store.wsgi import application
  File "/home/wemisico/wemisipy/store/wsgi.py", line 3, in <module>
    from django.core.wsgi import get_wsgi_application
ModuleNotFoundError: No module named 'django'
[UID:2270][2944441] Child process with pid: 2944622 was killed by signal: 15, core dumped: no
Traceback (most recent call last):
  File "/home/wemisico/wemisipy/passenger_wsgi.py", line 15, in <module>
    application = get_wsgi_application()
  File "/home/wemisico/virtualenv/wemisipy/3.13/lib/python3.13/site-packages/django/core/wsgi.py", line 12, in get_wsgi_application
    django.setup(set_prefix=False)
    ~~~~~~~~~~~~^^^^^^^^^^^^^^^^^^
  File "/home/wemisico/virtualenv/wemisipy/3.13/lib/python3.13/site-packages/django/__init__.py", line 19, in setup
    configure_logging(settings.LOGGING_CONFIG, settings.LOGGING)
                      ^^^^^^^^^^^^^^^^^^^^^^^
  File "/home/wemisico/virtualenv/wemisipy/3.13/lib/python3.13/site-packages/django/conf/__init__.py", line 102, in __getattr__
    self._setup(name)
    ~~~~~~~~~~~^^^^^^
  File "/home/wemisico/virtualenv/wemisipy/3.13/lib/python3.13/site-packages/django/conf/__init__.py", line 89, in _setup
    self._wrapped = Settings(settings_module)
                    ~~~~~~~~^^^^^^^^^^^^^^^^^
  File "/home/wemisico/virtualenv/wemisipy/3.13/lib/python3.13/site-packages/django/conf/__init__.py", line 217, in __init__
    mod = importlib.import_module(self.SETTINGS_MODULE)
  File "/opt/alt/python313/lib64/python3.13/importlib/__init__.py", line 88, in import_module
    return _bootstrap._gcd_import(name[level:], package, level)
           ~~~~~~~~~~~~~~~~~~~~~~^^^^^^^^^^^^^^^^^^^^^^^^^^^^^^
  File "<frozen importlib._bootstrap>", line 1387, in _gcd_import
  File "<frozen importlib._bootstrap>", line 1360, in _find_and_load
  File "<frozen importlib._bootstrap>", line 1310, in _find_and_load_unlocked
  File "<frozen importlib._bootstrap>", line 488, in _call_with_frames_removed
  File "<frozen importlib._bootstrap>", line 1387, in _gcd_import
  File "<frozen importlib._bootstrap>", line 1360, in _find_and_load
  File "<frozen importlib._bootstrap>", line 1324, in _find_and_load_unlocked
ModuleNotFoundError: No module named 'wemisipy'
Traceback (most recent call last):
  File "/home/wemisico/wemisipy/passenger_wsgi.py", line 15, in <module>
    application = get_wsgi_application()
  File "/home/wemisico/virtualenv/wemisipy/3.13/lib/python3.13/site-packages/django/core/wsgi.py", line 12, in get_wsgi_application
    django.setup(set_prefix=False)
    ~~~~~~~~~~~~^^^^^^^^^^^^^^^^^^
  File "/home/wemisico/virtualenv/wemisipy/3.13/lib/python3.13/site-packages/django/__init__.py", line 19, in setup
    configure_logging(settings.LOGGING_CONFIG, settings.LOGGING)
                      ^^^^^^^^^^^^^^^^^^^^^^^
  File "/home/wemisico/virtualenv/wemisipy/3.13/lib/python3.13/site-packages/django/conf/__init__.py", line 102, in __getattr__
    self._setup(name)
    ~~~~~~~~~~~^^^^^^
  File "/home/wemisico/virtualenv/wemisipy/3.13/lib/python3.13/site-packages/django/conf/__init__.py", line 89, in _setup
    self._wrapped = Settings(settings_module)
                    ~~~~~~~~^^^^^^^^^^^^^^^^^
  File "/home/wemisico/virtualenv/wemisipy/3.13/lib/python3.13/site-packages/django/conf/__init__.py", line 217, in __init__
    mod = importlib.import_module(self.SETTINGS_MODULE)
  File "/opt/alt/python313/lib64/python3.13/importlib/__init__.py", line 88, in import_module
    return _bootstrap._gcd_import(name[level:], package, level)
           ~~~~~~~~~~~~~~~~~~~~~~^^^^^^^^^^^^^^^^^^^^^^^^^^^^^^
  File "<frozen importlib._bootstrap>", line 1387, in _gcd_import
  File "<frozen importlib._bootstrap>", line 1360, in _find_and_load
  File "<frozen importlib._bootstrap>", line 1310, in _find_and_load_unlocked
  File "<frozen importlib._bootstrap>", line 488, in _call_with_frames_removed
  File "<frozen importlib._bootstrap>", line 1387, in _gcd_import
  File "<frozen importlib._bootstrap>", line 1360, in _find_and_load
  File "<frozen importlib._bootstrap>", line 1324, in _find_and_load_unlocked
ModuleNotFoundError: No module named 'wemisipy'
[UID:2270][2981506] Child process with pid: 2981576 was killed by signal: 15, core dumped: no
Traceback (most recent call last):
  File "/home/wemisico/wemisipy/passenger_wsgi.py", line 15, in <module>
    application = get_wsgi_application()
  File "/home/wemisico/virtualenv/wemisipy/3.13/lib/python3.13/site-packages/django/core/wsgi.py", line 12, in get_wsgi_application
    django.setup(set_prefix=False)
    ~~~~~~~~~~~~^^^^^^^^^^^^^^^^^^
  File "/home/wemisico/virtualenv/wemisipy/3.13/lib/python3.13/site-packages/django/__init__.py", line 19, in setup
    configure_logging(settings.LOGGING_CONFIG, settings.LOGGING)
                      ^^^^^^^^^^^^^^^^^^^^^^^
  File "/home/wemisico/virtualenv/wemisipy/3.13/lib/python3.13/site-packages/django/conf/__init__.py", line 102, in __getattr__
    self._setup(name)
    ~~~~~~~~~~~^^^^^^
  File "/home/wemisico/virtualenv/wemisipy/3.13/lib/python3.13/site-packages/django/conf/__init__.py", line 89, in _setup
    self._wrapped = Settings(settings_module)
                    ~~~~~~~~^^^^^^^^^^^^^^^^^
  File "/home/wemisico/virtualenv/wemisipy/3.13/lib/python3.13/site-packages/django/conf/__init__.py", line 217, in __init__
    mod = importlib.import_module(self.SETTINGS_MODULE)
  File "/opt/alt/python313/lib64/python3.13/importlib/__init__.py", line 88, in import_module
    return _bootstrap._gcd_import(name[level:], package, level)
           ~~~~~~~~~~~~~~~~~~~~~~^^^^^^^^^^^^^^^^^^^^^^^^^^^^^^
  File "<frozen importlib._bootstrap>", line 1387, in _gcd_import
  File "<frozen importlib._bootstrap>", line 1360, in _find_and_load
  File "<frozen importlib._bootstrap>", line 1310, in _find_and_load_unlocked
  File "<frozen importlib._bootstrap>", line 488, in _call_with_frames_removed
  File "<frozen importlib._bootstrap>", line 1387, in _gcd_import
  File "<frozen importlib._bootstrap>", line 1360, in _find_and_load
  File "<frozen importlib._bootstrap>", line 1324, in _find_and_load_unlocked
ModuleNotFoundError: No module named 'wemisipy'
Traceback (most recent call last):
  File "/home/wemisico/wemisipy/passenger_wsgi.py", line 15, in <module>
    application = get_wsgi_application()
  File "/home/wemisico/virtualenv/wemisipy/3.13/lib/python3.13/site-packages/django/core/wsgi.py", line 12, in get_wsgi_application
    django.setup(set_prefix=False)
    ~~~~~~~~~~~~^^^^^^^^^^^^^^^^^^
  File "/home/wemisico/virtualenv/wemisipy/3.13/lib/python3.13/site-packages/django/__init__.py", line 19, in setup
    configure_logging(settings.LOGGING_CONFIG, settings.LOGGING)
                      ^^^^^^^^^^^^^^^^^^^^^^^
  File "/home/wemisico/virtualenv/wemisipy/3.13/lib/python3.13/site-packages/django/conf/__init__.py", line 102, in __getattr__
    self._setup(name)
    ~~~~~~~~~~~^^^^^^
  File "/home/wemisico/virtualenv/wemisipy/3.13/lib/python3.13/site-packages/django/conf/__init__.py", line 89, in _setup
    self._wrapped = Settings(settings_module)
                    ~~~~~~~~^^^^^^^^^^^^^^^^^
  File "/home/wemisico/virtualenv/wemisipy/3.13/lib/python3.13/site-packages/django/conf/__init__.py", line 217, in __init__
    mod = importlib.import_module(self.SETTINGS_MODULE)
  File "/opt/alt/python313/lib64/python3.13/importlib/__init__.py", line 88, in import_module
    return _bootstrap._gcd_import(name[level:], package, level)
           ~~~~~~~~~~~~~~~~~~~~~~^^^^^^^^^^^^^^^^^^^^^^^^^^^^^^
  File "<frozen importlib._bootstrap>", line 1387, in _gcd_import
  File "<frozen importlib._bootstrap>", line 1360, in _find_and_load
  File "<frozen importlib._bootstrap>", line 1310, in _find_and_load_unlocked
  File "<frozen importlib._bootstrap>", line 488, in _call_with_frames_removed
  File "<frozen importlib._bootstrap>", line 1387, in _gcd_import
  File "<frozen importlib._bootstrap>", line 1360, in _find_and_load
  File "<frozen importlib._bootstrap>", line 1324, in _find_and_load_unlocked
ModuleNotFoundError: No module named 'wemisipy'
[UID:2270][2981587] Child process with pid: 2981671 was killed by signal: 15, core dumped: no
Traceback (most recent call last):
  File "/home/wemisico/wemisipy/passenger_wsgi.py", line 15, in <module>
    application = get_wsgi_application()
  File "/home/wemisico/virtualenv/wemisipy/3.13/lib/python3.13/site-packages/django/core/wsgi.py", line 12, in get_wsgi_application
    django.setup(set_prefix=False)
    ~~~~~~~~~~~~^^^^^^^^^^^^^^^^^^
  File "/home/wemisico/virtualenv/wemisipy/3.13/lib/python3.13/site-packages/django/__init__.py", line 19, in setup
    configure_logging(settings.LOGGING_CONFIG, settings.LOGGING)
                      ^^^^^^^^^^^^^^^^^^^^^^^
  File "/home/wemisico/virtualenv/wemisipy/3.13/lib/python3.13/site-packages/django/conf/__init__.py", line 102, in __getattr__
    self._setup(name)
    ~~~~~~~~~~~^^^^^^
  File "/home/wemisico/virtualenv/wemisipy/3.13/lib/python3.13/site-packages/django/conf/__init__.py", line 89, in _setup
    self._wrapped = Settings(settings_module)
                    ~~~~~~~~^^^^^^^^^^^^^^^^^
  File "/home/wemisico/virtualenv/wemisipy/3.13/lib/python3.13/site-packages/django/conf/__init__.py", line 217, in __init__
    mod = importlib.import_module(self.SETTINGS_MODULE)
  File "/opt/alt/python313/lib64/python3.13/importlib/__init__.py", line 88, in import_module
    return _bootstrap._gcd_import(name[level:], package, level)
           ~~~~~~~~~~~~~~~~~~~~~~^^^^^^^^^^^^^^^^^^^^^^^^^^^^^^
  File "<frozen importlib._bootstrap>", line 1387, in _gcd_import
  File "<frozen importlib._bootstrap>", line 1360, in _find_and_load
  File "<frozen importlib._bootstrap>", line 1310, in _find_and_load_unlocked
  File "<frozen importlib._bootstrap>", line 488, in _call_with_frames_removed
  File "<frozen importlib._bootstrap>", line 1387, in _gcd_import
  File "<frozen importlib._bootstrap>", line 1360, in _find_and_load
  File "<frozen importlib._bootstrap>", line 1324, in _find_and_load_unlocked
ModuleNotFoundError: No module named 'wemisipy'
[UID:2270][2981587] Child process with pid: 2982469 was killed by signal: 15, core dumped: no
Traceback (most recent call last):
  File "/home/wemisico/wemisipy/passenger_wsgi.py", line 15, in <module>
    application = get_wsgi_application()
  File "/home/wemisico/virtualenv/wemisipy/3.13/lib/python3.13/site-packages/django/core/wsgi.py", line 12, in get_wsgi_application
    django.setup(set_prefix=False)
    ~~~~~~~~~~~~^^^^^^^^^^^^^^^^^^
  File "/home/wemisico/virtualenv/wemisipy/3.13/lib/python3.13/site-packages/django/__init__.py", line 19, in setup
    configure_logging(settings.LOGGING_CONFIG, settings.LOGGING)
                      ^^^^^^^^^^^^^^^^^^^^^^^
  File "/home/wemisico/virtualenv/wemisipy/3.13/lib/python3.13/site-packages/django/conf/__init__.py", line 102, in __getattr__
    self._setup(name)
    ~~~~~~~~~~~^^^^^^
  File "/home/wemisico/virtualenv/wemisipy/3.13/lib/python3.13/site-packages/django/conf/__init__.py", line 89, in _setup
    self._wrapped = Settings(settings_module)
                    ~~~~~~~~^^^^^^^^^^^^^^^^^
  File "/home/wemisico/virtualenv/wemisipy/3.13/lib/python3.13/site-packages/django/conf/__init__.py", line 217, in __init__
    mod = importlib.import_module(self.SETTINGS_MODULE)
  File "/opt/alt/python313/lib64/python3.13/importlib/__init__.py", line 88, in import_module
    return _bootstrap._gcd_import(name[level:], package, level)
           ~~~~~~~~~~~~~~~~~~~~~~^^^^^^^^^^^^^^^^^^^^^^^^^^^^^^
  File "<frozen importlib._bootstrap>", line 1387, in _gcd_import
  File "<frozen importlib._bootstrap>", line 1360, in _find_and_load
  File "<frozen importlib._bootstrap>", line 1310, in _find_and_load_unlocked
  File "<frozen importlib._bootstrap>", line 488, in _call_with_frames_removed
  File "<frozen importlib._bootstrap>", line 1387, in _gcd_import
  File "<frozen importlib._bootstrap>", line 1360, in _find_and_load
  File "<frozen importlib._bootstrap>", line 1324, in _find_and_load_unlocked
ModuleNotFoundError: No module named 'wemisipy'
[UID:2270][2981587] Child process with pid: 2982527 was killed by signal: 15, core dumped: no
Traceback (most recent call last):
  File "/home/wemisico/wemisipy/passenger_wsgi.py", line 15, in <module>
    application = get_wsgi_application()
  File "/home/wemisico/virtualenv/wemisipy/3.13/lib/python3.13/site-packages/django/core/wsgi.py", line 12, in get_wsgi_application
    django.setup(set_prefix=False)
    ~~~~~~~~~~~~^^^^^^^^^^^^^^^^^^
  File "/home/wemisico/virtualenv/wemisipy/3.13/lib/python3.13/site-packages/django/__init__.py", line 19, in setup
    configure_logging(settings.LOGGING_CONFIG, settings.LOGGING)
                      ^^^^^^^^^^^^^^^^^^^^^^^
  File "/home/wemisico/virtualenv/wemisipy/3.13/lib/python3.13/site-packages/django/conf/__init__.py", line 102, in __getattr__
    self._setup(name)
    ~~~~~~~~~~~^^^^^^
  File "/home/wemisico/virtualenv/wemisipy/3.13/lib/python3.13/site-packages/django/conf/__init__.py", line 89, in _setup
    self._wrapped = Settings(settings_module)
                    ~~~~~~~~^^^^^^^^^^^^^^^^^
  File "/home/wemisico/virtualenv/wemisipy/3.13/lib/python3.13/site-packages/django/conf/__init__.py", line 217, in __init__
    mod = importlib.import_module(self.SETTINGS_MODULE)
  File "/opt/alt/python313/lib64/python3.13/importlib/__init__.py", line 88, in import_module
    return _bootstrap._gcd_import(name[level:], package, level)
           ~~~~~~~~~~~~~~~~~~~~~~^^^^^^^^^^^^^^^^^^^^^^^^^^^^^^
  File "<frozen importlib._bootstrap>", line 1387, in _gcd_import
  File "<frozen importlib._bootstrap>", line 1360, in _find_and_load
  File "<frozen importlib._bootstrap>", line 1310, in _find_and_load_unlocked
  File "<frozen importlib._bootstrap>", line 488, in _call_with_frames_removed
  File "<frozen importlib._bootstrap>", line 1387, in _gcd_import
  File "<frozen importlib._bootstrap>", line 1360, in _find_and_load
  File "<frozen importlib._bootstrap>", line 1324, in _find_and_load_unlocked
ModuleNotFoundError: No module named 'wemisipy'
[UID:2270][2981587] Child process with pid: 2982710 was killed by signal: 15, core dumped: no
Traceback (most recent call last):
  File "/home/wemisico/wemisipy/passenger_wsgi.py", line 15, in <module>
    application = get_wsgi_application()
  File "/home/wemisico/virtualenv/wemisipy/3.13/lib/python3.13/site-packages/django/core/wsgi.py", line 12, in get_wsgi_application
    django.setup(set_prefix=False)
    ~~~~~~~~~~~~^^^^^^^^^^^^^^^^^^
  File "/home/wemisico/virtualenv/wemisipy/3.13/lib/python3.13/site-packages/django/__init__.py", line 19, in setup
    configure_logging(settings.LOGGING_CONFIG, settings.LOGGING)
                      ^^^^^^^^^^^^^^^^^^^^^^^
  File "/home/wemisico/virtualenv/wemisipy/3.13/lib/python3.13/site-packages/django/conf/__init__.py", line 102, in __getattr__
    self._setup(name)
    ~~~~~~~~~~~^^^^^^
  File "/home/wemisico/virtualenv/wemisipy/3.13/lib/python3.13/site-packages/django/conf/__init__.py", line 89, in _setup
    self._wrapped = Settings(settings_module)
                    ~~~~~~~~^^^^^^^^^^^^^^^^^
  File "/home/wemisico/virtualenv/wemisipy/3.13/lib/python3.13/site-packages/django/conf/__init__.py", line 217, in __init__
    mod = importlib.import_module(self.SETTINGS_MODULE)
  File "/opt/alt/python313/lib64/python3.13/importlib/__init__.py", line 88, in import_module
    return _bootstrap._gcd_import(name[level:], package, level)
           ~~~~~~~~~~~~~~~~~~~~~~^^^^^^^^^^^^^^^^^^^^^^^^^^^^^^
  File "<frozen importlib._bootstrap>", line 1387, in _gcd_import
  File "<frozen importlib._bootstrap>", line 1360, in _find_and_load
  File "<frozen importlib._bootstrap>", line 1310, in _find_and_load_unlocked
  File "<frozen importlib._bootstrap>", line 488, in _call_with_frames_removed
  File "<frozen importlib._bootstrap>", line 1387, in _gcd_import
  File "<frozen importlib._bootstrap>", line 1360, in _find_and_load
  File "<frozen importlib._bootstrap>", line 1324, in _find_and_load_unlocked
ModuleNotFoundError: No module named 'wemisipy'
[UID:2270][2981587] Child process with pid: 2982732 was killed by signal: 15, core dumped: no
Traceback (most recent call last):
  File "/home/wemisico/wemisipy/passenger_wsgi.py", line 15, in <module>
    application = get_wsgi_application()
  File "/home/wemisico/virtualenv/wemisipy/3.13/lib/python3.13/site-packages/django/core/wsgi.py", line 12, in get_wsgi_application
    django.setup(set_prefix=False)
    ~~~~~~~~~~~~^^^^^^^^^^^^^^^^^^
  File "/home/wemisico/virtualenv/wemisipy/3.13/lib/python3.13/site-packages/django/__init__.py", line 19, in setup
    configure_logging(settings.LOGGING_CONFIG, settings.LOGGING)
                      ^^^^^^^^^^^^^^^^^^^^^^^
  File "/home/wemisico/virtualenv/wemisipy/3.13/lib/python3.13/site-packages/django/conf/__init__.py", line 102, in __getattr__
    self._setup(name)
    ~~~~~~~~~~~^^^^^^
  File "/home/wemisico/virtualenv/wemisipy/3.13/lib/python3.13/site-packages/django/conf/__init__.py", line 89, in _setup
    self._wrapped = Settings(settings_module)
                    ~~~~~~~~^^^^^^^^^^^^^^^^^
  File "/home/wemisico/virtualenv/wemisipy/3.13/lib/python3.13/site-packages/django/conf/__init__.py", line 217, in __init__
    mod = importlib.import_module(self.SETTINGS_MODULE)
  File "/opt/alt/python313/lib64/python3.13/importlib/__init__.py", line 88, in import_module
    return _bootstrap._gcd_import(name[level:], package, level)
           ~~~~~~~~~~~~~~~~~~~~~~^^^^^^^^^^^^^^^^^^^^^^^^^^^^^^
  File "<frozen importlib._bootstrap>", line 1387, in _gcd_import
  File "<frozen importlib._bootstrap>", line 1360, in _find_and_load
  File "<frozen importlib._bootstrap>", line 1310, in _find_and_load_unlocked
  File "<frozen importlib._bootstrap>", line 488, in _call_with_frames_removed
  File "<frozen importlib._bootstrap>", line 1387, in _gcd_import
  File "<frozen importlib._bootstrap>", line 1360, in _find_and_load
  File "<frozen importlib._bootstrap>", line 1324, in _find_and_load_unlocked
ModuleNotFoundError: No module named 'wemisipy'
[UID:2270][2981587] Child process with pid: 2982799 was killed by signal: 15, core dumped: no
Traceback (most recent call last):
Traceback (most recent call last):
  File "/home/wemisico/wemisipy/passenger_wsgi.py", line 15, in <module>
    application = get_wsgi_application()
  File "/home/wemisico/virtualenv/wemisipy/3.13/lib/python3.13/site-packages/django/core/wsgi.py", line 12, in get_wsgi_application
    django.setup(set_prefix=False)
    ~~~~~~~~~~~~^^^^^^^^^^^^^^^^^^
  File "/home/wemisico/virtualenv/wemisipy/3.13/lib/python3.13/site-packages/django/__init__.py", line 19, in setup
    configure_logging(settings.LOGGING_CONFIG, settings.LOGGING)
                      ^^^^^^^^^^^^^^^^^^^^^^^
  File "/home/wemisico/virtualenv/wemisipy/3.13/lib/python3.13/site-packages/django/conf/__init__.py", line 102, in __getattr__
    self._setup(name)
    ~~~~~~~~~~~^^^^^^
  File "/home/wemisico/virtualenv/wemisipy/3.13/lib/python3.13/site-packages/django/conf/__init__.py", line 89, in _setup
    self._wrapped = Settings(settings_module)
                    ~~~~~~~~^^^^^^^^^^^^^^^^^
  File "/home/wemisico/virtualenv/wemisipy/3.13/lib/python3.13/site-packages/django/conf/__init__.py", line 217, in __init__
    mod = importlib.import_module(self.SETTINGS_MODULE)
  File "/opt/alt/python313/lib64/python3.13/importlib/__init__.py", line 88, in import_module
    return _bootstrap._gcd_import(name[level:], package, level)
           ~~~~~~~~~~~~~~~~~~~~~~^^^^^^^^^^^^^^^^^^^^^^^^^^^^^^
  File "<frozen importlib._bootstrap>", line 1387, in _gcd_import
  File "<frozen importlib._bootstrap>", line 1360, in _find_and_load
  File "<frozen importlib._bootstrap>", line 1310, in _find_and_load_unlocked
  File "<frozen importlib._bootstrap>", line 488, in _call_with_frames_removed
  File "<frozen importlib._bootstrap>", line 1387, in _gcd_import
  File "<frozen importlib._bootstrap>", line 1360, in _find_and_load
  File "<frozen importlib._bootstrap>", line 1324, in _find_and_load_unlocked
ModuleNotFoundError: No module named 'wemisipy'
  File "/home/wemisico/wemisipy/passenger_wsgi.py", line 15, in <module>
    application = get_wsgi_application()
  File "/home/wemisico/virtualenv/wemisipy/3.13/lib/python3.13/site-packages/django/core/wsgi.py", line 12, in get_wsgi_application
    django.setup(set_prefix=False)
    ~~~~~~~~~~~~^^^^^^^^^^^^^^^^^^
  File "/home/wemisico/virtualenv/wemisipy/3.13/lib/python3.13/site-packages/django/__init__.py", line 19, in setup
    configure_logging(settings.LOGGING_CONFIG, settings.LOGGING)
                      ^^^^^^^^^^^^^^^^^^^^^^^
  File "/home/wemisico/virtualenv/wemisipy/3.13/lib/python3.13/site-packages/django/conf/__init__.py", line 102, in __getattr__
    self._setup(name)
    ~~~~~~~~~~~^^^^^^
  File "/home/wemisico/virtualenv/wemisipy/3.13/lib/python3.13/site-packages/django/conf/__init__.py", line 89, in _setup
    self._wrapped = Settings(settings_module)
                    ~~~~~~~~^^^^^^^^^^^^^^^^^
  File "/home/wemisico/virtualenv/wemisipy/3.13/lib/python3.13/site-packages/django/conf/__init__.py", line 217, in __init__
    mod = importlib.import_module(self.SETTINGS_MODULE)
  File "/opt/alt/python313/lib64/python3.13/importlib/__init__.py", line 88, in import_module
    return _bootstrap._gcd_import(name[level:], package, level)
           ~~~~~~~~~~~~~~~~~~~~~~^^^^^^^^^^^^^^^^^^^^^^^^^^^^^^
  File "<frozen importlib._bootstrap>", line 1387, in _gcd_import
  File "<frozen importlib._bootstrap>", line 1360, in _find_and_load
  File "<frozen importlib._bootstrap>", line 1310, in _find_and_load_unlocked
  File "<frozen importlib._bootstrap>", line 488, in _call_with_frames_removed
  File "<frozen importlib._bootstrap>", line 1387, in _gcd_import
  File "<frozen importlib._bootstrap>", line 1360, in _find_and_load
  File "<frozen importlib._bootstrap>", line 1324, in _find_and_load_unlocked
ModuleNotFoundError: No module named 'wemisipy'
[UID:2270][2981587] Child process with pid: 2982843 was killed by signal: 15, core dumped: no
[UID:2270][2981587] Child process with pid: 2982844 was killed by signal: 15, core dumped: no
Traceback (most recent call last):
  File "/home/wemisico/wemisipy/passenger_wsgi.py", line 15, in <module>
    application = get_wsgi_application()
  File "/home/wemisico/virtualenv/wemisipy/3.13/lib/python3.13/site-packages/django/core/wsgi.py", line 12, in get_wsgi_application
    django.setup(set_prefix=False)
    ~~~~~~~~~~~~^^^^^^^^^^^^^^^^^^
  File "/home/wemisico/virtualenv/wemisipy/3.13/lib/python3.13/site-packages/django/__init__.py", line 19, in setup
    configure_logging(settings.LOGGING_CONFIG, settings.LOGGING)
                      ^^^^^^^^^^^^^^^^^^^^^^^
  File "/home/wemisico/virtualenv/wemisipy/3.13/lib/python3.13/site-packages/django/conf/__init__.py", line 102, in __getattr__
    self._setup(name)
    ~~~~~~~~~~~^^^^^^
  File "/home/wemisico/virtualenv/wemisipy/3.13/lib/python3.13/site-packages/django/conf/__init__.py", line 89, in _setup
    self._wrapped = Settings(settings_module)
                    ~~~~~~~~^^^^^^^^^^^^^^^^^
  File "/home/wemisico/virtualenv/wemisipy/3.13/lib/python3.13/site-packages/django/conf/__init__.py", line 217, in __init__
    mod = importlib.import_module(self.SETTINGS_MODULE)
  File "/opt/alt/python313/lib64/python3.13/importlib/__init__.py", line 88, in import_module
    return _bootstrap._gcd_import(name[level:], package, level)
           ~~~~~~~~~~~~~~~~~~~~~~^^^^^^^^^^^^^^^^^^^^^^^^^^^^^^
  File "<frozen importlib._bootstrap>", line 1387, in _gcd_import
  File "<frozen importlib._bootstrap>", line 1360, in _find_and_load
  File "<frozen importlib._bootstrap>", line 1310, in _find_and_load_unlocked
  File "<frozen importlib._bootstrap>", line 488, in _call_with_frames_removed
  File "<frozen importlib._bootstrap>", line 1387, in _gcd_import
  File "<frozen importlib._bootstrap>", line 1360, in _find_and_load
  File "<frozen importlib._bootstrap>", line 1324, in _find_and_load_unlocked
ModuleNotFoundError: No module named 'wemisipy'
[UID:2270][2981587] Child process with pid: 2982877 was killed by signal: 15, core dumped: no
Traceback (most recent call last):
  File "/home/wemisico/wemisipy/passenger_wsgi.py", line 15, in <module>
    application = get_wsgi_application()
  File "/home/wemisico/virtualenv/wemisipy/3.13/lib/python3.13/site-packages/django/core/wsgi.py", line 12, in get_wsgi_application
    django.setup(set_prefix=False)
    ~~~~~~~~~~~~^^^^^^^^^^^^^^^^^^
  File "/home/wemisico/virtualenv/wemisipy/3.13/lib/python3.13/site-packages/django/__init__.py", line 19, in setup
    configure_logging(settings.LOGGING_CONFIG, settings.LOGGING)
                      ^^^^^^^^^^^^^^^^^^^^^^^
  File "/home/wemisico/virtualenv/wemisipy/3.13/lib/python3.13/site-packages/django/conf/__init__.py", line 102, in __getattr__
    self._setup(name)
    ~~~~~~~~~~~^^^^^^
  File "/home/wemisico/virtualenv/wemisipy/3.13/lib/python3.13/site-packages/django/conf/__init__.py", line 89, in _setup
    self._wrapped = Settings(settings_module)
                    ~~~~~~~~^^^^^^^^^^^^^^^^^
  File "/home/wemisico/virtualenv/wemisipy/3.13/lib/python3.13/site-packages/django/conf/__init__.py", line 217, in __init__
    mod = importlib.import_module(self.SETTINGS_MODULE)
  File "/opt/alt/python313/lib64/python3.13/importlib/__init__.py", line 88, in import_module
    return _bootstrap._gcd_import(name[level:], package, level)
           ~~~~~~~~~~~~~~~~~~~~~~^^^^^^^^^^^^^^^^^^^^^^^^^^^^^^
  File "<frozen importlib._bootstrap>", line 1387, in _gcd_import
  File "<frozen importlib._bootstrap>", line 1360, in _find_and_load
  File "<frozen importlib._bootstrap>", line 1310, in _find_and_load_unlocked
  File "<frozen importlib._bootstrap>", line 488, in _call_with_frames_removed
  File "<frozen importlib._bootstrap>", line 1387, in _gcd_import
  File "<frozen importlib._bootstrap>", line 1360, in _find_and_load
  File "<frozen importlib._bootstrap>", line 1324, in _find_and_load_unlocked
ModuleNotFoundError: No module named 'wemisipy'
[UID:2270][2981587] Child process with pid: 2982879 was killed by signal: 15, core dumped: no
Traceback (most recent call last):
  File "/home/wemisico/wemisipy/passenger_wsgi.py", line 15, in <module>
    application = get_wsgi_application()
  File "/home/wemisico/virtualenv/wemisipy/3.13/lib/python3.13/site-packages/django/core/wsgi.py", line 12, in get_wsgi_application
    django.setup(set_prefix=False)
    ~~~~~~~~~~~~^^^^^^^^^^^^^^^^^^
  File "/home/wemisico/virtualenv/wemisipy/3.13/lib/python3.13/site-packages/django/__init__.py", line 19, in setup
    configure_logging(settings.LOGGING_CONFIG, settings.LOGGING)
                      ^^^^^^^^^^^^^^^^^^^^^^^
  File "/home/wemisico/virtualenv/wemisipy/3.13/lib/python3.13/site-packages/django/conf/__init__.py", line 102, in __getattr__
    self._setup(name)
    ~~~~~~~~~~~^^^^^^
  File "/home/wemisico/virtualenv/wemisipy/3.13/lib/python3.13/site-packages/django/conf/__init__.py", line 89, in _setup
    self._wrapped = Settings(settings_module)
                    ~~~~~~~~^^^^^^^^^^^^^^^^^
  File "/home/wemisico/virtualenv/wemisipy/3.13/lib/python3.13/site-packages/django/conf/__init__.py", line 217, in __init__
    mod = importlib.import_module(self.SETTINGS_MODULE)
  File "/opt/alt/python313/lib64/python3.13/importlib/__init__.py", line 88, in import_module
    return _bootstrap._gcd_import(name[level:], package, level)
           ~~~~~~~~~~~~~~~~~~~~~~^^^^^^^^^^^^^^^^^^^^^^^^^^^^^^
  File "<frozen importlib._bootstrap>", line 1387, in _gcd_import
  File "<frozen importlib._bootstrap>", line 1360, in _find_and_load
  File "<frozen importlib._bootstrap>", line 1310, in _find_and_load_unlocked
  File "<frozen importlib._bootstrap>", line 488, in _call_with_frames_removed
  File "<frozen importlib._bootstrap>", line 1387, in _gcd_import
  File "<frozen importlib._bootstrap>", line 1360, in _find_and_load
  File "<frozen importlib._bootstrap>", line 1324, in _find_and_load_unlocked
ModuleNotFoundError: No module named 'wemisipy'
[UID:2270][2981587] Child process with pid: 2982923 was killed by signal: 15, core dumped: no
Traceback (most recent call last):
  File "/home/wemisico/wemisipy/passenger_wsgi.py", line 15, in <module>
    application = get_wsgi_application()
  File "/home/wemisico/virtualenv/wemisipy/3.13/lib/python3.13/site-packages/django/core/wsgi.py", line 12, in get_wsgi_application
    django.setup(set_prefix=False)
    ~~~~~~~~~~~~^^^^^^^^^^^^^^^^^^
  File "/home/wemisico/virtualenv/wemisipy/3.13/lib/python3.13/site-packages/django/__init__.py", line 19, in setup
    configure_logging(settings.LOGGING_CONFIG, settings.LOGGING)
                      ^^^^^^^^^^^^^^^^^^^^^^^
  File "/home/wemisico/virtualenv/wemisipy/3.13/lib/python3.13/site-packages/django/conf/__init__.py", line 102, in __getattr__
    self._setup(name)
    ~~~~~~~~~~~^^^^^^
  File "/home/wemisico/virtualenv/wemisipy/3.13/lib/python3.13/site-packages/django/conf/__init__.py", line 89, in _setup
    self._wrapped = Settings(settings_module)
                    ~~~~~~~~^^^^^^^^^^^^^^^^^
  File "/home/wemisico/virtualenv/wemisipy/3.13/lib/python3.13/site-packages/django/conf/__init__.py", line 217, in __init__
    mod = importlib.import_module(self.SETTINGS_MODULE)
  File "/opt/alt/python313/lib64/python3.13/importlib/__init__.py", line 88, in import_module
    return _bootstrap._gcd_import(name[level:], package, level)
           ~~~~~~~~~~~~~~~~~~~~~~^^^^^^^^^^^^^^^^^^^^^^^^^^^^^^
  File "<frozen importlib._bootstrap>", line 1387, in _gcd_import
  File "<frozen importlib._bootstrap>", line 1360, in _find_and_load
  File "<frozen importlib._bootstrap>", line 1310, in _find_and_load_unlocked
  File "<frozen importlib._bootstrap>", line 488, in _call_with_frames_removed
  File "<frozen importlib._bootstrap>", line 1387, in _gcd_import
  File "<frozen importlib._bootstrap>", line 1360, in _find_and_load
  File "<frozen importlib._bootstrap>", line 1324, in _find_and_load_unlocked
ModuleNotFoundError: No module named 'wemisipy'
[UID:2270][2981587] Child process with pid: 2982939 was killed by signal: 15, core dumped: no
Traceback (most recent call last):
  File "/home/wemisico/wemisipy/passenger_wsgi.py", line 15, in <module>
    application = get_wsgi_application()
  File "/home/wemisico/virtualenv/wemisipy/3.13/lib/python3.13/site-packages/django/core/wsgi.py", line 12, in get_wsgi_application
    django.setup(set_prefix=False)
    ~~~~~~~~~~~~^^^^^^^^^^^^^^^^^^
  File "/home/wemisico/virtualenv/wemisipy/3.13/lib/python3.13/site-packages/django/__init__.py", line 19, in setup
    configure_logging(settings.LOGGING_CONFIG, settings.LOGGING)
                      ^^^^^^^^^^^^^^^^^^^^^^^
  File "/home/wemisico/virtualenv/wemisipy/3.13/lib/python3.13/site-packages/django/conf/__init__.py", line 102, in __getattr__
    self._setup(name)
    ~~~~~~~~~~~^^^^^^
  File "/home/wemisico/virtualenv/wemisipy/3.13/lib/python3.13/site-packages/django/conf/__init__.py", line 89, in _setup
    self._wrapped = Settings(settings_module)
                    ~~~~~~~~^^^^^^^^^^^^^^^^^
  File "/home/wemisico/virtualenv/wemisipy/3.13/lib/python3.13/site-packages/django/conf/__init__.py", line 217, in __init__
    mod = importlib.import_module(self.SETTINGS_MODULE)
  File "/opt/alt/python313/lib64/python3.13/importlib/__init__.py", line 88, in import_module
    return _bootstrap._gcd_import(name[level:], package, level)
           ~~~~~~~~~~~~~~~~~~~~~~^^^^^^^^^^^^^^^^^^^^^^^^^^^^^^
  File "<frozen importlib._bootstrap>", line 1387, in _gcd_import
  File "<frozen importlib._bootstrap>", line 1360, in _find_and_load
  File "<frozen importlib._bootstrap>", line 1310, in _find_and_load_unlocked
  File "<frozen importlib._bootstrap>", line 488, in _call_with_frames_removed
  File "<frozen importlib._bootstrap>", line 1387, in _gcd_import
  File "<frozen importlib._bootstrap>", line 1360, in _find_and_load
  File "<frozen importlib._bootstrap>", line 1324, in _find_and_load_unlocked
ModuleNotFoundError: No module named 'wemisipy'
[UID:2270][2981587] Child process with pid: 2982968 was killed by signal: 15, core dumped: no
Traceback (most recent call last):
  File "/home/wemisico/wemisipy/passenger_wsgi.py", line 15, in <module>
    application = get_wsgi_application()
  File "/home/wemisico/virtualenv/wemisipy/3.13/lib/python3.13/site-packages/django/core/wsgi.py", line 12, in get_wsgi_application
    django.setup(set_prefix=False)
    ~~~~~~~~~~~~^^^^^^^^^^^^^^^^^^
  File "/home/wemisico/virtualenv/wemisipy/3.13/lib/python3.13/site-packages/django/__init__.py", line 19, in setup
    configure_logging(settings.LOGGING_CONFIG, settings.LOGGING)
                      ^^^^^^^^^^^^^^^^^^^^^^^
  File "/home/wemisico/virtualenv/wemisipy/3.13/lib/python3.13/site-packages/django/conf/__init__.py", line 102, in __getattr__
    self._setup(name)
    ~~~~~~~~~~~^^^^^^
  File "/home/wemisico/virtualenv/wemisipy/3.13/lib/python3.13/site-packages/django/conf/__init__.py", line 89, in _setup
    self._wrapped = Settings(settings_module)
                    ~~~~~~~~^^^^^^^^^^^^^^^^^
  File "/home/wemisico/virtualenv/wemisipy/3.13/lib/python3.13/site-packages/django/conf/__init__.py", line 217, in __init__
    mod = importlib.import_module(self.SETTINGS_MODULE)
  File "/opt/alt/python313/lib64/python3.13/importlib/__init__.py", line 88, in import_module
    return _bootstrap._gcd_import(name[level:], package, level)
           ~~~~~~~~~~~~~~~~~~~~~~^^^^^^^^^^^^^^^^^^^^^^^^^^^^^^
  File "<frozen importlib._bootstrap>", line 1387, in _gcd_import
  File "<frozen importlib._bootstrap>", line 1360, in _find_and_load
  File "<frozen importlib._bootstrap>", line 1310, in _find_and_load_unlocked
  File "<frozen importlib._bootstrap>", line 488, in _call_with_frames_removed
  File "<frozen importlib._bootstrap>", line 1387, in _gcd_import
  File "<frozen importlib._bootstrap>", line 1360, in _find_and_load
  File "<frozen importlib._bootstrap>", line 1324, in _find_and_load_unlocked
ModuleNotFoundError: No module named 'wemisipy'
[UID:2270][2981587] Child process with pid: 2982988 was killed by signal: 15, core dumped: no
Traceback (most recent call last):
  File "/home/wemisico/wemisipy/passenger_wsgi.py", line 15, in <module>
    application = get_wsgi_application()
  File "/home/wemisico/virtualenv/wemisipy/3.13/lib/python3.13/site-packages/django/core/wsgi.py", line 12, in get_wsgi_application
    django.setup(set_prefix=False)
    ~~~~~~~~~~~~^^^^^^^^^^^^^^^^^^
  File "/home/wemisico/virtualenv/wemisipy/3.13/lib/python3.13/site-packages/django/__init__.py", line 19, in setup
    configure_logging(settings.LOGGING_CONFIG, settings.LOGGING)
                      ^^^^^^^^^^^^^^^^^^^^^^^
  File "/home/wemisico/virtualenv/wemisipy/3.13/lib/python3.13/site-packages/django/conf/__init__.py", line 102, in __getattr__
    self._setup(name)
    ~~~~~~~~~~~^^^^^^
  File "/home/wemisico/virtualenv/wemisipy/3.13/lib/python3.13/site-packages/django/conf/__init__.py", line 89, in _setup
    self._wrapped = Settings(settings_module)
                    ~~~~~~~~^^^^^^^^^^^^^^^^^
  File "/home/wemisico/virtualenv/wemisipy/3.13/lib/python3.13/site-packages/django/conf/__init__.py", line 217, in __init__
    mod = importlib.import_module(self.SETTINGS_MODULE)
  File "/opt/alt/python313/lib64/python3.13/importlib/__init__.py", line 88, in import_module
    return _bootstrap._gcd_import(name[level:], package, level)
           ~~~~~~~~~~~~~~~~~~~~~~^^^^^^^^^^^^^^^^^^^^^^^^^^^^^^
  File "<frozen importlib._bootstrap>", line 1387, in _gcd_import
  File "<frozen importlib._bootstrap>", line 1360, in _find_and_load
  File "<frozen importlib._bootstrap>", line 1310, in _find_and_load_unlocked
  File "<frozen importlib._bootstrap>", line 488, in _call_with_frames_removed
  File "<frozen importlib._bootstrap>", line 1387, in _gcd_import
  File "<frozen importlib._bootstrap>", line 1360, in _find_and_load
  File "<frozen importlib._bootstrap>", line 1324, in _find_and_load_unlocked
ModuleNotFoundError: No module named 'wemisipy'
[UID:2270][2981587] Child process with pid: 2983011 was killed by signal: 15, core dumped: no
Traceback (most recent call last):
  File "/home/wemisico/wemisipy/passenger_wsgi.py", line 15, in <module>
    application = get_wsgi_application()
  File "/home/wemisico/virtualenv/wemisipy/3.13/lib/python3.13/site-packages/django/core/wsgi.py", line 12, in get_wsgi_application
    django.setup(set_prefix=False)
    ~~~~~~~~~~~~^^^^^^^^^^^^^^^^^^
  File "/home/wemisico/virtualenv/wemisipy/3.13/lib/python3.13/site-packages/django/__init__.py", line 19, in setup
    configure_logging(settings.LOGGING_CONFIG, settings.LOGGING)
                      ^^^^^^^^^^^^^^^^^^^^^^^
  File "/home/wemisico/virtualenv/wemisipy/3.13/lib/python3.13/site-packages/django/conf/__init__.py", line 102, in __getattr__
    self._setup(name)
    ~~~~~~~~~~~^^^^^^
  File "/home/wemisico/virtualenv/wemisipy/3.13/lib/python3.13/site-packages/django/conf/__init__.py", line 89, in _setup
    self._wrapped = Settings(settings_module)
                    ~~~~~~~~^^^^^^^^^^^^^^^^^
  File "/home/wemisico/virtualenv/wemisipy/3.13/lib/python3.13/site-packages/django/conf/__init__.py", line 217, in __init__
    mod = importlib.import_module(self.SETTINGS_MODULE)
  File "/opt/alt/python313/lib64/python3.13/importlib/__init__.py", line 88, in import_module
    return _bootstrap._gcd_import(name[level:], package, level)
           ~~~~~~~~~~~~~~~~~~~~~~^^^^^^^^^^^^^^^^^^^^^^^^^^^^^^
  File "<frozen importlib._bootstrap>", line 1387, in _gcd_import
  File "<frozen importlib._bootstrap>", line 1360, in _find_and_load
  File "<frozen importlib._bootstrap>", line 1310, in _find_and_load_unlocked
  File "<frozen importlib._bootstrap>", line 488, in _call_with_frames_removed
  File "<frozen importlib._bootstrap>", line 1387, in _gcd_import
  File "<frozen importlib._bootstrap>", line 1360, in _find_and_load
  File "<frozen importlib._bootstrap>", line 1324, in _find_and_load_unlocked
ModuleNotFoundError: No module named 'wemisipy'
[UID:2270][2981587] Child process with pid: 2983025 was killed by signal: 15, core dumped: no
Traceback (most recent call last):
  File "/home/wemisico/wemisipy/passenger_wsgi.py", line 15, in <module>
    application = get_wsgi_application()
  File "/home/wemisico/virtualenv/wemisipy/3.13/lib/python3.13/site-packages/django/core/wsgi.py", line 12, in get_wsgi_application
    django.setup(set_prefix=False)
    ~~~~~~~~~~~~^^^^^^^^^^^^^^^^^^
  File "/home/wemisico/virtualenv/wemisipy/3.13/lib/python3.13/site-packages/django/__init__.py", line 19, in setup
    configure_logging(settings.LOGGING_CONFIG, settings.LOGGING)
                      ^^^^^^^^^^^^^^^^^^^^^^^
  File "/home/wemisico/virtualenv/wemisipy/3.13/lib/python3.13/site-packages/django/conf/__init__.py", line 102, in __getattr__
    self._setup(name)
    ~~~~~~~~~~~^^^^^^
  File "/home/wemisico/virtualenv/wemisipy/3.13/lib/python3.13/site-packages/django/conf/__init__.py", line 89, in _setup
    self._wrapped = Settings(settings_module)
                    ~~~~~~~~^^^^^^^^^^^^^^^^^
  File "/home/wemisico/virtualenv/wemisipy/3.13/lib/python3.13/site-packages/django/conf/__init__.py", line 217, in __init__
    mod = importlib.import_module(self.SETTINGS_MODULE)
  File "/opt/alt/python313/lib64/python3.13/importlib/__init__.py", line 88, in import_module
    return _bootstrap._gcd_import(name[level:], package, level)
           ~~~~~~~~~~~~~~~~~~~~~~^^^^^^^^^^^^^^^^^^^^^^^^^^^^^^
  File "<frozen importlib._bootstrap>", line 1387, in _gcd_import
  File "<frozen importlib._bootstrap>", line 1360, in _find_and_load
  File "<frozen importlib._bootstrap>", line 1310, in _find_and_load_unlocked
  File "<frozen importlib._bootstrap>", line 488, in _call_with_frames_removed
  File "<frozen importlib._bootstrap>", line 1387, in _gcd_import
  File "<frozen importlib._bootstrap>", line 1360, in _find_and_load
  File "<frozen importlib._bootstrap>", line 1324, in _find_and_load_unlocked
ModuleNotFoundError: No module named 'wemisipy'
[UID:2270][2981587] Child process with pid: 2983062 was killed by signal: 15, core dumped: no
Traceback (most recent call last):
  File "/home/wemisico/wemisipy/passenger_wsgi.py", line 15, in <module>
    application = get_wsgi_application()
  File "/home/wemisico/virtualenv/wemisipy/3.13/lib/python3.13/site-packages/django/core/wsgi.py", line 12, in get_wsgi_application
    django.setup(set_prefix=False)
    ~~~~~~~~~~~~^^^^^^^^^^^^^^^^^^
  File "/home/wemisico/virtualenv/wemisipy/3.13/lib/python3.13/site-packages/django/__init__.py", line 19, in setup
    configure_logging(settings.LOGGING_CONFIG, settings.LOGGING)
                      ^^^^^^^^^^^^^^^^^^^^^^^
  File "/home/wemisico/virtualenv/wemisipy/3.13/lib/python3.13/site-packages/django/conf/__init__.py", line 102, in __getattr__
    self._setup(name)
    ~~~~~~~~~~~^^^^^^
  File "/home/wemisico/virtualenv/wemisipy/3.13/lib/python3.13/site-packages/django/conf/__init__.py", line 89, in _setup
    self._wrapped = Settings(settings_module)
                    ~~~~~~~~^^^^^^^^^^^^^^^^^
  File "/home/wemisico/virtualenv/wemisipy/3.13/lib/python3.13/site-packages/django/conf/__init__.py", line 217, in __init__
    mod = importlib.import_module(self.SETTINGS_MODULE)
  File "/opt/alt/python313/lib64/python3.13/importlib/__init__.py", line 88, in import_module
    return _bootstrap._gcd_import(name[level:], package, level)
           ~~~~~~~~~~~~~~~~~~~~~~^^^^^^^^^^^^^^^^^^^^^^^^^^^^^^
  File "<frozen importlib._bootstrap>", line 1387, in _gcd_import
  File "<frozen importlib._bootstrap>", line 1360, in _find_and_load
  File "<frozen importlib._bootstrap>", line 1310, in _find_and_load_unlocked
  File "<frozen importlib._bootstrap>", line 488, in _call_with_frames_removed
  File "<frozen importlib._bootstrap>", line 1387, in _gcd_import
  File "<frozen importlib._bootstrap>", line 1360, in _find_and_load
  File "<frozen importlib._bootstrap>", line 1324, in _find_and_load_unlocked
ModuleNotFoundError: No module named 'wemisipy'
[UID:2270][2981587] Child process with pid: 2983065 was killed by signal: 15, core dumped: no
Traceback (most recent call last):
  File "/home/wemisico/wemisipy/passenger_wsgi.py", line 15, in <module>
    application = get_wsgi_application()
  File "/home/wemisico/virtualenv/wemisipy/3.13/lib/python3.13/site-packages/django/core/wsgi.py", line 12, in get_wsgi_application
    django.setup(set_prefix=False)
    ~~~~~~~~~~~~^^^^^^^^^^^^^^^^^^
  File "/home/wemisico/virtualenv/wemisipy/3.13/lib/python3.13/site-packages/django/__init__.py", line 19, in setup
    configure_logging(settings.LOGGING_CONFIG, settings.LOGGING)
                      ^^^^^^^^^^^^^^^^^^^^^^^
  File "/home/wemisico/virtualenv/wemisipy/3.13/lib/python3.13/site-packages/django/conf/__init__.py", line 102, in __getattr__
    self._setup(name)
    ~~~~~~~~~~~^^^^^^
  File "/home/wemisico/virtualenv/wemisipy/3.13/lib/python3.13/site-packages/django/conf/__init__.py", line 89, in _setup
    self._wrapped = Settings(settings_module)
                    ~~~~~~~~^^^^^^^^^^^^^^^^^
  File "/home/wemisico/virtualenv/wemisipy/3.13/lib/python3.13/site-packages/django/conf/__init__.py", line 217, in __init__
    mod = importlib.import_module(self.SETTINGS_MODULE)
  File "/opt/alt/python313/lib64/python3.13/importlib/__init__.py", line 88, in import_module
    return _bootstrap._gcd_import(name[level:], package, level)
           ~~~~~~~~~~~~~~~~~~~~~~^^^^^^^^^^^^^^^^^^^^^^^^^^^^^^
  File "<frozen importlib._bootstrap>", line 1387, in _gcd_import
  File "<frozen importlib._bootstrap>", line 1360, in _find_and_load
  File "<frozen importlib._bootstrap>", line 1310, in _find_and_load_unlocked
  File "<frozen importlib._bootstrap>", line 488, in _call_with_frames_removed
  File "<frozen importlib._bootstrap>", line 1387, in _gcd_import
  File "<frozen importlib._bootstrap>", line 1360, in _find_and_load
  File "<frozen importlib._bootstrap>", line 1324, in _find_and_load_unlocked
ModuleNotFoundError: No module named 'wemisipy'
[UID:2270][2981587] Child process with pid: 2983090 was killed by signal: 15, core dumped: no
Traceback (most recent call last):
  File "/home/wemisico/wemisipy/passenger_wsgi.py", line 15, in <module>
    application = get_wsgi_application()
  File "/home/wemisico/virtualenv/wemisipy/3.13/lib/python3.13/site-packages/django/core/wsgi.py", line 12, in get_wsgi_application
    django.setup(set_prefix=False)
    ~~~~~~~~~~~~^^^^^^^^^^^^^^^^^^
  File "/home/wemisico/virtualenv/wemisipy/3.13/lib/python3.13/site-packages/django/__init__.py", line 19, in setup
    configure_logging(settings.LOGGING_CONFIG, settings.LOGGING)
                      ^^^^^^^^^^^^^^^^^^^^^^^
  File "/home/wemisico/virtualenv/wemisipy/3.13/lib/python3.13/site-packages/django/conf/__init__.py", line 102, in __getattr__
    self._setup(name)
    ~~~~~~~~~~~^^^^^^
  File "/home/wemisico/virtualenv/wemisipy/3.13/lib/python3.13/site-packages/django/conf/__init__.py", line 89, in _setup
    self._wrapped = Settings(settings_module)
                    ~~~~~~~~^^^^^^^^^^^^^^^^^
  File "/home/wemisico/virtualenv/wemisipy/3.13/lib/python3.13/site-packages/django/conf/__init__.py", line 217, in __init__
    mod = importlib.import_module(self.SETTINGS_MODULE)
  File "/opt/alt/python313/lib64/python3.13/importlib/__init__.py", line 88, in import_module
    return _bootstrap._gcd_import(name[level:], package, level)
           ~~~~~~~~~~~~~~~~~~~~~~^^^^^^^^^^^^^^^^^^^^^^^^^^^^^^
  File "<frozen importlib._bootstrap>", line 1387, in _gcd_import
  File "<frozen importlib._bootstrap>", line 1360, in _find_and_load
  File "<frozen importlib._bootstrap>", line 1310, in _find_and_load_unlocked
  File "<frozen importlib._bootstrap>", line 488, in _call_with_frames_removed
  File "<frozen importlib._bootstrap>", line 1387, in _gcd_import
  File "<frozen importlib._bootstrap>", line 1360, in _find_and_load
  File "<frozen importlib._bootstrap>", line 1324, in _find_and_load_unlocked
ModuleNotFoundError: No module named 'wemisipy'
[UID:2270][2981587] Child process with pid: 2983092 was killed by signal: 15, core dumped: no
Traceback (most recent call last):
  File "/home/wemisico/wemisipy/passenger_wsgi.py", line 15, in <module>
    application = get_wsgi_application()
  File "/home/wemisico/virtualenv/wemisipy/3.13/lib/python3.13/site-packages/django/core/wsgi.py", line 12, in get_wsgi_application
    django.setup(set_prefix=False)
    ~~~~~~~~~~~~^^^^^^^^^^^^^^^^^^
  File "/home/wemisico/virtualenv/wemisipy/3.13/lib/python3.13/site-packages/django/__init__.py", line 19, in setup
    configure_logging(settings.LOGGING_CONFIG, settings.LOGGING)
                      ^^^^^^^^^^^^^^^^^^^^^^^
  File "/home/wemisico/virtualenv/wemisipy/3.13/lib/python3.13/site-packages/django/conf/__init__.py", line 102, in __getattr__
    self._setup(name)
    ~~~~~~~~~~~^^^^^^
  File "/home/wemisico/virtualenv/wemisipy/3.13/lib/python3.13/site-packages/django/conf/__init__.py", line 89, in _setup
    self._wrapped = Settings(settings_module)
                    ~~~~~~~~^^^^^^^^^^^^^^^^^
  File "/home/wemisico/virtualenv/wemisipy/3.13/lib/python3.13/site-packages/django/conf/__init__.py", line 217, in __init__
    mod = importlib.import_module(self.SETTINGS_MODULE)
  File "/opt/alt/python313/lib64/python3.13/importlib/__init__.py", line 88, in import_module
    return _bootstrap._gcd_import(name[level:], package, level)
           ~~~~~~~~~~~~~~~~~~~~~~^^^^^^^^^^^^^^^^^^^^^^^^^^^^^^
  File "<frozen importlib._bootstrap>", line 1387, in _gcd_import
  File "<frozen importlib._bootstrap>", line 1360, in _find_and_load
  File "<frozen importlib._bootstrap>", line 1310, in _find_and_load_unlocked
  File "<frozen importlib._bootstrap>", line 488, in _call_with_frames_removed
  File "<frozen importlib._bootstrap>", line 1387, in _gcd_import
  File "<frozen importlib._bootstrap>", line 1360, in _find_and_load
  File "<frozen importlib._bootstrap>", line 1324, in _find_and_load_unlocked
ModuleNotFoundError: No module named 'wemisipy'
[UID:2270][2981587] Child process with pid: 2983235 was killed by signal: 15, core dumped: no
Traceback (most recent call last):
  File "/home/wemisico/wemisipy/passenger_wsgi.py", line 15, in <module>
    application = get_wsgi_application()
  File "/home/wemisico/virtualenv/wemisipy/3.13/lib/python3.13/site-packages/django/core/wsgi.py", line 12, in get_wsgi_application
    django.setup(set_prefix=False)
    ~~~~~~~~~~~~^^^^^^^^^^^^^^^^^^
  File "/home/wemisico/virtualenv/wemisipy/3.13/lib/python3.13/site-packages/django/__init__.py", line 19, in setup
    configure_logging(settings.LOGGING_CONFIG, settings.LOGGING)
                      ^^^^^^^^^^^^^^^^^^^^^^^
  File "/home/wemisico/virtualenv/wemisipy/3.13/lib/python3.13/site-packages/django/conf/__init__.py", line 102, in __getattr__
    self._setup(name)
    ~~~~~~~~~~~^^^^^^
  File "/home/wemisico/virtualenv/wemisipy/3.13/lib/python3.13/site-packages/django/conf/__init__.py", line 89, in _setup
    self._wrapped = Settings(settings_module)
                    ~~~~~~~~^^^^^^^^^^^^^^^^^
  File "/home/wemisico/virtualenv/wemisipy/3.13/lib/python3.13/site-packages/django/conf/__init__.py", line 217, in __init__
    mod = importlib.import_module(self.SETTINGS_MODULE)
  File "/opt/alt/python313/lib64/python3.13/importlib/__init__.py", line 88, in import_module
    return _bootstrap._gcd_import(name[level:], package, level)
           ~~~~~~~~~~~~~~~~~~~~~~^^^^^^^^^^^^^^^^^^^^^^^^^^^^^^
  File "<frozen importlib._bootstrap>", line 1387, in _gcd_import
  File "<frozen importlib._bootstrap>", line 1360, in _find_and_load
  File "<frozen importlib._bootstrap>", line 1310, in _find_and_load_unlocked
  File "<frozen importlib._bootstrap>", line 488, in _call_with_frames_removed
  File "<frozen importlib._bootstrap>", line 1387, in _gcd_import
  File "<frozen importlib._bootstrap>", line 1360, in _find_and_load
  File "<frozen importlib._bootstrap>", line 1324, in _find_and_load_unlocked
ModuleNotFoundError: No module named 'wemisipy'
[UID:2270][2981587] Child process with pid: 2983299 was killed by signal: 15, core dumped: no
Traceback (most recent call last):
  File "/home/wemisico/wemisipy/passenger_wsgi.py", line 15, in <module>
    application = get_wsgi_application()
  File "/home/wemisico/virtualenv/wemisipy/3.13/lib/python3.13/site-packages/django/core/wsgi.py", line 12, in get_wsgi_application
    django.setup(set_prefix=False)
    ~~~~~~~~~~~~^^^^^^^^^^^^^^^^^^
  File "/home/wemisico/virtualenv/wemisipy/3.13/lib/python3.13/site-packages/django/__init__.py", line 19, in setup
    configure_logging(settings.LOGGING_CONFIG, settings.LOGGING)
                      ^^^^^^^^^^^^^^^^^^^^^^^
  File "/home/wemisico/virtualenv/wemisipy/3.13/lib/python3.13/site-packages/django/conf/__init__.py", line 102, in __getattr__
    self._setup(name)
    ~~~~~~~~~~~^^^^^^
  File "/home/wemisico/virtualenv/wemisipy/3.13/lib/python3.13/site-packages/django/conf/__init__.py", line 89, in _setup
    self._wrapped = Settings(settings_module)
                    ~~~~~~~~^^^^^^^^^^^^^^^^^
  File "/home/wemisico/virtualenv/wemisipy/3.13/lib/python3.13/site-packages/django/conf/__init__.py", line 217, in __init__
    mod = importlib.import_module(self.SETTINGS_MODULE)
  File "/opt/alt/python313/lib64/python3.13/importlib/__init__.py", line 88, in import_module
    return _bootstrap._gcd_import(name[level:], package, level)
           ~~~~~~~~~~~~~~~~~~~~~~^^^^^^^^^^^^^^^^^^^^^^^^^^^^^^
  File "<frozen importlib._bootstrap>", line 1387, in _gcd_import
  File "<frozen importlib._bootstrap>", line 1360, in _find_and_load
  File "<frozen importlib._bootstrap>", line 1310, in _find_and_load_unlocked
  File "<frozen importlib._bootstrap>", line 488, in _call_with_frames_removed
  File "<frozen importlib._bootstrap>", line 1387, in _gcd_import
  File "<frozen importlib._bootstrap>", line 1360, in _find_and_load
  File "<frozen importlib._bootstrap>", line 1324, in _find_and_load_unlocked
ModuleNotFoundError: No module named 'wemisipy'
[UID:2270][2981587] Child process with pid: 2983392 was killed by signal: 15, core dumped: no
Traceback (most recent call last):
  File "/home/wemisico/wemisipy/passenger_wsgi.py", line 15, in <module>
    application = get_wsgi_application()
  File "/home/wemisico/virtualenv/wemisipy/3.13/lib/python3.13/site-packages/django/core/wsgi.py", line 12, in get_wsgi_application
    django.setup(set_prefix=False)
    ~~~~~~~~~~~~^^^^^^^^^^^^^^^^^^
  File "/home/wemisico/virtualenv/wemisipy/3.13/lib/python3.13/site-packages/django/__init__.py", line 19, in setup
    configure_logging(settings.LOGGING_CONFIG, settings.LOGGING)
                      ^^^^^^^^^^^^^^^^^^^^^^^
  File "/home/wemisico/virtualenv/wemisipy/3.13/lib/python3.13/site-packages/django/conf/__init__.py", line 102, in __getattr__
    self._setup(name)
    ~~~~~~~~~~~^^^^^^
  File "/home/wemisico/virtualenv/wemisipy/3.13/lib/python3.13/site-packages/django/conf/__init__.py", line 89, in _setup
    self._wrapped = Settings(settings_module)
                    ~~~~~~~~^^^^^^^^^^^^^^^^^
  File "/home/wemisico/virtualenv/wemisipy/3.13/lib/python3.13/site-packages/django/conf/__init__.py", line 217, in __init__
    mod = importlib.import_module(self.SETTINGS_MODULE)
  File "/opt/alt/python313/lib64/python3.13/importlib/__init__.py", line 88, in import_module
    return _bootstrap._gcd_import(name[level:], package, level)
           ~~~~~~~~~~~~~~~~~~~~~~^^^^^^^^^^^^^^^^^^^^^^^^^^^^^^
  File "<frozen importlib._bootstrap>", line 1387, in _gcd_import
  File "<frozen importlib._bootstrap>", line 1360, in _find_and_load
  File "<frozen importlib._bootstrap>", line 1310, in _find_and_load_unlocked
  File "<frozen importlib._bootstrap>", line 488, in _call_with_frames_removed
  File "<frozen importlib._bootstrap>", line 1387, in _gcd_import
  File "<frozen importlib._bootstrap>", line 1360, in _find_and_load
  File "<frozen importlib._bootstrap>", line 1324, in _find_and_load_unlocked
ModuleNotFoundError: No module named 'wemisipy'
[UID:2270][2981587] Child process with pid: 2983462 was killed by signal: 15, core dumped: no
Traceback (most recent call last):
  File "/home/wemisico/wemisipy/passenger_wsgi.py", line 15, in <module>
    application = get_wsgi_application()
  File "/home/wemisico/virtualenv/wemisipy/3.13/lib/python3.13/site-packages/django/core/wsgi.py", line 12, in get_wsgi_application
    django.setup(set_prefix=False)
    ~~~~~~~~~~~~^^^^^^^^^^^^^^^^^^
  File "/home/wemisico/virtualenv/wemisipy/3.13/lib/python3.13/site-packages/django/__init__.py", line 19, in setup
    configure_logging(settings.LOGGING_CONFIG, settings.LOGGING)
                      ^^^^^^^^^^^^^^^^^^^^^^^
  File "/home/wemisico/virtualenv/wemisipy/3.13/lib/python3.13/site-packages/django/conf/__init__.py", line 102, in __getattr__
    self._setup(name)
    ~~~~~~~~~~~^^^^^^
  File "/home/wemisico/virtualenv/wemisipy/3.13/lib/python3.13/site-packages/django/conf/__init__.py", line 89, in _setup
    self._wrapped = Settings(settings_module)
                    ~~~~~~~~^^^^^^^^^^^^^^^^^
  File "/home/wemisico/virtualenv/wemisipy/3.13/lib/python3.13/site-packages/django/conf/__init__.py", line 217, in __init__
    mod = importlib.import_module(self.SETTINGS_MODULE)
  File "/opt/alt/python313/lib64/python3.13/importlib/__init__.py", line 88, in import_module
    return _bootstrap._gcd_import(name[level:], package, level)
           ~~~~~~~~~~~~~~~~~~~~~~^^^^^^^^^^^^^^^^^^^^^^^^^^^^^^
  File "<frozen importlib._bootstrap>", line 1387, in _gcd_import
  File "<frozen importlib._bootstrap>", line 1360, in _find_and_load
  File "<frozen importlib._bootstrap>", line 1310, in _find_and_load_unlocked
  File "<frozen importlib._bootstrap>", line 488, in _call_with_frames_removed
  File "<frozen importlib._bootstrap>", line 1387, in _gcd_import
  File "<frozen importlib._bootstrap>", line 1360, in _find_and_load
  File "<frozen importlib._bootstrap>", line 1324, in _find_and_load_unlocked
ModuleNotFoundError: No module named 'wemisipy'
Traceback (most recent call last):
  File "/home/wemisico/wemisipy/passenger_wsgi.py", line 15, in <module>
    application = get_wsgi_application()
  File "/home/wemisico/virtualenv/wemisipy/3.13/lib/python3.13/site-packages/django/core/wsgi.py", line 12, in get_wsgi_application
    django.setup(set_prefix=False)
    ~~~~~~~~~~~~^^^^^^^^^^^^^^^^^^
  File "/home/wemisico/virtualenv/wemisipy/3.13/lib/python3.13/site-packages/django/__init__.py", line 19, in setup
    configure_logging(settings.LOGGING_CONFIG, settings.LOGGING)
                      ^^^^^^^^^^^^^^^^^^^^^^^
  File "/home/wemisico/virtualenv/wemisipy/3.13/lib/python3.13/site-packages/django/conf/__init__.py", line 102, in __getattr__
    self._setup(name)
    ~~~~~~~~~~~^^^^^^
  File "/home/wemisico/virtualenv/wemisipy/3.13/lib/python3.13/site-packages/django/conf/__init__.py", line 89, in _setup
    self._wrapped = Settings(settings_module)
                    ~~~~~~~~^^^^^^^^^^^^^^^^^
  File "/home/wemisico/virtualenv/wemisipy/3.13/lib/python3.13/site-packages/django/conf/__init__.py", line 217, in __init__
    mod = importlib.import_module(self.SETTINGS_MODULE)
  File "/opt/alt/python313/lib64/python3.13/importlib/__init__.py", line 88, in import_module
    return _bootstrap._gcd_import(name[level:], package, level)
           ~~~~~~~~~~~~~~~~~~~~~~^^^^^^^^^^^^^^^^^^^^^^^^^^^^^^
  File "<frozen importlib._bootstrap>", line 1387, in _gcd_import
  File "<frozen importlib._bootstrap>", line 1360, in _find_and_load
  File "<frozen importlib._bootstrap>", line 1310, in _find_and_load_unlocked
  File "<frozen importlib._bootstrap>", line 488, in _call_with_frames_removed
  File "<frozen importlib._bootstrap>", line 1387, in _gcd_import
  File "<frozen importlib._bootstrap>", line 1360, in _find_and_load
  File "<frozen importlib._bootstrap>", line 1324, in _find_and_load_unlocked
ModuleNotFoundError: No module named 'wemisipy'
[UID:2270][2992739] Child process with pid: 2992882 was killed by signal: 15, core dumped: no
Traceback (most recent call last):
  File "/home/wemisico/wemisipy/passenger_wsgi.py", line 15, in <module>
    application = get_wsgi_application()
  File "/home/wemisico/virtualenv/wemisipy/3.13/lib/python3.13/site-packages/django/core/wsgi.py", line 12, in get_wsgi_application
    django.setup(set_prefix=False)
    ~~~~~~~~~~~~^^^^^^^^^^^^^^^^^^
  File "/home/wemisico/virtualenv/wemisipy/3.13/lib/python3.13/site-packages/django/__init__.py", line 19, in setup
    configure_logging(settings.LOGGING_CONFIG, settings.LOGGING)
                      ^^^^^^^^^^^^^^^^^^^^^^^
  File "/home/wemisico/virtualenv/wemisipy/3.13/lib/python3.13/site-packages/django/conf/__init__.py", line 102, in __getattr__
    self._setup(name)
    ~~~~~~~~~~~^^^^^^
  File "/home/wemisico/virtualenv/wemisipy/3.13/lib/python3.13/site-packages/django/conf/__init__.py", line 89, in _setup
    self._wrapped = Settings(settings_module)
                    ~~~~~~~~^^^^^^^^^^^^^^^^^
  File "/home/wemisico/virtualenv/wemisipy/3.13/lib/python3.13/site-packages/django/conf/__init__.py", line 217, in __init__
    mod = importlib.import_module(self.SETTINGS_MODULE)
  File "/opt/alt/python313/lib64/python3.13/importlib/__init__.py", line 88, in import_module
    return _bootstrap._gcd_import(name[level:], package, level)
           ~~~~~~~~~~~~~~~~~~~~~~^^^^^^^^^^^^^^^^^^^^^^^^^^^^^^
  File "<frozen importlib._bootstrap>", line 1387, in _gcd_import
  File "<frozen importlib._bootstrap>", line 1360, in _find_and_load
  File "<frozen importlib._bootstrap>", line 1310, in _find_and_load_unlocked
  File "<frozen importlib._bootstrap>", line 488, in _call_with_frames_removed
  File "<frozen importlib._bootstrap>", line 1387, in _gcd_import
  File "<frozen importlib._bootstrap>", line 1360, in _find_and_load
  File "<frozen importlib._bootstrap>", line 1324, in _find_and_load_unlocked
ModuleNotFoundError: No module named 'wemisipy'
[UID:2270][2992739] Child process with pid: 2992901 was killed by signal: 15, core dumped: no
Traceback (most recent call last):
  File "/home/wemisico/wemisipy/passenger_wsgi.py", line 16, in <module>
    application = get_wsgi_application()
  File "/home/wemisico/virtualenv/wemisipy/3.13/lib/python3.13/site-packages/django/core/wsgi.py", line 12, in get_wsgi_application
    django.setup(set_prefix=False)
    ~~~~~~~~~~~~^^^^^^^^^^^^^^^^^^
  File "/home/wemisico/virtualenv/wemisipy/3.13/lib/python3.13/site-packages/django/__init__.py", line 19, in setup
    configure_logging(settings.LOGGING_CONFIG, settings.LOGGING)
                      ^^^^^^^^^^^^^^^^^^^^^^^
  File "/home/wemisico/virtualenv/wemisipy/3.13/lib/python3.13/site-packages/django/conf/__init__.py", line 102, in __getattr__
    self._setup(name)
    ~~~~~~~~~~~^^^^^^
  File "/home/wemisico/virtualenv/wemisipy/3.13/lib/python3.13/site-packages/django/conf/__init__.py", line 89, in _setup
    self._wrapped = Settings(settings_module)
                    ~~~~~~~~^^^^^^^^^^^^^^^^^
  File "/home/wemisico/virtualenv/wemisipy/3.13/lib/python3.13/site-packages/django/conf/__init__.py", line 217, in __init__
    mod = importlib.import_module(self.SETTINGS_MODULE)
  File "/opt/alt/python313/lib64/python3.13/importlib/__init__.py", line 88, in import_module
    return _bootstrap._gcd_import(name[level:], package, level)
           ~~~~~~~~~~~~~~~~~~~~~~^^^^^^^^^^^^^^^^^^^^^^^^^^^^^^
  File "<frozen importlib._bootstrap>", line 1387, in _gcd_import
  File "<frozen importlib._bootstrap>", line 1360, in _find_and_load
  File "<frozen importlib._bootstrap>", line 1310, in _find_and_load_unlocked
  File "<frozen importlib._bootstrap>", line 488, in _call_with_frames_removed
  File "<frozen importlib._bootstrap>", line 1387, in _gcd_import
  File "<frozen importlib._bootstrap>", line 1360, in _find_and_load
  File "<frozen importlib._bootstrap>", line 1324, in _find_and_load_unlocked
ModuleNotFoundError: No module named 'wemisipy'
Traceback (most recent call last):
  File "/home/wemisico/wemisipy/passenger_wsgi.py", line 16, in <module>
    application = get_wsgi_application()
  File "/home/wemisico/virtualenv/wemisipy/3.13/lib/python3.13/site-packages/django/core/wsgi.py", line 12, in get_wsgi_application
    django.setup(set_prefix=False)
    ~~~~~~~~~~~~^^^^^^^^^^^^^^^^^^
  File "/home/wemisico/virtualenv/wemisipy/3.13/lib/python3.13/site-packages/django/__init__.py", line 19, in setup
    configure_logging(settings.LOGGING_CONFIG, settings.LOGGING)
                      ^^^^^^^^^^^^^^^^^^^^^^^
  File "/home/wemisico/virtualenv/wemisipy/3.13/lib/python3.13/site-packages/django/conf/__init__.py", line 102, in __getattr__
    self._setup(name)
    ~~~~~~~~~~~^^^^^^
  File "/home/wemisico/virtualenv/wemisipy/3.13/lib/python3.13/site-packages/django/conf/__init__.py", line 89, in _setup
    self._wrapped = Settings(settings_module)
                    ~~~~~~~~^^^^^^^^^^^^^^^^^
  File "/home/wemisico/virtualenv/wemisipy/3.13/lib/python3.13/site-packages/django/conf/__init__.py", line 217, in __init__
    mod = importlib.import_module(self.SETTINGS_MODULE)
  File "/opt/alt/python313/lib64/python3.13/importlib/__init__.py", line 88, in import_module
    return _bootstrap._gcd_import(name[level:], package, level)
           ~~~~~~~~~~~~~~~~~~~~~~^^^^^^^^^^^^^^^^^^^^^^^^^^^^^^
  File "<frozen importlib._bootstrap>", line 1387, in _gcd_import
  File "<frozen importlib._bootstrap>", line 1360, in _find_and_load
  File "<frozen importlib._bootstrap>", line 1310, in _find_and_load_unlocked
  File "<frozen importlib._bootstrap>", line 488, in _call_with_frames_removed
  File "<frozen importlib._bootstrap>", line 1387, in _gcd_import
  File "<frozen importlib._bootstrap>", line 1360, in _find_and_load
  File "<frozen importlib._bootstrap>", line 1324, in _find_and_load_unlocked
ModuleNotFoundError: No module named 'wemisipy'
[UID:2270][3029816] Child process with pid: 3029898 was killed by signal: 15, core dumped: no
Traceback (most recent call last):
  File "/home/wemisico/wemisipy/passenger_wsgi.py", line 16, in <module>
    application = get_wsgi_application()
  File "/home/wemisico/virtualenv/wemisipy/3.13/lib/python3.13/site-packages/django/core/wsgi.py", line 12, in get_wsgi_application
    django.setup(set_prefix=False)
    ~~~~~~~~~~~~^^^^^^^^^^^^^^^^^^
  File "/home/wemisico/virtualenv/wemisipy/3.13/lib/python3.13/site-packages/django/__init__.py", line 19, in setup
    configure_logging(settings.LOGGING_CONFIG, settings.LOGGING)
                      ^^^^^^^^^^^^^^^^^^^^^^^
  File "/home/wemisico/virtualenv/wemisipy/3.13/lib/python3.13/site-packages/django/conf/__init__.py", line 102, in __getattr__
    self._setup(name)
    ~~~~~~~~~~~^^^^^^
  File "/home/wemisico/virtualenv/wemisipy/3.13/lib/python3.13/site-packages/django/conf/__init__.py", line 89, in _setup
    self._wrapped = Settings(settings_module)
                    ~~~~~~~~^^^^^^^^^^^^^^^^^
  File "/home/wemisico/virtualenv/wemisipy/3.13/lib/python3.13/site-packages/django/conf/__init__.py", line 217, in __init__
    mod = importlib.import_module(self.SETTINGS_MODULE)
  File "/opt/alt/python313/lib64/python3.13/importlib/__init__.py", line 88, in import_module
    return _bootstrap._gcd_import(name[level:], package, level)
           ~~~~~~~~~~~~~~~~~~~~~~^^^^^^^^^^^^^^^^^^^^^^^^^^^^^^
  File "<frozen importlib._bootstrap>", line 1387, in _gcd_import
  File "<frozen importlib._bootstrap>", line 1360, in _find_and_load
  File "<frozen importlib._bootstrap>", line 1310, in _find_and_load_unlocked
  File "<frozen importlib._bootstrap>", line 488, in _call_with_frames_removed
  File "<frozen importlib._bootstrap>", line 1387, in _gcd_import
  File "<frozen importlib._bootstrap>", line 1360, in _find_and_load
  File "<frozen importlib._bootstrap>", line 1324, in _find_and_load_unlocked
ModuleNotFoundError: No module named 'wemisipy'
Traceback (most recent call last):
  File "/home/wemisico/wemisipy/passenger_wsgi.py", line 16, in <module>
    application = get_wsgi_application()
  File "/home/wemisico/virtualenv/wemisipy/3.13/lib/python3.13/site-packages/django/core/wsgi.py", line 12, in get_wsgi_application
    django.setup(set_prefix=False)
    ~~~~~~~~~~~~^^^^^^^^^^^^^^^^^^
  File "/home/wemisico/virtualenv/wemisipy/3.13/lib/python3.13/site-packages/django/__init__.py", line 19, in setup
    configure_logging(settings.LOGGING_CONFIG, settings.LOGGING)
                      ^^^^^^^^^^^^^^^^^^^^^^^
  File "/home/wemisico/virtualenv/wemisipy/3.13/lib/python3.13/site-packages/django/conf/__init__.py", line 102, in __getattr__
    self._setup(name)
    ~~~~~~~~~~~^^^^^^
  File "/home/wemisico/virtualenv/wemisipy/3.13/lib/python3.13/site-packages/django/conf/__init__.py", line 89, in _setup
    self._wrapped = Settings(settings_module)
                    ~~~~~~~~^^^^^^^^^^^^^^^^^
  File "/home/wemisico/virtualenv/wemisipy/3.13/lib/python3.13/site-packages/django/conf/__init__.py", line 217, in __init__
    mod = importlib.import_module(self.SETTINGS_MODULE)
  File "/opt/alt/python313/lib64/python3.13/importlib/__init__.py", line 88, in import_module
    return _bootstrap._gcd_import(name[level:], package, level)
           ~~~~~~~~~~~~~~~~~~~~~~^^^^^^^^^^^^^^^^^^^^^^^^^^^^^^
  File "<frozen importlib._bootstrap>", line 1387, in _gcd_import
  File "<frozen importlib._bootstrap>", line 1360, in _find_and_load
  File "<frozen importlib._bootstrap>", line 1310, in _find_and_load_unlocked
  File "<frozen importlib._bootstrap>", line 488, in _call_with_frames_removed
  File "<frozen importlib._bootstrap>", line 1387, in _gcd_import
  File "<frozen importlib._bootstrap>", line 1360, in _find_and_load
  File "<frozen importlib._bootstrap>", line 1324, in _find_and_load_unlocked
ModuleNotFoundError: No module named 'wemisipy'
[UID:2270][3029913] Child process with pid: 3030008 was killed by signal: 15, core dumped: no
Not Found: /media/products/3.jpg
Not Found: /media/products/Green_Modern_Blog_LinkedIn_Post_1.jpg
Not Found: /static/store/js/cart.js
Not Found: /static/store/js/wishlist.js
Not Found: /favicon.ico
Not Found: /media/blog_images/1.jpg
Not Found: /static/store/js/cart.js
Not Found: /static/store/js/wishlist.js
Not Found: /static/store/js/cart.js
Not Found: /media/blog_images/1.jpg
Not Found: /static/store/js/wishlist.js
Not Found: /static/admin/css/responsive.css
Not Found: /static/admin/css/login.css
Not Found: /static/admin/js/nav_sidebar.js
Not Found: /static/admin/css/dark_mode.css
Not Found: /static/admin/css/base.css
Not Found: /static/admin/js/theme.js
Not Found: /static/admin/css/nav_sidebar.css
Not Found: /favicon.ico
Not Found: /static/admin/css/base.css
Not Found: /static/admin/css/dark_mode.css
Not Found: /static/admin/css/responsive.css
Not Found: /static/admin/js/nav_sidebar.js
Not Found: /static/admin/css/nav_sidebar.css
Not Found: /static/admin/css/login.css
Not Found: /static/admin/js/theme.js
Not Found: /favicon.ico
Not Found: /static/admin/css/base.css
Not Found: /static/admin/js/nav_sidebar.js
Not Found: /static/admin/css/nav_sidebar.css
Not Found: /static/admin/css/dark_mode.css
Not Found: /static/admin/css/login.css
Not Found: /static/admin/css/responsive.css
Not Found: /static/admin/js/theme.js
Not Found: /favicon.ico
Not Found: /media/products/3.jpg
Not Found: /media/products/Green_Modern_Blog_LinkedIn_Post_1.jpg
Not Found: /static/store/js/cart.js
Not Found: /static/store/js/wishlist.js
Not Found: /media/products/3.jpg
Not Found: /media/products/Green_Modern_Blog_LinkedIn_Post_1.jpg
Not Found: /static/store/js/cart.js
Not Found: /static/store/js/wishlist.js
Not Found: /favicon.ico
Not Found: /media/products/3.jpg
Not Found: /media/products/Green_Modern_Blog_LinkedIn_Post_1.jpg
Not Found: /static/store/js/cart.js
Not Found: /static/store/js/wishlist.js
Not Found: /favicon.ico
Not Found: /static/admin/css/base.css
Not Found: /static/admin/css/responsive.css
Not Found: /static/admin/js/nav_sidebar.js
Not Found: /static/admin/css/dark_mode.css
Not Found: /static/admin/js/theme.js
Not Found: /static/admin/css/login.css
Not Found: /static/admin/css/nav_sidebar.css
Not Found: /static/admin/css/base.css
Not Found: /static/admin/css/nav_sidebar.css
Not Found: /static/admin/css/login.css
Not Found: /static/admin/css/dark_mode.css
Not Found: /static/admin/css/responsive.css
Not Found: /static/admin/js/theme.js
Not Found: /static/admin/js/nav_sidebar.js
Not Found: /favicon.ico
Not Found: /static/admin/css/responsive.css
Not Found: /static/admin/js/theme.js
Not Found: /static/admin/css/dark_mode.css
Not Found: /static/admin/css/base.css
Not Found: /static/admin/js/nav_sidebar.js
Not Found: /static/admin/css/login.css
Not Found: /static/admin/css/nav_sidebar.css
Not Found: /static/admin/js/theme.js
Not Found: /static/admin/css/base.css
Not Found: /static/admin/css/responsive.css
Not Found: /static/admin/css/dark_mode.css
Not Found: /static/admin/css/login.css
Not Found: /static/admin/js/nav_sidebar.js
Not Found: /static/admin/css/nav_sidebar.css
Not Found: /favicon.ico
Not Found: /static/store/js/cart.js
Not Found: /media/products/Green_Modern_Blog_LinkedIn_Post_1.jpg
Not Found: /static/store/js/wishlist.js
Not Found: /media/products/Green_Modern_Blog_LinkedIn_Post_1.jpg
Not Found: /static/store/js/cart.js
Not Found: /static/store/js/wishlist.js
Not Found: /favicon.ico
Not Found: /media/products/Green_Modern_Blog_LinkedIn_Post_1.jpg
Not Found: /static/store/js/cart.js
Not Found: /static/store/js/wishlist.js
Not Found: /favicon.ico
Not Found: /home/wemisico/wemisipy/media/products/Green_Modern_Blog_LinkedIn_Post_1.jpg
Not Found: /static/store/js/cart.js
Not Found: /static/store/js/wishlist.js
Not Found: /favicon.ico
Not Found: /home/wemisico/wemisipy/media/products/Green_Modern_Blog_LinkedIn_Post_1.jpg
Not Found: /home/wemisico/wemisipy/staticfiles/store/js/cart.js
Not Found: /home/wemisico/wemisipy/staticfiles/store/js/wishlist.js
Not Found: /favicon.ico
Not Found: /home/wemisico/wemisipy/media/products/3.jpg
Not Found: /home/wemisico/wemisipy/staticfiles/store/js/wishlist.js
Not Found: /home/wemisico/wemisipy/media/products/Green_Modern_Blog_LinkedIn_Post_1.jpg
Not Found: /home/wemisico/wemisipy/staticfiles/store/js/cart.js
Not Found: /media/products/3.jpg
Not Found: /static/store/js/cart.js
Not Found: /static/store/js/wishlist.js
Not Found: /media/products/Green_Modern_Blog_LinkedIn_Post_1.jpg
Not Found: /favicon.ico
Not Found: /media/products/3.jpg
Not Found: /media/products/Green_Modern_Blog_LinkedIn_Post_1.jpg
Not Found: /static/store/js/cart.js
Not Found: /static/store/js/wishlist.js
Not Found: /favicon.ico
Not Found: /media/products/3.jpg
Not Found: /static/store/js/cart.js
Not Found: /static/store/js/wishlist.js
Not Found: /media/products/Green_Modern_Blog_LinkedIn_Post_1.jpg
Not Found: /favicon.ico
Not Found: /media/products/Green_Modern_Blog_LinkedIn_Post_1.jpg
Not Found: /media/products/3.jpg
Not Found: /static/store/js/cart.js
Not Found: /static/store/js/wishlist.js
Not Found: /favicon.ico
/usr/local/lsws/fcgi-bin/lswsgi_wrapper: line 8: cd: /home/wemisico/virtualenv/wemisipy/3.13: No such file or directory
/usr/local/lsws/fcgi-bin/lswsgi_wrapper: line 9: /home/wemisico/virtualenv/wemisipy/3.13/bin/set_env_vars.py: No such file or directory
ImportError: No module named site
/usr/local/lsws/fcgi-bin/lswsgi_wrapper: line 8: cd: /home/wemisico/virtualenv/wemisipy/3.13: No such file or directory
/usr/local/lsws/fcgi-bin/lswsgi_wrapper: line 9: /home/wemisico/virtualenv/wemisipy/3.13/bin/set_env_vars.py: No such file or directory
ImportError: No module named site
/usr/local/lsws/fcgi-bin/lswsgi_wrapper: line 8: cd: /home/wemisico/virtualenv/wemisipy/3.13: No such file or directory
/usr/local/lsws/fcgi-bin/lswsgi_wrapper: line 9: /home/wemisico/virtualenv/wemisipy/3.13/bin/set_env_vars.py: No such file or directory
ImportError: No module named site
/usr/local/lsws/fcgi-bin/lswsgi_wrapper: line 8: cd: /home/wemisico/virtualenv/wemisipy/3.13: No such file or directory
/usr/local/lsws/fcgi-bin/lswsgi_wrapper: line 9: /home/wemisico/virtualenv/wemisipy/3.13/bin/set_env_vars.py: No such file or directory
ImportError: No module named site
Not Found: /media/products/Green_Modern_Blog_LinkedIn_Post_1.jpg
Not Found: /media/products/3.jpg
Not Found: /static/store/js/cart.js
Not Found: /static/store/js/wishlist.js
Not Found: /favicon.ico
Invalid HTTP_HOST header: 'www.wemisi.com'. You may need to add 'www.wemisi.com' to ALLOWED_HOSTS.
Traceback (most recent call last):
  File "/home/wemisico/virtualenv/wemisipy/3.13/lib/python3.13/site-packages/django/core/handlers/exception.py", line 55, in inner
    response = get_response(request)
  File "/home/wemisico/virtualenv/wemisipy/3.13/lib/python3.13/site-packages/django/utils/deprecation.py", line 133, in __call__
    response = self.process_request(request)
  File "/home/wemisico/virtualenv/wemisipy/3.13/lib/python3.13/site-packages/django/middleware/common.py", line 48, in process_request
    host = request.get_host()
  File "/home/wemisico/virtualenv/wemisipy/3.13/lib/python3.13/site-packages/django/http/request.py", line 150, in get_host
    raise DisallowedHost(msg)
django.core.exceptions.DisallowedHost: Invalid HTTP_HOST header: 'www.wemisi.com'. You may need to add 'www.wemisi.com' to ALLOWED_HOSTS.
Not Found: /media/products/3.jpg
Not Found: /media/products/Green_Modern_Blog_LinkedIn_Post_1.jpg
Not Found: /static/store/js/cart.js
Not Found: /static/store/js/wishlist.js
Not Found: /favicon.ico
Not Found: /static/admin/css/base.css
Not Found: /static/admin/css/login.css
Not Found: /static/admin/css/responsive.css
Not Found: /static/admin/js/theme.js
Not Found: /static/admin/css/dark_mode.css
Not Found: /static/admin/css/nav_sidebar.css
Not Found: /static/admin/js/nav_sidebar.js
Forbidden (CSRF token from POST incorrect.): /admin/login/
Not Found: /static/admin/css/dashboard.css
Not Found: /media/products/Green_Modern_Blog_LinkedIn_Post_1.jpg
Not Found: /media/products/3.jpg
Not Found: /static/store/js/wishlist.js
Not Found: /static/store/js/cart.js
Not Found: /media/products/3.jpg
Not Found: /media/products/Green_Modern_Blog_LinkedIn_Post_1.jpg
Not Found: /static/store/js/cart.js
Not Found: /static/store/js/wishlist.js
Not Found: /favicon.ico
Not Found: /media/products/Green_Modern_Blog_LinkedIn_Post_1.jpg
Not Found: /media/products/3.jpg
Not Found: /static/store/js/cart.js
Not Found: /static/store/js/wishlist.js
Not Found: /favicon.ico
Not Found: /media/products/Green_Modern_Blog_LinkedIn_Post_1.jpg
Not Found: /media/products/3.jpg
Not Found: /static/store/js/cart.js
Not Found: /static/store/js/wishlist.js
Not Found: /favicon.ico
Not Found: /media/products/Green_Modern_Blog_LinkedIn_Post_1.jpg
Not Found: /media/products/3.jpg
Not Found: /static/store/js/cart.js
Not Found: /static/store/js/wishlist.js
Not Found: /favicon.ico
Not Found: /media/products/3.jpg
Not Found: /media/products/Green_Modern_Blog_LinkedIn_Post_1.jpg
Not Found: /static/store/js/cart.js
Not Found: /static/store/js/wishlist.js
Not Found: /favicon.ico
Not Found: /media/products/3.jpg
Not Found: /static/store/js/cart.js
Not Found: /static/store/js/wishlist.js
Not Found: /media/products/3.jpg
Not Found: /static/store/js/wishlist.js
Not Found: /static/store/js/cart.js
Not Found: /static/store/js/cart.js
Not Found: /static/store/js/wishlist.js
Not Found: /media/products/3.jpg
Not Found: /static/store/js/wishlist.js
Not Found: /static/store/js/cart.js
Not Found: /media/products/Green_Modern_Blog_LinkedIn_Post_1.jpg
Not Found: /media/products/Green_Modern_Blog_LinkedIn_Post_1.jpg
Not Found: /media/products/3.jpg
Not Found: /static/store/js/cart.js
Not Found: /static/store/js/wishlist.js
Not Found: /favicon.ico
Not Found: /robots.txt
Not Found: /robots.txt
Not Found: /media/products/Green_Modern_Blog_LinkedIn_Post_1.jpg
Not Found: /media/products/3.jpg
Not Found: /static/store/js/cart.js
Not Found: /static/store/js/wishlist.js
Not Found: /favicon.ico
Not Found: /static/admin/css/dark_mode.css
Not Found: /static/admin/css/nav_sidebar.css
Not Found: /static/admin/js/nav_sidebar.js
Not Found: /static/admin/css/base.css
Not Found: /static/admin/css/dashboard.css
Not Found: /static/admin/css/responsive.css
Not Found: /static/admin/js/theme.js
Not Found: /static/admin/css/dark_mode.css
Not Found: /static/admin/css/base.css
Not Found: /static/admin/css/nav_sidebar.css
Not Found: /static/admin/js/nav_sidebar.js
Not Found: /static/admin/js/theme.js
Not Found: /static/admin/css/dashboard.css
Not Found: /static/admin/css/responsive.css
Not Found: /favicon.ico
Not Found: /media/products/3.jpg
Not Found: /media/products/Green_Modern_Blog_LinkedIn_Post_1.jpg
Not Found: /static/store/js/cart.js
Not Found: /static/store/js/wishlist.js
Not Found: /favicon.ico
Not Found: /static/admin/css/dashboard.css
Not Found: /static/admin/css/base.css
Not Found: /static/admin/js/nav_sidebar.js
Not Found: /static/admin/css/responsive.css
Not Found: /static/admin/css/nav_sidebar.css
Not Found: /static/admin/js/theme.js
Not Found: /static/admin/css/dark_mode.css
Not Found: /favicon.ico
Not Found: /static/admin/css/nav_sidebar.css
Not Found: /static/admin/css/dark_mode.css
Not Found: /static/admin/css/base.css
Not Found: /static/admin/js/nav_sidebar.js
Not Found: /static/admin/css/responsive.css
Not Found: /static/admin/js/theme.js
Not Found: /static/admin/css/dashboard.css
Not Found: /favicon.ico
Not Found: /favicon.ico
Not Found: /media/products/Green_Modern_Blog_LinkedIn_Post_1.jpg
Not Found: /media/products/3.jpg
Invalid HTTP_HOST header: 'www.wemisi.com'. You may need to add 'www.wemisi.com' to ALLOWED_HOSTS.
Traceback (most recent call last):
  File "/home/wemisico/virtualenv/wemisipy/3.13/lib/python3.13/site-packages/django/core/handlers/exception.py", line 55, in inner
    response = get_response(request)
  File "/home/wemisico/virtualenv/wemisipy/3.13/lib/python3.13/site-packages/django/utils/deprecation.py", line 133, in __call__
    response = self.process_request(request)
  File "/home/wemisico/virtualenv/wemisipy/3.13/lib/python3.13/site-packages/django/middleware/common.py", line 48, in process_request
    host = request.get_host()
  File "/home/wemisico/virtualenv/wemisipy/3.13/lib/python3.13/site-packages/django/http/request.py", line 150, in get_host
    raise DisallowedHost(msg)
django.core.exceptions.DisallowedHost: Invalid HTTP_HOST header: 'www.wemisi.com'. You may need to add 'www.wemisi.com' to ALLOWED_HOSTS.
Not Found: /media/system/js/core.js
Invalid HTTP_HOST header: 'mail.wemisi.com'. You may need to add 'mail.wemisi.com' to ALLOWED_HOSTS.
Traceback (most recent call last):
  File "/home/wemisico/virtualenv/wemisipy/3.13/lib/python3.13/site-packages/django/core/handlers/exception.py", line 55, in inner
    response = get_response(request)
  File "/home/wemisico/virtualenv/wemisipy/3.13/lib/python3.13/site-packages/django/utils/deprecation.py", line 133, in __call__
    response = self.process_request(request)
  File "/home/wemisico/virtualenv/wemisipy/3.13/lib/python3.13/site-packages/django/middleware/common.py", line 48, in process_request
    host = request.get_host()
  File "/home/wemisico/virtualenv/wemisipy/3.13/lib/python3.13/site-packages/django/http/request.py", line 150, in get_host
    raise DisallowedHost(msg)
django.core.exceptions.DisallowedHost: Invalid HTTP_HOST header: 'mail.wemisi.com'. You may need to add 'mail.wemisi.com' to ALLOWED_HOSTS.
Invalid HTTP_HOST header: 'mail.wemisi.com'. You may need to add 'mail.wemisi.com' to ALLOWED_HOSTS.
Traceback (most recent call last):
  File "/home/wemisico/virtualenv/wemisipy/3.13/lib/python3.13/site-packages/django/core/handlers/exception.py", line 55, in inner
    response = get_response(request)
  File "/home/wemisico/virtualenv/wemisipy/3.13/lib/python3.13/site-packages/django/utils/deprecation.py", line 133, in __call__
    response = self.process_request(request)
  File "/home/wemisico/virtualenv/wemisipy/3.13/lib/python3.13/site-packages/django/middleware/common.py", line 48, in process_request
    host = request.get_host()
  File "/home/wemisico/virtualenv/wemisipy/3.13/lib/python3.13/site-packages/django/http/request.py", line 150, in get_host
    raise DisallowedHost(msg)
django.core.exceptions.DisallowedHost: Invalid HTTP_HOST header: 'mail.wemisi.com'. You may need to add 'mail.wemisi.com' to ALLOWED_HOSTS.
Invalid HTTP_HOST header: 'mail.wemisi.com'. You may need to add 'mail.wemisi.com' to ALLOWED_HOSTS.
Traceback (most recent call last):
  File "/home/wemisico/virtualenv/wemisipy/3.13/lib/python3.13/site-packages/django/core/handlers/exception.py", line 55, in inner
    response = get_response(request)
  File "/home/wemisico/virtualenv/wemisipy/3.13/lib/python3.13/site-packages/django/utils/deprecation.py", line 133, in __call__
    response = self.process_request(request)
  File "/home/wemisico/virtualenv/wemisipy/3.13/lib/python3.13/site-packages/django/middleware/common.py", line 48, in process_request
    host = request.get_host()
  File "/home/wemisico/virtualenv/wemisipy/3.13/lib/python3.13/site-packages/django/http/request.py", line 150, in get_host
    raise DisallowedHost(msg)
django.core.exceptions.DisallowedHost: Invalid HTTP_HOST header: 'mail.wemisi.com'. You may need to add 'mail.wemisi.com' to ALLOWED_HOSTS.
Invalid HTTP_HOST header: 'mail.wemisi.com'. You may need to add 'mail.wemisi.com' to ALLOWED_HOSTS.
Traceback (most recent call last):
  File "/home/wemisico/virtualenv/wemisipy/3.13/lib/python3.13/site-packages/django/core/handlers/exception.py", line 55, in inner
    response = get_response(request)
  File "/home/wemisico/virtualenv/wemisipy/3.13/lib/python3.13/site-packages/django/utils/deprecation.py", line 133, in __call__
    response = self.process_request(request)
  File "/home/wemisico/virtualenv/wemisipy/3.13/lib/python3.13/site-packages/django/middleware/common.py", line 48, in process_request
    host = request.get_host()
  File "/home/wemisico/virtualenv/wemisipy/3.13/lib/python3.13/site-packages/django/http/request.py", line 150, in get_host
    raise DisallowedHost(msg)
django.core.exceptions.DisallowedHost: Invalid HTTP_HOST header: 'mail.wemisi.com'. You may need to add 'mail.wemisi.com' to ALLOWED_HOSTS.
Not Found: /robots.txt
Not Found: /robots.txt
Not Found: /sitemap.xml
Not Found: /wp-sitemap.xml
Not Found: /sitemap_index.xml
Invalid HTTP_HOST header: 'www.wemisi.com'. You may need to add 'www.wemisi.com' to ALLOWED_HOSTS.
Traceback (most recent call last):
  File "/home/wemisico/virtualenv/wemisipy/3.13/lib/python3.13/site-packages/django/core/handlers/exception.py", line 55, in inner
    response = get_response(request)
  File "/home/wemisico/virtualenv/wemisipy/3.13/lib/python3.13/site-packages/django/utils/deprecation.py", line 133, in __call__
    response = self.process_request(request)
  File "/home/wemisico/virtualenv/wemisipy/3.13/lib/python3.13/site-packages/django/middleware/common.py", line 48, in process_request
    host = request.get_host()
  File "/home/wemisico/virtualenv/wemisipy/3.13/lib/python3.13/site-packages/django/http/request.py", line 150, in get_host
    raise DisallowedHost(msg)
django.core.exceptions.DisallowedHost: Invalid HTTP_HOST header: 'www.wemisi.com'. You may need to add 'www.wemisi.com' to ALLOWED_HOSTS.
Not Found: /js
Not Found: /aa.php
Not Found: /abcd.php
Not Found: /admin.php
Not Found: /.__info.php
Not Found: /info.php
Not Found: /list.html
Not Found: /components/com_sexycontactform/fileupload/index.php
Not Found: /services.html
Not Found: /robots.txt
Not Found: /wp-content/plugins/hellopress/wp_filemanager.php
Not Found: /wp-includes/certificates/index.php
Not Found: /wp-includes/ID3/index.php
Not Found: /wp-includes/html-api/wp-conflg.php
Not Found: /wp-admin/css/colors/blue/index.php
Not Found: /wp-includes/assets/index.php
Not Found: /wp-admin/admin.php
Not Found: /wp-admin/autoload_classmap.php
Not Found: /wp-admin/wp-conflg.php
Not Found: /wp-admin/network/wp-conflg.php
Not Found: /info.php
Not Found: /wp-content/uploads/wp-conflg.php
Not Found: /wp-admin/user/admin.php
Not Found: /images/admin.php
Not Found: /wp-admin/js/wp-conflg.php
Not Found: /wp-includes/index.php
Not Found: /wp-admin/about.php
Not Found: /wp-admin/includes/plugins.php
Not Found: /autoload_classmap.php
Not Found: /wp-admin/network/index.php
Not Found: /wp-includes/assets/admin.php
Not Found: /alfa.php
Not Found: /wp-includes/theme-compat/wp-conflg.php
Not Found: /wp-content/plugins/google-seo-rank/index.php
Not Found: /wp-includes/theme-compat/wp-conflg.php/wp-content/plugins/google-seo-rank/index.php
Not Found: /robots.txt
Not Found: /robots.txt
Not Found: /robots.txt
Not Found: /favicon.ico
Not Found: /favicon.ico
Invalid HTTP_HOST header: 'www.wemisi.com'. You may need to add 'www.wemisi.com' to ALLOWED_HOSTS.
Traceback (most recent call last):
  File "/home/wemisico/virtualenv/wemisipy/3.13/lib/python3.13/site-packages/django/core/handlers/exception.py", line 55, in inner
    response = get_response(request)
  File "/home/wemisico/virtualenv/wemisipy/3.13/lib/python3.13/site-packages/django/utils/deprecation.py", line 133, in __call__
    response = self.process_request(request)
  File "/home/wemisico/virtualenv/wemisipy/3.13/lib/python3.13/site-packages/django/middleware/common.py", line 48, in process_request
    host = request.get_host()
  File "/home/wemisico/virtualenv/wemisipy/3.13/lib/python3.13/site-packages/django/http/request.py", line 150, in get_host
    raise DisallowedHost(msg)
django.core.exceptions.DisallowedHost: Invalid HTTP_HOST header: 'www.wemisi.com'. You may need to add 'www.wemisi.com' to ALLOWED_HOSTS.
Not Found: /esp.html
Not Found: /robots.txt
Not Found: /robots.txt
Internal Server Error: /product/3/
Traceback (most recent call last):
  File "/home/wemisico/virtualenv/wemisipy/3.13/lib/python3.13/site-packages/django/core/handlers/exception.py", line 55, in inner
    response = get_response(request)
  File "/home/wemisico/virtualenv/wemisipy/3.13/lib/python3.13/site-packages/django/core/handlers/base.py", line 197, in _get_response
    response = wrapped_callback(request, *callback_args, **callback_kwargs)
  File "/home/wemisico/wemisipy/store/views.py", line 61, in product_detail
    return render(request, 'store/product_detail.html', context)
  File "/home/wemisico/virtualenv/wemisipy/3.13/lib/python3.13/site-packages/django/shortcuts.py", line 24, in render
    content = loader.render_to_string(template_name, context, request, using=using)
  File "/home/wemisico/virtualenv/wemisipy/3.13/lib/python3.13/site-packages/django/template/loader.py", line 62, in render_to_string
    return template.render(context, request)
           ~~~~~~~~~~~~~~~^^^^^^^^^^^^^^^^^^
  File "/home/wemisico/virtualenv/wemisipy/3.13/lib/python3.13/site-packages/django/template/backends/django.py", line 61, in render
    return self.template.render(context)
           ~~~~~~~~~~~~~~~~~~~~^^^^^^^^^
  File "/home/wemisico/virtualenv/wemisipy/3.13/lib/python3.13/site-packages/django/template/base.py", line 175, in render
    return self._render(context)
           ~~~~~~~~~~~~^^^^^^^^^
  File "/home/wemisico/virtualenv/wemisipy/3.13/lib/python3.13/site-packages/django/template/base.py", line 167, in _render
    return self.nodelist.render(context)
           ~~~~~~~~~~~~~~~~~~~~^^^^^^^^^
  File "/home/wemisico/virtualenv/wemisipy/3.13/lib/python3.13/site-packages/django/template/base.py", line 1005, in render
    return SafeString("".join([node.render_annotated(context) for node in self]))
                               ~~~~~~~~~~~~~~~~~~~~~^^^^^^^^^
  File "/home/wemisico/virtualenv/wemisipy/3.13/lib/python3.13/site-packages/django/template/base.py", line 966, in render_annotated
    return self.render(context)
           ~~~~~~~~~~~^^^^^^^^^
  File "/home/wemisico/virtualenv/wemisipy/3.13/lib/python3.13/site-packages/django/template/loader_tags.py", line 157, in render
    return compiled_parent._render(context)
           ~~~~~~~~~~~~~~~~~~~~~~~^^^^^^^^^
  File "/home/wemisico/virtualenv/wemisipy/3.13/lib/python3.13/site-packages/django/template/base.py", line 167, in _render
    return self.nodelist.render(context)
           ~~~~~~~~~~~~~~~~~~~~^^^^^^^^^
  File "/home/wemisico/virtualenv/wemisipy/3.13/lib/python3.13/site-packages/django/template/base.py", line 1005, in render
    return SafeString("".join([node.render_annotated(context) for node in self]))
                               ~~~~~~~~~~~~~~~~~~~~~^^^^^^^^^
  File "/home/wemisico/virtualenv/wemisipy/3.13/lib/python3.13/site-packages/django/template/base.py", line 966, in render_annotated
    return self.render(context)
           ~~~~~~~~~~~^^^^^^^^^
  File "/home/wemisico/virtualenv/wemisipy/3.13/lib/python3.13/site-packages/django/template/loader_tags.py", line 63, in render
    result = block.nodelist.render(context)
  File "/home/wemisico/virtualenv/wemisipy/3.13/lib/python3.13/site-packages/django/template/base.py", line 1005, in render
    return SafeString("".join([node.render_annotated(context) for node in self]))
                               ~~~~~~~~~~~~~~~~~~~~~^^^^^^^^^
  File "/home/wemisico/virtualenv/wemisipy/3.13/lib/python3.13/site-packages/django/template/base.py", line 966, in render_annotated
    return self.render(context)
           ~~~~~~~~~~~^^^^^^^^^
  File "/home/wemisico/virtualenv/wemisipy/3.13/lib/python3.13/site-packages/django/template/defaulttags.py", line 321, in render
    return nodelist.render(context)
           ~~~~~~~~~~~~~~~^^^^^^^^^
  File "/home/wemisico/virtualenv/wemisipy/3.13/lib/python3.13/site-packages/django/template/base.py", line 1005, in render
    return SafeString("".join([node.render_annotated(context) for node in self]))
                               ~~~~~~~~~~~~~~~~~~~~~^^^^^^^^^
  File "/home/wemisico/virtualenv/wemisipy/3.13/lib/python3.13/site-packages/django/template/base.py", line 966, in render_annotated
    return self.render(context)
           ~~~~~~~~~~~^^^^^^^^^
  File "/home/wemisico/virtualenv/wemisipy/3.13/lib/python3.13/site-packages/django/template/defaulttags.py", line 471, in render
    url = reverse(view_name, args=args, kwargs=kwargs, current_app=current_app)
  File "/home/wemisico/virtualenv/wemisipy/3.13/lib/python3.13/site-packages/django/urls/base.py", line 88, in reverse
    return resolver._reverse_with_prefix(view, prefix, *args, **kwargs)
           ~~~~~~~~~~~~~~~~~~~~~~~~~~~~~^^^^^^^^^^^^^^^^^^^^^^^^^^^^^^^
  File "/home/wemisico/virtualenv/wemisipy/3.13/lib/python3.13/site-packages/django/urls/resolvers.py", line 828, in _reverse_with_prefix
    raise NoReverseMatch(msg)
django.urls.exceptions.NoReverseMatch: Reverse for 'login' not found. 'login' is not a valid view function or pattern name.
Not Found: /media/blog_images/1.jpg
Internal Server Error: /product/3/
Traceback (most recent call last):
  File "/home/wemisico/virtualenv/wemisipy/3.13/lib/python3.13/site-packages/django/core/handlers/exception.py", line 55, in inner
    response = get_response(request)
  File "/home/wemisico/virtualenv/wemisipy/3.13/lib/python3.13/site-packages/django/core/handlers/base.py", line 197, in _get_response
    response = wrapped_callback(request, *callback_args, **callback_kwargs)
  File "/home/wemisico/wemisipy/store/views.py", line 61, in product_detail
    return render(request, 'store/product_detail.html', context)
  File "/home/wemisico/virtualenv/wemisipy/3.13/lib/python3.13/site-packages/django/shortcuts.py", line 24, in render
    content = loader.render_to_string(template_name, context, request, using=using)
  File "/home/wemisico/virtualenv/wemisipy/3.13/lib/python3.13/site-packages/django/template/loader.py", line 62, in render_to_string
    return template.render(context, request)
           ~~~~~~~~~~~~~~~^^^^^^^^^^^^^^^^^^
  File "/home/wemisico/virtualenv/wemisipy/3.13/lib/python3.13/site-packages/django/template/backends/django.py", line 61, in render
    return self.template.render(context)
           ~~~~~~~~~~~~~~~~~~~~^^^^^^^^^
  File "/home/wemisico/virtualenv/wemisipy/3.13/lib/python3.13/site-packages/django/template/base.py", line 175, in render
    return self._render(context)
           ~~~~~~~~~~~~^^^^^^^^^
  File "/home/wemisico/virtualenv/wemisipy/3.13/lib/python3.13/site-packages/django/template/base.py", line 167, in _render
    return self.nodelist.render(context)
           ~~~~~~~~~~~~~~~~~~~~^^^^^^^^^
  File "/home/wemisico/virtualenv/wemisipy/3.13/lib/python3.13/site-packages/django/template/base.py", line 1005, in render
    return SafeString("".join([node.render_annotated(context) for node in self]))
                               ~~~~~~~~~~~~~~~~~~~~~^^^^^^^^^
  File "/home/wemisico/virtualenv/wemisipy/3.13/lib/python3.13/site-packages/django/template/base.py", line 966, in render_annotated
    return self.render(context)
           ~~~~~~~~~~~^^^^^^^^^
  File "/home/wemisico/virtualenv/wemisipy/3.13/lib/python3.13/site-packages/django/template/loader_tags.py", line 157, in render
    return compiled_parent._render(context)
           ~~~~~~~~~~~~~~~~~~~~~~~^^^^^^^^^
  File "/home/wemisico/virtualenv/wemisipy/3.13/lib/python3.13/site-packages/django/template/base.py", line 167, in _render
    return self.nodelist.render(context)
           ~~~~~~~~~~~~~~~~~~~~^^^^^^^^^
  File "/home/wemisico/virtualenv/wemisipy/3.13/lib/python3.13/site-packages/django/template/base.py", line 1005, in render
    return SafeString("".join([node.render_annotated(context) for node in self]))
                               ~~~~~~~~~~~~~~~~~~~~~^^^^^^^^^
  File "/home/wemisico/virtualenv/wemisipy/3.13/lib/python3.13/site-packages/django/template/base.py", line 966, in render_annotated
    return self.render(context)
           ~~~~~~~~~~~^^^^^^^^^
  File "/home/wemisico/virtualenv/wemisipy/3.13/lib/python3.13/site-packages/django/template/loader_tags.py", line 63, in render
    result = block.nodelist.render(context)
  File "/home/wemisico/virtualenv/wemisipy/3.13/lib/python3.13/site-packages/django/template/base.py", line 1005, in render
    return SafeString("".join([node.render_annotated(context) for node in self]))
                               ~~~~~~~~~~~~~~~~~~~~~^^^^^^^^^
  File "/home/wemisico/virtualenv/wemisipy/3.13/lib/python3.13/site-packages/django/template/base.py", line 966, in render_annotated
    return self.render(context)
           ~~~~~~~~~~~^^^^^^^^^
  File "/home/wemisico/virtualenv/wemisipy/3.13/lib/python3.13/site-packages/django/template/defaulttags.py", line 321, in render
    return nodelist.render(context)
           ~~~~~~~~~~~~~~~^^^^^^^^^
  File "/home/wemisico/virtualenv/wemisipy/3.13/lib/python3.13/site-packages/django/template/base.py", line 1005, in render
    return SafeString("".join([node.render_annotated(context) for node in self]))
                               ~~~~~~~~~~~~~~~~~~~~~^^^^^^^^^
  File "/home/wemisico/virtualenv/wemisipy/3.13/lib/python3.13/site-packages/django/template/base.py", line 966, in render_annotated
    return self.render(context)
           ~~~~~~~~~~~^^^^^^^^^
  File "/home/wemisico/virtualenv/wemisipy/3.13/lib/python3.13/site-packages/django/template/defaulttags.py", line 471, in render
    url = reverse(view_name, args=args, kwargs=kwargs, current_app=current_app)
  File "/home/wemisico/virtualenv/wemisipy/3.13/lib/python3.13/site-packages/django/urls/base.py", line 88, in reverse
    return resolver._reverse_with_prefix(view, prefix, *args, **kwargs)
           ~~~~~~~~~~~~~~~~~~~~~~~~~~~~~^^^^^^^^^^^^^^^^^^^^^^^^^^^^^^^
  File "/home/wemisico/virtualenv/wemisipy/3.13/lib/python3.13/site-packages/django/urls/resolvers.py", line 828, in _reverse_with_prefix
    raise NoReverseMatch(msg)
django.urls.exceptions.NoReverseMatch: Reverse for 'login' not found. 'login' is not a valid view function or pattern name.
Not Found: /favicon.ico
Not Found: /media/blog_images/1.jpg
Not Found: /media/blog_images/1.jpg
Not Found: /wp-content/plugins/hellopress/wp_filemanager.php
Not Found: /wp-includes/rest-api/alfa-rex.php7
Not Found: /wp-admin/css/about.php
Not Found: /wp-admin/css/colors/coffee/about.php
Not Found: /wp-includes/SimplePie/network.php
Not Found: /wp-includes/theme-compat/chosen.php
Not Found: /widgets.php
Not Found: /b.php
Not Found: /adds.php
Not Found: /wp-includes/PHPMailer/admin.php
Not Found: /admin.php
Not Found: /autoload_classmap.php
Not Found: /wp-activate.php
Not Found: /wp-content/themes/astra/inc/ki1k.php
Not Found: /default.php
Not Found: /db.php
Not Found: /gecko.php
Not Found: /abe.php
Not Found: /bs1.php
Not Found: /content.php
Not Found: /cc.php
Not Found: /wp-cron.php
Not Found: /css.php
Not Found: /cloud.php
Not Found: /bless.php
Not Found: /radio.php
Not Found: /cong.php
Not Found: /bak.php
Not Found: /wp-trackback.php
Not Found: /text.php
Not Found: /as.php
Not Found: /404.php
Not Found: /link.php
Not Found: /makeasmtp.php
Not Found: /wp-admin/network/plugins.php
Not Found: /file.php
Not Found: /test.php
Not Found: /chosen.php
Not Found: /files/css_compare.php
Not Found: /wp.php
Not Found: /uana.php
Not Found: /duck.php
Not Found: /lock360.php
Not Found: /a.php
Not Found: /api.php
Not Found: /inc.php
Not Found: /siteheads.php
Not Found: /atomlib.php
Not Found: /adminfuns.php
Not Found: /ioxi-rex4.php7
Not Found: /moon.php
Not Found: /wp-info.php
Not Found: /warm.PhP7
Not Found: /ws.php7
Not Found: /rss.php
Not Found: /pekok.php
Not Found: /elp.php
Not Found: /wp-aa.php
Not Found: /cart.php
Not Found: /categories.php
Not Found: /compare.php
Not Found: /refund.php
Not Found: /shop.php
Not Found: /wishlist.php
Not Found: /results.php
Not Found: /api.php
Not Found: /222.php
Not Found: /atom.php
Not Found: /case.php
Not Found: /docs.php
Not Found: /ios.php
Not Found: /click.php
Not Found: /lv.php
Not Found: /inputs.php
Not Found: /alfa.php
Not Found: /byp.php
Not Found: /goat1.php
Not Found: /f.php
Not Found: /max.php
Not Found: /m.php
Not Found: /as.php
Not Found: /v.php
Not Found: /bless.php
Not Found: /vv.php
Not Found: /0.php
Not Found: /jp.php
Not Found: /2.php
Not Found: /goods.php
Not Found: /manager.php
Not Found: /new.php
Not Found: /info.php
Not Found: /doc.php
Not Found: /go.php
Not Found: /el.php
Not Found: /mail.php
Not Found: /11.php
Not Found: /conflg.php
Not Found: /xmrlpc.php
Not Found: /favicon.ico
Internal Server Error: /product/3/
Traceback (most recent call last):
  File "/home/wemisico/virtualenv/wemisipy/3.13/lib/python3.13/site-packages/django/core/handlers/exception.py", line 55, in inner
    response = get_response(request)
  File "/home/wemisico/virtualenv/wemisipy/3.13/lib/python3.13/site-packages/django/core/handlers/base.py", line 197, in _get_response
    response = wrapped_callback(request, *callback_args, **callback_kwargs)
  File "/home/wemisico/wemisipy/store/views.py", line 61, in product_detail
    return render(request, 'store/product_detail.html', context)
  File "/home/wemisico/virtualenv/wemisipy/3.13/lib/python3.13/site-packages/django/shortcuts.py", line 24, in render
    content = loader.render_to_string(template_name, context, request, using=using)
  File "/home/wemisico/virtualenv/wemisipy/3.13/lib/python3.13/site-packages/django/template/loader.py", line 62, in render_to_string
    return template.render(context, request)
           ~~~~~~~~~~~~~~~^^^^^^^^^^^^^^^^^^
  File "/home/wemisico/virtualenv/wemisipy/3.13/lib/python3.13/site-packages/django/template/backends/django.py", line 61, in render
    return self.template.render(context)
           ~~~~~~~~~~~~~~~~~~~~^^^^^^^^^
  File "/home/wemisico/virtualenv/wemisipy/3.13/lib/python3.13/site-packages/django/template/base.py", line 175, in render
    return self._render(context)
           ~~~~~~~~~~~~^^^^^^^^^
  File "/home/wemisico/virtualenv/wemisipy/3.13/lib/python3.13/site-packages/django/template/base.py", line 167, in _render
    return self.nodelist.render(context)
           ~~~~~~~~~~~~~~~~~~~~^^^^^^^^^
  File "/home/wemisico/virtualenv/wemisipy/3.13/lib/python3.13/site-packages/django/template/base.py", line 1005, in render
    return SafeString("".join([node.render_annotated(context) for node in self]))
                               ~~~~~~~~~~~~~~~~~~~~~^^^^^^^^^
  File "/home/wemisico/virtualenv/wemisipy/3.13/lib/python3.13/site-packages/django/template/base.py", line 966, in render_annotated
    return self.render(context)
           ~~~~~~~~~~~^^^^^^^^^
  File "/home/wemisico/virtualenv/wemisipy/3.13/lib/python3.13/site-packages/django/template/loader_tags.py", line 157, in render
    return compiled_parent._render(context)
           ~~~~~~~~~~~~~~~~~~~~~~~^^^^^^^^^
  File "/home/wemisico/virtualenv/wemisipy/3.13/lib/python3.13/site-packages/django/template/base.py", line 167, in _render
    return self.nodelist.render(context)
           ~~~~~~~~~~~~~~~~~~~~^^^^^^^^^
  File "/home/wemisico/virtualenv/wemisipy/3.13/lib/python3.13/site-packages/django/template/base.py", line 1005, in render
    return SafeString("".join([node.render_annotated(context) for node in self]))
                               ~~~~~~~~~~~~~~~~~~~~~^^^^^^^^^
  File "/home/wemisico/virtualenv/wemisipy/3.13/lib/python3.13/site-packages/django/template/base.py", line 966, in render_annotated
    return self.render(context)
           ~~~~~~~~~~~^^^^^^^^^
  File "/home/wemisico/virtualenv/wemisipy/3.13/lib/python3.13/site-packages/django/template/loader_tags.py", line 63, in render
    result = block.nodelist.render(context)
  File "/home/wemisico/virtualenv/wemisipy/3.13/lib/python3.13/site-packages/django/template/base.py", line 1005, in render
    return SafeString("".join([node.render_annotated(context) for node in self]))
                               ~~~~~~~~~~~~~~~~~~~~~^^^^^^^^^
  File "/home/wemisico/virtualenv/wemisipy/3.13/lib/python3.13/site-packages/django/template/base.py", line 966, in render_annotated
    return self.render(context)
           ~~~~~~~~~~~^^^^^^^^^
  File "/home/wemisico/virtualenv/wemisipy/3.13/lib/python3.13/site-packages/django/template/defaulttags.py", line 321, in render
    return nodelist.render(context)
           ~~~~~~~~~~~~~~~^^^^^^^^^
  File "/home/wemisico/virtualenv/wemisipy/3.13/lib/python3.13/site-packages/django/template/base.py", line 1005, in render
    return SafeString("".join([node.render_annotated(context) for node in self]))
                               ~~~~~~~~~~~~~~~~~~~~~^^^^^^^^^
  File "/home/wemisico/virtualenv/wemisipy/3.13/lib/python3.13/site-packages/django/template/base.py", line 966, in render_annotated
    return self.render(context)
           ~~~~~~~~~~~^^^^^^^^^
  File "/home/wemisico/virtualenv/wemisipy/3.13/lib/python3.13/site-packages/django/template/defaulttags.py", line 471, in render
    url = reverse(view_name, args=args, kwargs=kwargs, current_app=current_app)
  File "/home/wemisico/virtualenv/wemisipy/3.13/lib/python3.13/site-packages/django/urls/base.py", line 88, in reverse
    return resolver._reverse_with_prefix(view, prefix, *args, **kwargs)
           ~~~~~~~~~~~~~~~~~~~~~~~~~~~~~^^^^^^^^^^^^^^^^^^^^^^^^^^^^^^^
  File "/home/wemisico/virtualenv/wemisipy/3.13/lib/python3.13/site-packages/django/urls/resolvers.py", line 828, in _reverse_with_prefix
    raise NoReverseMatch(msg)
django.urls.exceptions.NoReverseMatch: Reverse for 'login' not found. 'login' is not a valid view function or pattern name.
Internal Server Error: /product/3/
Traceback (most recent call last):
  File "/home/wemisico/virtualenv/wemisipy/3.13/lib/python3.13/site-packages/django/core/handlers/exception.py", line 55, in inner
    response = get_response(request)
  File "/home/wemisico/virtualenv/wemisipy/3.13/lib/python3.13/site-packages/django/core/handlers/base.py", line 197, in _get_response
    response = wrapped_callback(request, *callback_args, **callback_kwargs)
  File "/home/wemisico/wemisipy/store/views.py", line 61, in product_detail
    return render(request, 'store/product_detail.html', context)
  File "/home/wemisico/virtualenv/wemisipy/3.13/lib/python3.13/site-packages/django/shortcuts.py", line 24, in render
    content = loader.render_to_string(template_name, context, request, using=using)
  File "/home/wemisico/virtualenv/wemisipy/3.13/lib/python3.13/site-packages/django/template/loader.py", line 62, in render_to_string
    return template.render(context, request)
           ~~~~~~~~~~~~~~~^^^^^^^^^^^^^^^^^^
  File "/home/wemisico/virtualenv/wemisipy/3.13/lib/python3.13/site-packages/django/template/backends/django.py", line 61, in render
    return self.template.render(context)
           ~~~~~~~~~~~~~~~~~~~~^^^^^^^^^
  File "/home/wemisico/virtualenv/wemisipy/3.13/lib/python3.13/site-packages/django/template/base.py", line 175, in render
    return self._render(context)
           ~~~~~~~~~~~~^^^^^^^^^
  File "/home/wemisico/virtualenv/wemisipy/3.13/lib/python3.13/site-packages/django/template/base.py", line 167, in _render
    return self.nodelist.render(context)
           ~~~~~~~~~~~~~~~~~~~~^^^^^^^^^
  File "/home/wemisico/virtualenv/wemisipy/3.13/lib/python3.13/site-packages/django/template/base.py", line 1005, in render
    return SafeString("".join([node.render_annotated(context) for node in self]))
                               ~~~~~~~~~~~~~~~~~~~~~^^^^^^^^^
  File "/home/wemisico/virtualenv/wemisipy/3.13/lib/python3.13/site-packages/django/template/base.py", line 966, in render_annotated
    return self.render(context)
           ~~~~~~~~~~~^^^^^^^^^
  File "/home/wemisico/virtualenv/wemisipy/3.13/lib/python3.13/site-packages/django/template/loader_tags.py", line 157, in render
    return compiled_parent._render(context)
           ~~~~~~~~~~~~~~~~~~~~~~~^^^^^^^^^
  File "/home/wemisico/virtualenv/wemisipy/3.13/lib/python3.13/site-packages/django/template/base.py", line 167, in _render
    return self.nodelist.render(context)
           ~~~~~~~~~~~~~~~~~~~~^^^^^^^^^
  File "/home/wemisico/virtualenv/wemisipy/3.13/lib/python3.13/site-packages/django/template/base.py", line 1005, in render
    return SafeString("".join([node.render_annotated(context) for node in self]))
                               ~~~~~~~~~~~~~~~~~~~~~^^^^^^^^^
  File "/home/wemisico/virtualenv/wemisipy/3.13/lib/python3.13/site-packages/django/template/base.py", line 966, in render_annotated
    return self.render(context)
           ~~~~~~~~~~~^^^^^^^^^
  File "/home/wemisico/virtualenv/wemisipy/3.13/lib/python3.13/site-packages/django/template/loader_tags.py", line 63, in render
    result = block.nodelist.render(context)
  File "/home/wemisico/virtualenv/wemisipy/3.13/lib/python3.13/site-packages/django/template/base.py", line 1005, in render
    return SafeString("".join([node.render_annotated(context) for node in self]))
                               ~~~~~~~~~~~~~~~~~~~~~^^^^^^^^^
  File "/home/wemisico/virtualenv/wemisipy/3.13/lib/python3.13/site-packages/django/template/base.py", line 966, in render_annotated
    return self.render(context)
           ~~~~~~~~~~~^^^^^^^^^
  File "/home/wemisico/virtualenv/wemisipy/3.13/lib/python3.13/site-packages/django/template/defaulttags.py", line 321, in render
    return nodelist.render(context)
           ~~~~~~~~~~~~~~~^^^^^^^^^
  File "/home/wemisico/virtualenv/wemisipy/3.13/lib/python3.13/site-packages/django/template/base.py", line 1005, in render
    return SafeString("".join([node.render_annotated(context) for node in self]))
                               ~~~~~~~~~~~~~~~~~~~~~^^^^^^^^^
  File "/home/wemisico/virtualenv/wemisipy/3.13/lib/python3.13/site-packages/django/template/base.py", line 966, in render_annotated
    return self.render(context)
           ~~~~~~~~~~~^^^^^^^^^
  File "/home/wemisico/virtualenv/wemisipy/3.13/lib/python3.13/site-packages/django/template/defaulttags.py", line 471, in render
    url = reverse(view_name, args=args, kwargs=kwargs, current_app=current_app)
  File "/home/wemisico/virtualenv/wemisipy/3.13/lib/python3.13/site-packages/django/urls/base.py", line 88, in reverse
    return resolver._reverse_with_prefix(view, prefix, *args, **kwargs)
           ~~~~~~~~~~~~~~~~~~~~~~~~~~~~~^^^^^^^^^^^^^^^^^^^^^^^^^^^^^^^
  File "/home/wemisico/virtualenv/wemisipy/3.13/lib/python3.13/site-packages/django/urls/resolvers.py", line 828, in _reverse_with_prefix
    raise NoReverseMatch(msg)
django.urls.exceptions.NoReverseMatch: Reverse for 'login' not found. 'login' is not a valid view function or pattern name.
Internal Server Error: /product/3/
Traceback (most recent call last):
  File "/home/wemisico/virtualenv/wemisipy/3.13/lib/python3.13/site-packages/django/core/handlers/exception.py", line 55, in inner
    response = get_response(request)
  File "/home/wemisico/virtualenv/wemisipy/3.13/lib/python3.13/site-packages/django/core/handlers/base.py", line 197, in _get_response
    response = wrapped_callback(request, *callback_args, **callback_kwargs)
  File "/home/wemisico/wemisipy/store/views.py", line 61, in product_detail
    return render(request, 'store/product_detail.html', context)
  File "/home/wemisico/virtualenv/wemisipy/3.13/lib/python3.13/site-packages/django/shortcuts.py", line 24, in render
    content = loader.render_to_string(template_name, context, request, using=using)
  File "/home/wemisico/virtualenv/wemisipy/3.13/lib/python3.13/site-packages/django/template/loader.py", line 62, in render_to_string
    return template.render(context, request)
           ~~~~~~~~~~~~~~~^^^^^^^^^^^^^^^^^^
  File "/home/wemisico/virtualenv/wemisipy/3.13/lib/python3.13/site-packages/django/template/backends/django.py", line 61, in render
    return self.template.render(context)
           ~~~~~~~~~~~~~~~~~~~~^^^^^^^^^
  File "/home/wemisico/virtualenv/wemisipy/3.13/lib/python3.13/site-packages/django/template/base.py", line 175, in render
    return self._render(context)
           ~~~~~~~~~~~~^^^^^^^^^
  File "/home/wemisico/virtualenv/wemisipy/3.13/lib/python3.13/site-packages/django/template/base.py", line 167, in _render
    return self.nodelist.render(context)
           ~~~~~~~~~~~~~~~~~~~~^^^^^^^^^
  File "/home/wemisico/virtualenv/wemisipy/3.13/lib/python3.13/site-packages/django/template/base.py", line 1005, in render
    return SafeString("".join([node.render_annotated(context) for node in self]))
                               ~~~~~~~~~~~~~~~~~~~~~^^^^^^^^^
  File "/home/wemisico/virtualenv/wemisipy/3.13/lib/python3.13/site-packages/django/template/base.py", line 966, in render_annotated
    return self.render(context)
           ~~~~~~~~~~~^^^^^^^^^
  File "/home/wemisico/virtualenv/wemisipy/3.13/lib/python3.13/site-packages/django/template/loader_tags.py", line 157, in render
    return compiled_parent._render(context)
           ~~~~~~~~~~~~~~~~~~~~~~~^^^^^^^^^
  File "/home/wemisico/virtualenv/wemisipy/3.13/lib/python3.13/site-packages/django/template/base.py", line 167, in _render
    return self.nodelist.render(context)
           ~~~~~~~~~~~~~~~~~~~~^^^^^^^^^
  File "/home/wemisico/virtualenv/wemisipy/3.13/lib/python3.13/site-packages/django/template/base.py", line 1005, in render
    return SafeString("".join([node.render_annotated(context) for node in self]))
                               ~~~~~~~~~~~~~~~~~~~~~^^^^^^^^^
  File "/home/wemisico/virtualenv/wemisipy/3.13/lib/python3.13/site-packages/django/template/base.py", line 966, in render_annotated
    return self.render(context)
           ~~~~~~~~~~~^^^^^^^^^
  File "/home/wemisico/virtualenv/wemisipy/3.13/lib/python3.13/site-packages/django/template/loader_tags.py", line 63, in render
    result = block.nodelist.render(context)
  File "/home/wemisico/virtualenv/wemisipy/3.13/lib/python3.13/site-packages/django/template/base.py", line 1005, in render
    return SafeString("".join([node.render_annotated(context) for node in self]))
                               ~~~~~~~~~~~~~~~~~~~~~^^^^^^^^^
  File "/home/wemisico/virtualenv/wemisipy/3.13/lib/python3.13/site-packages/django/template/base.py", line 966, in render_annotated
    return self.render(context)
           ~~~~~~~~~~~^^^^^^^^^
  File "/home/wemisico/virtualenv/wemisipy/3.13/lib/python3.13/site-packages/django/template/defaulttags.py", line 321, in render
    return nodelist.render(context)
           ~~~~~~~~~~~~~~~^^^^^^^^^
  File "/home/wemisico/virtualenv/wemisipy/3.13/lib/python3.13/site-packages/django/template/base.py", line 1005, in render
    return SafeString("".join([node.render_annotated(context) for node in self]))
                               ~~~~~~~~~~~~~~~~~~~~~^^^^^^^^^
  File "/home/wemisico/virtualenv/wemisipy/3.13/lib/python3.13/site-packages/django/template/base.py", line 966, in render_annotated
    return self.render(context)
           ~~~~~~~~~~~^^^^^^^^^
  File "/home/wemisico/virtualenv/wemisipy/3.13/lib/python3.13/site-packages/django/template/defaulttags.py", line 471, in render
    url = reverse(view_name, args=args, kwargs=kwargs, current_app=current_app)
  File "/home/wemisico/virtualenv/wemisipy/3.13/lib/python3.13/site-packages/django/urls/base.py", line 88, in reverse
    return resolver._reverse_with_prefix(view, prefix, *args, **kwargs)
           ~~~~~~~~~~~~~~~~~~~~~~~~~~~~~^^^^^^^^^^^^^^^^^^^^^^^^^^^^^^^
  File "/home/wemisico/virtualenv/wemisipy/3.13/lib/python3.13/site-packages/django/urls/resolvers.py", line 828, in _reverse_with_prefix
    raise NoReverseMatch(msg)
django.urls.exceptions.NoReverseMatch: Reverse for 'login' not found. 'login' is not a valid view function or pattern name.
Internal Server Error: /product/3/
Traceback (most recent call last):
  File "/home/wemisico/virtualenv/wemisipy/3.13/lib/python3.13/site-packages/django/core/handlers/exception.py", line 55, in inner
    response = get_response(request)
  File "/home/wemisico/virtualenv/wemisipy/3.13/lib/python3.13/site-packages/django/core/handlers/base.py", line 197, in _get_response
    response = wrapped_callback(request, *callback_args, **callback_kwargs)
  File "/home/wemisico/wemisipy/store/views.py", line 61, in product_detail
    return render(request, 'store/product_detail.html', context)
  File "/home/wemisico/virtualenv/wemisipy/3.13/lib/python3.13/site-packages/django/shortcuts.py", line 24, in render
    content = loader.render_to_string(template_name, context, request, using=using)
  File "/home/wemisico/virtualenv/wemisipy/3.13/lib/python3.13/site-packages/django/template/loader.py", line 62, in render_to_string
    return template.render(context, request)
           ~~~~~~~~~~~~~~~^^^^^^^^^^^^^^^^^^
  File "/home/wemisico/virtualenv/wemisipy/3.13/lib/python3.13/site-packages/django/template/backends/django.py", line 61, in render
    return self.template.render(context)
           ~~~~~~~~~~~~~~~~~~~~^^^^^^^^^
  File "/home/wemisico/virtualenv/wemisipy/3.13/lib/python3.13/site-packages/django/template/base.py", line 175, in render
    return self._render(context)
           ~~~~~~~~~~~~^^^^^^^^^
  File "/home/wemisico/virtualenv/wemisipy/3.13/lib/python3.13/site-packages/django/template/base.py", line 167, in _render
    return self.nodelist.render(context)
           ~~~~~~~~~~~~~~~~~~~~^^^^^^^^^
  File "/home/wemisico/virtualenv/wemisipy/3.13/lib/python3.13/site-packages/django/template/base.py", line 1005, in render
    return SafeString("".join([node.render_annotated(context) for node in self]))
                               ~~~~~~~~~~~~~~~~~~~~~^^^^^^^^^
  File "/home/wemisico/virtualenv/wemisipy/3.13/lib/python3.13/site-packages/django/template/base.py", line 966, in render_annotated
    return self.render(context)
           ~~~~~~~~~~~^^^^^^^^^
  File "/home/wemisico/virtualenv/wemisipy/3.13/lib/python3.13/site-packages/django/template/loader_tags.py", line 157, in render
    return compiled_parent._render(context)
           ~~~~~~~~~~~~~~~~~~~~~~~^^^^^^^^^
  File "/home/wemisico/virtualenv/wemisipy/3.13/lib/python3.13/site-packages/django/template/base.py", line 167, in _render
    return self.nodelist.render(context)
           ~~~~~~~~~~~~~~~~~~~~^^^^^^^^^
  File "/home/wemisico/virtualenv/wemisipy/3.13/lib/python3.13/site-packages/django/template/base.py", line 1005, in render
    return SafeString("".join([node.render_annotated(context) for node in self]))
                               ~~~~~~~~~~~~~~~~~~~~~^^^^^^^^^
  File "/home/wemisico/virtualenv/wemisipy/3.13/lib/python3.13/site-packages/django/template/base.py", line 966, in render_annotated
    return self.render(context)
           ~~~~~~~~~~~^^^^^^^^^
  File "/home/wemisico/virtualenv/wemisipy/3.13/lib/python3.13/site-packages/django/template/loader_tags.py", line 63, in render
    result = block.nodelist.render(context)
  File "/home/wemisico/virtualenv/wemisipy/3.13/lib/python3.13/site-packages/django/template/base.py", line 1005, in render
    return SafeString("".join([node.render_annotated(context) for node in self]))
                               ~~~~~~~~~~~~~~~~~~~~~^^^^^^^^^
  File "/home/wemisico/virtualenv/wemisipy/3.13/lib/python3.13/site-packages/django/template/base.py", line 966, in render_annotated
    return self.render(context)
           ~~~~~~~~~~~^^^^^^^^^
  File "/home/wemisico/virtualenv/wemisipy/3.13/lib/python3.13/site-packages/django/template/defaulttags.py", line 321, in render
    return nodelist.render(context)
           ~~~~~~~~~~~~~~~^^^^^^^^^
  File "/home/wemisico/virtualenv/wemisipy/3.13/lib/python3.13/site-packages/django/template/base.py", line 1005, in render
    return SafeString("".join([node.render_annotated(context) for node in self]))
                               ~~~~~~~~~~~~~~~~~~~~~^^^^^^^^^
  File "/home/wemisico/virtualenv/wemisipy/3.13/lib/python3.13/site-packages/django/template/base.py", line 966, in render_annotated
    return self.render(context)
           ~~~~~~~~~~~^^^^^^^^^
  File "/home/wemisico/virtualenv/wemisipy/3.13/lib/python3.13/site-packages/django/template/defaulttags.py", line 471, in render
    url = reverse(view_name, args=args, kwargs=kwargs, current_app=current_app)
  File "/home/wemisico/virtualenv/wemisipy/3.13/lib/python3.13/site-packages/django/urls/base.py", line 88, in reverse
    return resolver._reverse_with_prefix(view, prefix, *args, **kwargs)
           ~~~~~~~~~~~~~~~~~~~~~~~~~~~~~^^^^^^^^^^^^^^^^^^^^^^^^^^^^^^^
  File "/home/wemisico/virtualenv/wemisipy/3.13/lib/python3.13/site-packages/django/urls/resolvers.py", line 828, in _reverse_with_prefix
    raise NoReverseMatch(msg)
django.urls.exceptions.NoReverseMatch: Reverse for 'login' not found. 'login' is not a valid view function or pattern name.
Not Found: /favicon.ico
Not Found: /favicon.ico
Invalid HTTP_HOST header: 'www.wemisi.com'. You may need to add 'www.wemisi.com' to ALLOWED_HOSTS.
Traceback (most recent call last):
  File "/home/wemisico/virtualenv/wemisipy/3.13/lib/python3.13/site-packages/django/core/handlers/exception.py", line 55, in inner
    response = get_response(request)
  File "/home/wemisico/virtualenv/wemisipy/3.13/lib/python3.13/site-packages/django/utils/deprecation.py", line 133, in __call__
    response = self.process_request(request)
  File "/home/wemisico/virtualenv/wemisipy/3.13/lib/python3.13/site-packages/django/middleware/common.py", line 48, in process_request
    host = request.get_host()
  File "/home/wemisico/virtualenv/wemisipy/3.13/lib/python3.13/site-packages/django/http/request.py", line 150, in get_host
    raise DisallowedHost(msg)
django.core.exceptions.DisallowedHost: Invalid HTTP_HOST header: 'www.wemisi.com'. You may need to add 'www.wemisi.com' to ALLOWED_HOSTS.
Not Found: /images/17.png
Not Found: /robots.txt
Not Found: /robots.txt
Not Found: /robots.txt
Not Found: /index.html
Not Found: /favicon.ico
Not Found: /robots.txt
Not Found: /cgi-bin/
Not Found: /cgi-bin/bypass.php
Not Found: /filemanager/dialog.php
Not Found: /wp-admin/css/
Not Found: /media/system/js/core.js
Not Found: /robots.txt
Not Found: /bms.html
Not Found: /robots.txt
Invalid HTTP_HOST header: 'www.wemisi.com'. You may need to add 'www.wemisi.com' to ALLOWED_HOSTS.
Traceback (most recent call last):
  File "/home/wemisico/virtualenv/wemisipy/3.13/lib/python3.13/site-packages/django/core/handlers/exception.py", line 55, in inner
    response = get_response(request)
  File "/home/wemisico/virtualenv/wemisipy/3.13/lib/python3.13/site-packages/django/utils/deprecation.py", line 133, in __call__
    response = self.process_request(request)
  File "/home/wemisico/virtualenv/wemisipy/3.13/lib/python3.13/site-packages/django/middleware/common.py", line 48, in process_request
    host = request.get_host()
  File "/home/wemisico/virtualenv/wemisipy/3.13/lib/python3.13/site-packages/django/http/request.py", line 150, in get_host
    raise DisallowedHost(msg)
django.core.exceptions.DisallowedHost: Invalid HTTP_HOST header: 'www.wemisi.com'. You may need to add 'www.wemisi.com' to ALLOWED_HOSTS.
Not Found: /robots.txt
Not Found: /idp.html
Not Found: /robots.txt
Not Found: /robots.txt
Not Found: /list.html
Invalid HTTP_HOST header: 'www.wemisi.com'. You may need to add 'www.wemisi.com' to ALLOWED_HOSTS.
Traceback (most recent call last):
  File "/home/wemisico/virtualenv/wemisipy/3.13/lib/python3.13/site-packages/django/core/handlers/exception.py", line 55, in inner
    response = get_response(request)
  File "/home/wemisico/virtualenv/wemisipy/3.13/lib/python3.13/site-packages/django/utils/deprecation.py", line 133, in __call__
    response = self.process_request(request)
  File "/home/wemisico/virtualenv/wemisipy/3.13/lib/python3.13/site-packages/django/middleware/common.py", line 48, in process_request
    host = request.get_host()
  File "/home/wemisico/virtualenv/wemisipy/3.13/lib/python3.13/site-packages/django/http/request.py", line 150, in get_host
    raise DisallowedHost(msg)
django.core.exceptions.DisallowedHost: Invalid HTTP_HOST header: 'www.wemisi.com'. You may need to add 'www.wemisi.com' to ALLOWED_HOSTS.
Not Found: /robots.txt
Not Found: /list.html
Not Found: /robots.txt
Invalid HTTP_HOST header: 'www.wemisi.com'. You may need to add 'www.wemisi.com' to ALLOWED_HOSTS.
Traceback (most recent call last):
  File "/home/wemisico/virtualenv/wemisipy/3.13/lib/python3.13/site-packages/django/core/handlers/exception.py", line 55, in inner
    response = get_response(request)
  File "/home/wemisico/virtualenv/wemisipy/3.13/lib/python3.13/site-packages/django/utils/deprecation.py", line 133, in __call__
    response = self.process_request(request)
  File "/home/wemisico/virtualenv/wemisipy/3.13/lib/python3.13/site-packages/django/middleware/common.py", line 48, in process_request
    host = request.get_host()
  File "/home/wemisico/virtualenv/wemisipy/3.13/lib/python3.13/site-packages/django/http/request.py", line 150, in get_host
    raise DisallowedHost(msg)
django.core.exceptions.DisallowedHost: Invalid HTTP_HOST header: 'www.wemisi.com'. You may need to add 'www.wemisi.com' to ALLOWED_HOSTS.
Invalid HTTP_HOST header: 'www.wemisi.com'. You may need to add 'www.wemisi.com' to ALLOWED_HOSTS.
Traceback (most recent call last):
  File "/home/wemisico/virtualenv/wemisipy/3.13/lib/python3.13/site-packages/django/core/handlers/exception.py", line 55, in inner
    response = get_response(request)
  File "/home/wemisico/virtualenv/wemisipy/3.13/lib/python3.13/site-packages/django/utils/deprecation.py", line 133, in __call__
    response = self.process_request(request)
  File "/home/wemisico/virtualenv/wemisipy/3.13/lib/python3.13/site-packages/django/middleware/common.py", line 48, in process_request
    host = request.get_host()
  File "/home/wemisico/virtualenv/wemisipy/3.13/lib/python3.13/site-packages/django/http/request.py", line 150, in get_host
    raise DisallowedHost(msg)
django.core.exceptions.DisallowedHost: Invalid HTTP_HOST header: 'www.wemisi.com'. You may need to add 'www.wemisi.com' to ALLOWED_HOSTS.
Not Found: /images/14.png
Not Found: /robots.txt
Not Found: /esp.html
Not Found: /robots.txt
Not Found: /cart.html
Not Found: /robots.txt
Invalid HTTP_HOST header: 'www.wemisi.com'. You may need to add 'www.wemisi.com' to ALLOWED_HOSTS.
Traceback (most recent call last):
  File "/home/wemisico/virtualenv/wemisipy/3.13/lib/python3.13/site-packages/django/core/handlers/exception.py", line 55, in inner
    response = get_response(request)
  File "/home/wemisico/virtualenv/wemisipy/3.13/lib/python3.13/site-packages/django/utils/deprecation.py", line 133, in __call__
    response = self.process_request(request)
  File "/home/wemisico/virtualenv/wemisipy/3.13/lib/python3.13/site-packages/django/middleware/common.py", line 48, in process_request
    host = request.get_host()
  File "/home/wemisico/virtualenv/wemisipy/3.13/lib/python3.13/site-packages/django/http/request.py", line 150, in get_host
    raise DisallowedHost(msg)
django.core.exceptions.DisallowedHost: Invalid HTTP_HOST header: 'www.wemisi.com'. You may need to add 'www.wemisi.com' to ALLOWED_HOSTS.
Not Found: /robots.txt
Not Found: /robots.txt
Not Found: /favicon.ico
Not Found: /images/16.png
Not Found: /esp.html
Not Found: /userfuns.php
Not Found: /userfuns.php
Not Found: /postnews.php
Not Found: /postnews.php
Not Found: /manager/
Not Found: /simpla/
Not Found: /js/mage/cookies.js
Not Found: /administrator/
Not Found: /robots.txt
Not Found: /robots.txt
Invalid HTTP_HOST header: 'www.wemisi.com'. You may need to add 'www.wemisi.com' to ALLOWED_HOSTS.
Traceback (most recent call last):
  File "/home/wemisico/virtualenv/wemisipy/3.13/lib/python3.13/site-packages/django/core/handlers/exception.py", line 55, in inner
    response = get_response(request)
  File "/home/wemisico/virtualenv/wemisipy/3.13/lib/python3.13/site-packages/django/utils/deprecation.py", line 133, in __call__
    response = self.process_request(request)
  File "/home/wemisico/virtualenv/wemisipy/3.13/lib/python3.13/site-packages/django/middleware/common.py", line 48, in process_request
    host = request.get_host()
  File "/home/wemisico/virtualenv/wemisipy/3.13/lib/python3.13/site-packages/django/http/request.py", line 150, in get_host
    raise DisallowedHost(msg)
django.core.exceptions.DisallowedHost: Invalid HTTP_HOST header: 'www.wemisi.com'. You may need to add 'www.wemisi.com' to ALLOWED_HOSTS.
Invalid HTTP_HOST header: 'www.wemisi.com'. You may need to add 'www.wemisi.com' to ALLOWED_HOSTS.
Traceback (most recent call last):
  File "/home/wemisico/virtualenv/wemisipy/3.13/lib/python3.13/site-packages/django/core/handlers/exception.py", line 55, in inner
    response = get_response(request)
  File "/home/wemisico/virtualenv/wemisipy/3.13/lib/python3.13/site-packages/django/utils/deprecation.py", line 133, in __call__
    response = self.process_request(request)
  File "/home/wemisico/virtualenv/wemisipy/3.13/lib/python3.13/site-packages/django/middleware/common.py", line 48, in process_request
    host = request.get_host()
  File "/home/wemisico/virtualenv/wemisipy/3.13/lib/python3.13/site-packages/django/http/request.py", line 150, in get_host
    raise DisallowedHost(msg)
django.core.exceptions.DisallowedHost: Invalid HTTP_HOST header: 'www.wemisi.com'. You may need to add 'www.wemisi.com' to ALLOWED_HOSTS.
Invalid HTTP_HOST header: 'www.wemisi.com'. You may need to add 'www.wemisi.com' to ALLOWED_HOSTS.
Traceback (most recent call last):
  File "/home/wemisico/virtualenv/wemisipy/3.13/lib/python3.13/site-packages/django/core/handlers/exception.py", line 55, in inner
    response = get_response(request)
  File "/home/wemisico/virtualenv/wemisipy/3.13/lib/python3.13/site-packages/django/utils/deprecation.py", line 133, in __call__
    response = self.process_request(request)
  File "/home/wemisico/virtualenv/wemisipy/3.13/lib/python3.13/site-packages/django/middleware/common.py", line 48, in process_request
    host = request.get_host()
  File "/home/wemisico/virtualenv/wemisipy/3.13/lib/python3.13/site-packages/django/http/request.py", line 150, in get_host
    raise DisallowedHost(msg)
django.core.exceptions.DisallowedHost: Invalid HTTP_HOST header: 'www.wemisi.com'. You may need to add 'www.wemisi.com' to ALLOWED_HOSTS.
Invalid HTTP_HOST header: 'www.wemisi.com'. You may need to add 'www.wemisi.com' to ALLOWED_HOSTS.
Traceback (most recent call last):
  File "/home/wemisico/virtualenv/wemisipy/3.13/lib/python3.13/site-packages/django/core/handlers/exception.py", line 55, in inner
    response = get_response(request)
  File "/home/wemisico/virtualenv/wemisipy/3.13/lib/python3.13/site-packages/django/utils/deprecation.py", line 133, in __call__
    response = self.process_request(request)
  File "/home/wemisico/virtualenv/wemisipy/3.13/lib/python3.13/site-packages/django/middleware/common.py", line 48, in process_request
    host = request.get_host()
  File "/home/wemisico/virtualenv/wemisipy/3.13/lib/python3.13/site-packages/django/http/request.py", line 150, in get_host
    raise DisallowedHost(msg)
django.core.exceptions.DisallowedHost: Invalid HTTP_HOST header: 'www.wemisi.com'. You may need to add 'www.wemisi.com' to ALLOWED_HOSTS.
Invalid HTTP_HOST header: 'www.wemisi.com'. You may need to add 'www.wemisi.com' to ALLOWED_HOSTS.
Traceback (most recent call last):
  File "/home/wemisico/virtualenv/wemisipy/3.13/lib/python3.13/site-packages/django/core/handlers/exception.py", line 55, in inner
    response = get_response(request)
  File "/home/wemisico/virtualenv/wemisipy/3.13/lib/python3.13/site-packages/django/utils/deprecation.py", line 133, in __call__
    response = self.process_request(request)
  File "/home/wemisico/virtualenv/wemisipy/3.13/lib/python3.13/site-packages/django/middleware/common.py", line 48, in process_request
    host = request.get_host()
  File "/home/wemisico/virtualenv/wemisipy/3.13/lib/python3.13/site-packages/django/http/request.py", line 150, in get_host
    raise DisallowedHost(msg)
django.core.exceptions.DisallowedHost: Invalid HTTP_HOST header: 'www.wemisi.com'. You may need to add 'www.wemisi.com' to ALLOWED_HOSTS.
Invalid HTTP_HOST header: 'www.wemisi.com'. You may need to add 'www.wemisi.com' to ALLOWED_HOSTS.
Traceback (most recent call last):
  File "/home/wemisico/virtualenv/wemisipy/3.13/lib/python3.13/site-packages/django/core/handlers/exception.py", line 55, in inner
    response = get_response(request)
  File "/home/wemisico/virtualenv/wemisipy/3.13/lib/python3.13/site-packages/django/utils/deprecation.py", line 133, in __call__
    response = self.process_request(request)
  File "/home/wemisico/virtualenv/wemisipy/3.13/lib/python3.13/site-packages/django/middleware/common.py", line 48, in process_request
    host = request.get_host()
  File "/home/wemisico/virtualenv/wemisipy/3.13/lib/python3.13/site-packages/django/http/request.py", line 150, in get_host
    raise DisallowedHost(msg)
django.core.exceptions.DisallowedHost: Invalid HTTP_HOST header: 'www.wemisi.com'. You may need to add 'www.wemisi.com' to ALLOWED_HOSTS.
Invalid HTTP_HOST header: 'www.wemisi.com'. You may need to add 'www.wemisi.com' to ALLOWED_HOSTS.
Traceback (most recent call last):
  File "/home/wemisico/virtualenv/wemisipy/3.13/lib/python3.13/site-packages/django/core/handlers/exception.py", line 55, in inner
    response = get_response(request)
  File "/home/wemisico/virtualenv/wemisipy/3.13/lib/python3.13/site-packages/django/utils/deprecation.py", line 133, in __call__
    response = self.process_request(request)
  File "/home/wemisico/virtualenv/wemisipy/3.13/lib/python3.13/site-packages/django/middleware/common.py", line 48, in process_request
    host = request.get_host()
  File "/home/wemisico/virtualenv/wemisipy/3.13/lib/python3.13/site-packages/django/http/request.py", line 150, in get_host
    raise DisallowedHost(msg)
django.core.exceptions.DisallowedHost: Invalid HTTP_HOST header: 'www.wemisi.com'. You may need to add 'www.wemisi.com' to ALLOWED_HOSTS.
Invalid HTTP_HOST header: 'www.wemisi.com'. You may need to add 'www.wemisi.com' to ALLOWED_HOSTS.
Traceback (most recent call last):
  File "/home/wemisico/virtualenv/wemisipy/3.13/lib/python3.13/site-packages/django/core/handlers/exception.py", line 55, in inner
    response = get_response(request)
  File "/home/wemisico/virtualenv/wemisipy/3.13/lib/python3.13/site-packages/django/utils/deprecation.py", line 133, in __call__
    response = self.process_request(request)
  File "/home/wemisico/virtualenv/wemisipy/3.13/lib/python3.13/site-packages/django/middleware/common.py", line 48, in process_request
    host = request.get_host()
  File "/home/wemisico/virtualenv/wemisipy/3.13/lib/python3.13/site-packages/django/http/request.py", line 150, in get_host
    raise DisallowedHost(msg)
django.core.exceptions.DisallowedHost: Invalid HTTP_HOST header: 'www.wemisi.com'. You may need to add 'www.wemisi.com' to ALLOWED_HOSTS.
Not Found: /robots.txt
Invalid HTTP_HOST header: 'www.wemisi.com'. You may need to add 'www.wemisi.com' to ALLOWED_HOSTS.
Traceback (most recent call last):
  File "/home/wemisico/virtualenv/wemisipy/3.13/lib/python3.13/site-packages/django/core/handlers/exception.py", line 55, in inner
    response = get_response(request)
  File "/home/wemisico/virtualenv/wemisipy/3.13/lib/python3.13/site-packages/django/utils/deprecation.py", line 133, in __call__
    response = self.process_request(request)
  File "/home/wemisico/virtualenv/wemisipy/3.13/lib/python3.13/site-packages/django/middleware/common.py", line 48, in process_request
    host = request.get_host()
  File "/home/wemisico/virtualenv/wemisipy/3.13/lib/python3.13/site-packages/django/http/request.py", line 150, in get_host
    raise DisallowedHost(msg)
django.core.exceptions.DisallowedHost: Invalid HTTP_HOST header: 'www.wemisi.com'. You may need to add 'www.wemisi.com' to ALLOWED_HOSTS.
Invalid HTTP_HOST header: 'www.wemisi.com'. You may need to add 'www.wemisi.com' to ALLOWED_HOSTS.
Traceback (most recent call last):
  File "/home/wemisico/virtualenv/wemisipy/3.13/lib/python3.13/site-packages/django/core/handlers/exception.py", line 55, in inner
    response = get_response(request)
  File "/home/wemisico/virtualenv/wemisipy/3.13/lib/python3.13/site-packages/django/utils/deprecation.py", line 133, in __call__
    response = self.process_request(request)
  File "/home/wemisico/virtualenv/wemisipy/3.13/lib/python3.13/site-packages/django/middleware/common.py", line 48, in process_request
    host = request.get_host()
  File "/home/wemisico/virtualenv/wemisipy/3.13/lib/python3.13/site-packages/django/http/request.py", line 150, in get_host
    raise DisallowedHost(msg)
django.core.exceptions.DisallowedHost: Invalid HTTP_HOST header: 'www.wemisi.com'. You may need to add 'www.wemisi.com' to ALLOWED_HOSTS.
Invalid HTTP_HOST header: 'www.wemisi.com'. You may need to add 'www.wemisi.com' to ALLOWED_HOSTS.
Traceback (most recent call last):
  File "/home/wemisico/virtualenv/wemisipy/3.13/lib/python3.13/site-packages/django/core/handlers/exception.py", line 55, in inner
    response = get_response(request)
  File "/home/wemisico/virtualenv/wemisipy/3.13/lib/python3.13/site-packages/django/utils/deprecation.py", line 133, in __call__
    response = self.process_request(request)
  File "/home/wemisico/virtualenv/wemisipy/3.13/lib/python3.13/site-packages/django/middleware/common.py", line 48, in process_request
    host = request.get_host()
  File "/home/wemisico/virtualenv/wemisipy/3.13/lib/python3.13/site-packages/django/http/request.py", line 150, in get_host
    raise DisallowedHost(msg)
django.core.exceptions.DisallowedHost: Invalid HTTP_HOST header: 'www.wemisi.com'. You may need to add 'www.wemisi.com' to ALLOWED_HOSTS.
Not Found: /services.html
Not Found: /images/gis.png
Invalid HTTP_HOST header: 'www.wemisi.com'. You may need to add 'www.wemisi.com' to ALLOWED_HOSTS.
Traceback (most recent call last):
  File "/home/wemisico/virtualenv/wemisipy/3.13/lib/python3.13/site-packages/django/core/handlers/exception.py", line 55, in inner
    response = get_response(request)
  File "/home/wemisico/virtualenv/wemisipy/3.13/lib/python3.13/site-packages/django/utils/deprecation.py", line 133, in __call__
    response = self.process_request(request)
  File "/home/wemisico/virtualenv/wemisipy/3.13/lib/python3.13/site-packages/django/middleware/common.py", line 48, in process_request
    host = request.get_host()
  File "/home/wemisico/virtualenv/wemisipy/3.13/lib/python3.13/site-packages/django/http/request.py", line 150, in get_host
    raise DisallowedHost(msg)
django.core.exceptions.DisallowedHost: Invalid HTTP_HOST header: 'www.wemisi.com'. You may need to add 'www.wemisi.com' to ALLOWED_HOSTS.
Not Found: /components/com_sexycontactform/fileupload/index.php
Not Found: /favicon.ico
Not Found: /favicon.ico
Invalid HTTP_HOST header: 'www.wemisi.com'. You may need to add 'www.wemisi.com' to ALLOWED_HOSTS.
Traceback (most recent call last):
  File "/home/wemisico/virtualenv/wemisipy/3.13/lib/python3.13/site-packages/django/core/handlers/exception.py", line 55, in inner
    response = get_response(request)
  File "/home/wemisico/virtualenv/wemisipy/3.13/lib/python3.13/site-packages/django/utils/deprecation.py", line 133, in __call__
    response = self.process_request(request)
  File "/home/wemisico/virtualenv/wemisipy/3.13/lib/python3.13/site-packages/django/middleware/common.py", line 48, in process_request
    host = request.get_host()
  File "/home/wemisico/virtualenv/wemisipy/3.13/lib/python3.13/site-packages/django/http/request.py", line 150, in get_host
    raise DisallowedHost(msg)
django.core.exceptions.DisallowedHost: Invalid HTTP_HOST header: 'www.wemisi.com'. You may need to add 'www.wemisi.com' to ALLOWED_HOSTS.
Invalid HTTP_HOST header: 'www.wemisi.com'. You may need to add 'www.wemisi.com' to ALLOWED_HOSTS.
Traceback (most recent call last):
  File "/home/wemisico/virtualenv/wemisipy/3.13/lib/python3.13/site-packages/django/core/handlers/exception.py", line 55, in inner
    response = get_response(request)
  File "/home/wemisico/virtualenv/wemisipy/3.13/lib/python3.13/site-packages/django/utils/deprecation.py", line 133, in __call__
    response = self.process_request(request)
  File "/home/wemisico/virtualenv/wemisipy/3.13/lib/python3.13/site-packages/django/middleware/common.py", line 48, in process_request
    host = request.get_host()
  File "/home/wemisico/virtualenv/wemisipy/3.13/lib/python3.13/site-packages/django/http/request.py", line 150, in get_host
    raise DisallowedHost(msg)
django.core.exceptions.DisallowedHost: Invalid HTTP_HOST header: 'www.wemisi.com'. You may need to add 'www.wemisi.com' to ALLOWED_HOSTS.
Not Found: /wp-includes/wlwmanifest.xml
Not Found: /blog/wp-includes/wlwmanifest.xml
Not Found: /web/wp-includes/wlwmanifest.xml
Not Found: /wordpress/wp-includes/wlwmanifest.xml
Not Found: /website/wp-includes/wlwmanifest.xml
Not Found: /wp/wp-includes/wlwmanifest.xml
Not Found: /news/wp-includes/wlwmanifest.xml
Not Found: /2018/wp-includes/wlwmanifest.xml
Not Found: /2019/wp-includes/wlwmanifest.xml
Not Found: /shop/wp-includes/wlwmanifest.xml
Not Found: /wp1/wp-includes/wlwmanifest.xml
Not Found: /test/wp-includes/wlwmanifest.xml
Not Found: /media/wp-includes/wlwmanifest.xml
Not Found: /wp2/wp-includes/wlwmanifest.xml
Not Found: /site/wp-includes/wlwmanifest.xml
Not Found: /cms/wp-includes/wlwmanifest.xml
Not Found: /sito/wp-includes/wlwmanifest.xml
Not Found: /favicon.ico
Invalid HTTP_HOST header: 'www.wemisi.com'. You may need to add 'www.wemisi.com' to ALLOWED_HOSTS.
Traceback (most recent call last):
  File "/home/wemisico/virtualenv/wemisipy/3.13/lib/python3.13/site-packages/django/core/handlers/exception.py", line 55, in inner
    response = get_response(request)
  File "/home/wemisico/virtualenv/wemisipy/3.13/lib/python3.13/site-packages/django/utils/deprecation.py", line 133, in __call__
    response = self.process_request(request)
  File "/home/wemisico/virtualenv/wemisipy/3.13/lib/python3.13/site-packages/django/middleware/common.py", line 48, in process_request
    host = request.get_host()
  File "/home/wemisico/virtualenv/wemisipy/3.13/lib/python3.13/site-packages/django/http/request.py", line 150, in get_host
    raise DisallowedHost(msg)
django.core.exceptions.DisallowedHost: Invalid HTTP_HOST header: 'www.wemisi.com'. You may need to add 'www.wemisi.com' to ALLOWED_HOSTS.
Not Found: /robots.txt
Not Found: /esp.html
Not Found: /.well-known/
Not Found: /.well-known/acme-challenge/
Not Found: /.well-known/acme-challenge/xa.php
Not Found: /.well-known/index.php
Not Found: /1.php
Not Found: /403.php
Not Found: /aa.php
Not Found: /abcd.php
Not Found: /about.php
Not Found: /admin.php
Not Found: /akcc.php
Not Found: /alfa.php
Not Found: /api.php
Not Found: /as.php
Not Found: /asasx.php
Not Found: /asd.php
Not Found: /assets/
Not Found: /assets/images/
Not Found: /autoload_classmap/function.php
Not Found: /bolt.php
Not Found: /cgi-bin/
Not Found: /chosen.php
Not Found: /classwithtostring.php
Not Found: /dex.php
Not Found: /doc.php
Not Found: /ds.php
Not Found: /edit.php
Not Found: /file.php
Not Found: /files/
Not Found: /files/index.php
Not Found: /function.php
Not Found: /gelay.php
Not Found: /gfile.php
Not Found: /gg.php
Not Found: /goods.php
Not Found: /i.php
Not Found: /images/images/about.php
Not Found: /images/index.php
Not Found: /inc.php
Not Found: /index.bak.php
Not Found: /index/function.php
Not Found: /info.php
Not Found: /ini.php
Not Found: /inputs.php
Not Found: /ioxi-o.php
Not Found: /item.php
Not Found: /manager.php
Not Found: /modules/
Not Found: /moon.php
Not Found: /new.php
Not Found: /past.php
Not Found: /php/
Not Found: /radio.php
Not Found: /robots.php
Not Found: /shop.php
Not Found: /themes.php
Not Found: /tinyfilemanager.php
Not Found: /upload/
Not Found: /vendor/
Not Found: /wp-admin.php
Not Found: /wp-admin/
Not Found: /wp-admin/classwithtostring.php
Not Found: /wp-admin/css/
Not Found: /wp-admin/css/colors/
Not Found: /wp-admin/css/colors/ectoplasm/
Not Found: /wp-admin/css/colors/light/function.php
Not Found: /wp-admin/css/colors/midnight/
Not Found: /wp-admin/images/
Not Found: /wp-admin/includes/
Not Found: /wp-admin/includes/about.php
Not Found: /wp-admin/includes/colour.php
Not Found: /wp-admin/js/
Not Found: /wp-admin/js/widgets/
Not Found: /wp-admin/js/widgets/index.php
Not Found: /wp-admin/mah.php
Not Found: /wp-admin/maint/
Not Found: /wp-admin/meta/
Not Found: /wp-admin/network/
Not Found: /wp-admin/wp-admins.php
Not Found: /wp-blog-header.php
Not Found: /wp-comments.php
Not Found: /wp-conflg.php
Not Found: /wp-content/
Not Found: /wp-content/1.php
Not Found: /wp-content/Geforce.php
Not Found: /wp-content/admin.php
Not Found: /wp-content/autoload_classmap.php
Not Found: /wp-content/index.php
Not Found: /wp-content/plugins/
Not Found: /wp-content/plugins/HelloDollyV2/
Not Found: /wp-content/plugins/admin.php
Not Found: /wp-content/plugins/dummyyummy/wp-signup.php
Not Found: /wp-content/themes/
Not Found: /wp-content/themes/admin.php
Not Found: /wp-content/themes/index.php
Not Found: /wp-content/themes/themes.php
Not Found: /wp-content/upgrade/
Not Found: /wp-content/upgrade/index.php
Not Found: /wp-content/uploads/
Not Found: /wp-content/uploads/Geforce.php
Not Found: /wp-content/uploads/index.php
Not Found: /wp-good.php
Not Found: /wp-includes/
Not Found: /wp-includes/ID3/
Not Found: /wp-includes/ID3/index.php
Not Found: /wp-includes/IXR/
Not Found: /wp-includes/IXR/test1.php
Not Found: /wp-includes/PHPMailer/
Not Found: /wp-includes/Requests/
Not Found: /wp-includes/Requests/Auth/
Not Found: /wp-includes/Requests/index.php
Not Found: /wp-includes/SimplePie/
Not Found: /wp-includes/SimplePie/Content/
Not Found: /wp-includes/SimplePie/autoload_classmap.php
Not Found: /wp-includes/SimplePie/chosen.php
Not Found: /wp-includes/SimplePie/index.php
Not Found: /wp-includes/Text/
Not Found: /wp-includes/Text/Diff/
Not Found: /wp-includes/Text/Diff/Engine/
Not Found: /wp-includes/Text/Diff/Renderer/
Not Found: /wp-includes/Text/Diff/index.php
Not Found: /wp-includes/Text/wp-conflg.php
Not Found: /wp-includes/assets/
Not Found: /wp-includes/assets/autoload_classmap.php
Not Found: /wp-includes/bk/index.php
Not Found: /wp-includes/block-bindings/
Not Found: /wp-includes/block-patterns/
Not Found: /wp-includes/block-supports/
Not Found: /wp-includes/blocks/shortcode/index.php
Not Found: /wp-includes/certificates/
Not Found: /wp-includes/css/
Not Found: /wp-includes/css/dist/alam.php
Not Found: /wp-includes/customize/
Not Found: /wp-includes/customize/index.php
Not Found: /wp-content/cache/
Not Found: /wp-content/w3tc/
Not Found: /wp-content/et-cache/
Not Found: /wp-content/cache/supercache/
Not Found: /wp-content/wflogs/
Not Found: /wp-content/updraft/
Not Found: /wp-content/ai1wm-backups/
Not Found: /wp-content/backups-dup-lite/
Not Found: /wp-content/backup-db/
Not Found: /wp-content/uploads/woocommerce_uploads/
Not Found: /wp-content/uploads/woocommerce/
Not Found: /wp-content/uploads/wc-logs/
Not Found: /wp-includes/images/
Not Found: /wp-includes/js/
Not Found: /wp-includes/fonts/
Not Found: /wp-includes/fonts/autoload_classmap.php
Not Found: /wp-includes/fonts/index.php
Not Found: /wp-includes/html-api/
Not Found: /wp-includes/images/crystal/
Not Found: /wp-includes/images/index.php
Not Found: /wp-includes/images/media/
Not Found: /wp-includes/images/media/index.php
Not Found: /wp-includes/images/smilies/
Not Found: /wp-includes/images/wlw/
Not Found: /wp-includes/index.php
Not Found: /wp-includes/js/codemirror/
Not Found: /wp-includes/js/crop/
Not Found: /wp-includes/js/jcrop/jcrop.php
Not Found: /wp-includes/php-compat/
Not Found: /wp-includes/pomo/
Not Found: /wp-includes/random_compat/
Not Found: /wp-includes/rest-api/
Not Found: /wp-includes/rest-api/endpoints/
Not Found: /wp-includes/rest-api/fields/
Not Found: /wp-includes/rest-api/search/
Not Found: /wp-includes/sitemaps/
Not Found: /wp-includes/sitemaps/autoload_classmap.php
Not Found: /wp-includes/sitemaps/providers/
Not Found: /wp-includes/sodium_compat/
Not Found: /wp-includes/sodium_compat/index.php
Not Found: /wp-includes/sodium_compat/src/
Not Found: /wp-includes/style-engine/index.php
Not Found: /wp-includes/style-engine/wp-conflg.php
Not Found: /wp-includes/theme-compat/
Not Found: /wp-includes/widgets/autoload_classmap.php
Not Found: /wp-mail.php
Not Found: /wp-signin.php
Not Found: /wp-update.php
Not Found: /wp.php
Not Found: /xmrlpc.php
Not Found: /robots.txt
Internal Server Error: /accounts/login/
Traceback (most recent call last):
  File "/home/wemisico/virtualenv/wemisipy/3.13/lib/python3.13/site-packages/django/core/handlers/exception.py", line 55, in inner
    response = get_response(request)
  File "/home/wemisico/virtualenv/wemisipy/3.13/lib/python3.13/site-packages/django/core/handlers/base.py", line 220, in _get_response
    response = response.render()
  File "/home/wemisico/virtualenv/wemisipy/3.13/lib/python3.13/site-packages/django/template/response.py", line 114, in render
    self.content = self.rendered_content
                   ^^^^^^^^^^^^^^^^^^^^^
  File "/home/wemisico/virtualenv/wemisipy/3.13/lib/python3.13/site-packages/django/template/response.py", line 90, in rendered_content
    template = self.resolve_template(self.template_name)
  File "/home/wemisico/virtualenv/wemisipy/3.13/lib/python3.13/site-packages/django/template/response.py", line 72, in resolve_template
    return select_template(template, using=self.using)
  File "/home/wemisico/virtualenv/wemisipy/3.13/lib/python3.13/site-packages/django/template/loader.py", line 47, in select_template
    raise TemplateDoesNotExist(", ".join(template_name_list), chain=chain)
django.template.exceptions.TemplateDoesNotExist: registration/login.html
Not Found: /wp-includes/wlwmanifest.xml
Not Found: /blog/wp-includes/wlwmanifest.xml
Not Found: /web/wp-includes/wlwmanifest.xml
Not Found: /wordpress/wp-includes/wlwmanifest.xml
Not Found: /website/wp-includes/wlwmanifest.xml
Not Found: /wp/wp-includes/wlwmanifest.xml
Not Found: /news/wp-includes/wlwmanifest.xml
Not Found: /2018/wp-includes/wlwmanifest.xml
Not Found: /2019/wp-includes/wlwmanifest.xml
Not Found: /shop/wp-includes/wlwmanifest.xml
Not Found: /wp1/wp-includes/wlwmanifest.xml
Not Found: /test/wp-includes/wlwmanifest.xml
Not Found: /media/wp-includes/wlwmanifest.xml
Not Found: /wp2/wp-includes/wlwmanifest.xml
Not Found: /site/wp-includes/wlwmanifest.xml
Not Found: /cms/wp-includes/wlwmanifest.xml
Not Found: /sito/wp-includes/wlwmanifest.xml
Not Found: /robots.txt
Not Found: /robots.txt
Not Found: /.env.remote
Not Found: /.env.local
Not Found: /.env.production
Not Found: /phpinfo.php
Not Found: /info.php
Not Found: /phpinfo
Not Found: /_profiler/phpinfo
Not Found: /php_info.php
Not Found: /test.php
Not Found: /js
Not Found: /media/system/js/core.js
Not Found: /wp-includes/js/jquery/jquery.js
Invalid HTTP_HOST header: 'www.wemisi.com'. You may need to add 'www.wemisi.com' to ALLOWED_HOSTS.
Traceback (most recent call last):
  File "/home/wemisico/virtualenv/wemisipy/3.13/lib/python3.13/site-packages/django/core/handlers/exception.py", line 55, in inner
    response = get_response(request)
  File "/home/wemisico/virtualenv/wemisipy/3.13/lib/python3.13/site-packages/django/utils/deprecation.py", line 133, in __call__
    response = self.process_request(request)
  File "/home/wemisico/virtualenv/wemisipy/3.13/lib/python3.13/site-packages/django/middleware/common.py", line 48, in process_request
    host = request.get_host()
  File "/home/wemisico/virtualenv/wemisipy/3.13/lib/python3.13/site-packages/django/http/request.py", line 150, in get_host
    raise DisallowedHost(msg)
django.core.exceptions.DisallowedHost: Invalid HTTP_HOST header: 'www.wemisi.com'. You may need to add 'www.wemisi.com' to ALLOWED_HOSTS.
Invalid HTTP_HOST header: 'www.wemisi.com'. You may need to add 'www.wemisi.com' to ALLOWED_HOSTS.
Traceback (most recent call last):
  File "/home/wemisico/virtualenv/wemisipy/3.13/lib/python3.13/site-packages/django/core/handlers/exception.py", line 55, in inner
    response = get_response(request)
  File "/home/wemisico/virtualenv/wemisipy/3.13/lib/python3.13/site-packages/django/utils/deprecation.py", line 133, in __call__
    response = self.process_request(request)
  File "/home/wemisico/virtualenv/wemisipy/3.13/lib/python3.13/site-packages/django/middleware/common.py", line 48, in process_request
    host = request.get_host()
  File "/home/wemisico/virtualenv/wemisipy/3.13/lib/python3.13/site-packages/django/http/request.py", line 150, in get_host
    raise DisallowedHost(msg)
django.core.exceptions.DisallowedHost: Invalid HTTP_HOST header: 'www.wemisi.com'. You may need to add 'www.wemisi.com' to ALLOWED_HOSTS.
Not Found: /favicon.ico
Not Found: /robots.txt
Not Found: /p6.html
Not Found: /wp-includes/wlwmanifest.xml
Not Found: /blog/wp-includes/wlwmanifest.xml
Not Found: /web/wp-includes/wlwmanifest.xml
Not Found: /wordpress/wp-includes/wlwmanifest.xml
Not Found: /website/wp-includes/wlwmanifest.xml
Not Found: /wp/wp-includes/wlwmanifest.xml
Not Found: /news/wp-includes/wlwmanifest.xml
Not Found: /2020/wp-includes/wlwmanifest.xml
Not Found: /2019/wp-includes/wlwmanifest.xml
Not Found: /shop/wp-includes/wlwmanifest.xml
Not Found: /wp1/wp-includes/wlwmanifest.xml
Not Found: /test/wp-includes/wlwmanifest.xml
Not Found: /wp2/wp-includes/wlwmanifest.xml
Not Found: /site/wp-includes/wlwmanifest.xml
Not Found: /cms/wp-includes/wlwmanifest.xml
Not Found: /sito/wp-includes/wlwmanifest.xml
Invalid HTTP_HOST header: 'www.wemisi.com'. You may need to add 'www.wemisi.com' to ALLOWED_HOSTS.
Traceback (most recent call last):
  File "/home/wemisico/virtualenv/wemisipy/3.13/lib/python3.13/site-packages/django/core/handlers/exception.py", line 55, in inner
    response = get_response(request)
  File "/home/wemisico/virtualenv/wemisipy/3.13/lib/python3.13/site-packages/django/utils/deprecation.py", line 133, in __call__
    response = self.process_request(request)
  File "/home/wemisico/virtualenv/wemisipy/3.13/lib/python3.13/site-packages/django/middleware/common.py", line 48, in process_request
    host = request.get_host()
  File "/home/wemisico/virtualenv/wemisipy/3.13/lib/python3.13/site-packages/django/http/request.py", line 150, in get_host
    raise DisallowedHost(msg)
django.core.exceptions.DisallowedHost: Invalid HTTP_HOST header: 'www.wemisi.com'. You may need to add 'www.wemisi.com' to ALLOWED_HOSTS.
Not Found: /robots.txt
Not Found: /p4.html
Not Found: /p1.html
Not Found: /robots.txt
Not Found: /list.html
Not Found: /wp-includes/ID3/license.txt
Not Found: /feed/
Not Found: /blog/wp-includes/wlwmanifest.xml
Not Found: /web/wp-includes/wlwmanifest.xml
Not Found: /wordpress/wp-includes/wlwmanifest.xml
Not Found: /wp/wp-includes/wlwmanifest.xml
Not Found: /2020/wp-includes/wlwmanifest.xml
Not Found: /2019/wp-includes/wlwmanifest.xml
Not Found: /2021/wp-includes/wlwmanifest.xml
Not Found: /shop/wp-includes/wlwmanifest.xml
Not Found: /wp1/wp-includes/wlwmanifest.xml
Not Found: /test/wp-includes/wlwmanifest.xml
Not Found: /site/wp-includes/wlwmanifest.xml
Not Found: /cms/wp-includes/wlwmanifest.xml
Invalid HTTP_HOST header: 'www.wemisi.com'. You may need to add 'www.wemisi.com' to ALLOWED_HOSTS.
Traceback (most recent call last):
  File "/home/wemisico/virtualenv/wemisipy/3.13/lib/python3.13/site-packages/django/core/handlers/exception.py", line 55, in inner
    response = get_response(request)
  File "/home/wemisico/virtualenv/wemisipy/3.13/lib/python3.13/site-packages/django/utils/deprecation.py", line 133, in __call__
    response = self.process_request(request)
  File "/home/wemisico/virtualenv/wemisipy/3.13/lib/python3.13/site-packages/django/middleware/common.py", line 48, in process_request
    host = request.get_host()
  File "/home/wemisico/virtualenv/wemisipy/3.13/lib/python3.13/site-packages/django/http/request.py", line 150, in get_host
    raise DisallowedHost(msg)
django.core.exceptions.DisallowedHost: Invalid HTTP_HOST header: 'www.wemisi.com'. You may need to add 'www.wemisi.com' to ALLOWED_HOSTS.
Invalid HTTP_HOST header: 'www.wemisi.com'. You may need to add 'www.wemisi.com' to ALLOWED_HOSTS.
Traceback (most recent call last):
  File "/home/wemisico/virtualenv/wemisipy/3.13/lib/python3.13/site-packages/django/core/handlers/exception.py", line 55, in inner
    response = get_response(request)
  File "/home/wemisico/virtualenv/wemisipy/3.13/lib/python3.13/site-packages/django/utils/deprecation.py", line 133, in __call__
    response = self.process_request(request)
  File "/home/wemisico/virtualenv/wemisipy/3.13/lib/python3.13/site-packages/django/middleware/common.py", line 48, in process_request
    host = request.get_host()
  File "/home/wemisico/virtualenv/wemisipy/3.13/lib/python3.13/site-packages/django/http/request.py", line 150, in get_host
    raise DisallowedHost(msg)
django.core.exceptions.DisallowedHost: Invalid HTTP_HOST header: 'www.wemisi.com'. You may need to add 'www.wemisi.com' to ALLOWED_HOSTS.
Not Found: /.env.remote
Not Found: /.env.local
Not Found: /_profiler/phpinfo
Not Found: /robots.txt
Not Found: /p15.html
Invalid HTTP_HOST header: 'www.wemisi.com'. You may need to add 'www.wemisi.com' to ALLOWED_HOSTS.
Traceback (most recent call last):
  File "/home/wemisico/virtualenv/wemisipy/3.13/lib/python3.13/site-packages/django/core/handlers/exception.py", line 55, in inner
    response = get_response(request)
  File "/home/wemisico/virtualenv/wemisipy/3.13/lib/python3.13/site-packages/django/utils/deprecation.py", line 133, in __call__
    response = self.process_request(request)
  File "/home/wemisico/virtualenv/wemisipy/3.13/lib/python3.13/site-packages/django/middleware/common.py", line 48, in process_request
    host = request.get_host()
  File "/home/wemisico/virtualenv/wemisipy/3.13/lib/python3.13/site-packages/django/http/request.py", line 150, in get_host
    raise DisallowedHost(msg)
django.core.exceptions.DisallowedHost: Invalid HTTP_HOST header: 'www.wemisi.com'. You may need to add 'www.wemisi.com' to ALLOWED_HOSTS.
Invalid HTTP_HOST header: 'www.wemisi.com'. You may need to add 'www.wemisi.com' to ALLOWED_HOSTS.
Traceback (most recent call last):
  File "/home/wemisico/virtualenv/wemisipy/3.13/lib/python3.13/site-packages/django/core/handlers/exception.py", line 55, in inner
    response = get_response(request)
  File "/home/wemisico/virtualenv/wemisipy/3.13/lib/python3.13/site-packages/django/utils/deprecation.py", line 133, in __call__
    response = self.process_request(request)
  File "/home/wemisico/virtualenv/wemisipy/3.13/lib/python3.13/site-packages/django/middleware/common.py", line 48, in process_request
    host = request.get_host()
  File "/home/wemisico/virtualenv/wemisipy/3.13/lib/python3.13/site-packages/django/http/request.py", line 150, in get_host
    raise DisallowedHost(msg)
django.core.exceptions.DisallowedHost: Invalid HTTP_HOST header: 'www.wemisi.com'. You may need to add 'www.wemisi.com' to ALLOWED_HOSTS.
Invalid HTTP_HOST header: 'www.wemisi.com'. You may need to add 'www.wemisi.com' to ALLOWED_HOSTS.
Traceback (most recent call last):
  File "/home/wemisico/virtualenv/wemisipy/3.13/lib/python3.13/site-packages/django/core/handlers/exception.py", line 55, in inner
    response = get_response(request)
  File "/home/wemisico/virtualenv/wemisipy/3.13/lib/python3.13/site-packages/django/utils/deprecation.py", line 133, in __call__
    response = self.process_request(request)
  File "/home/wemisico/virtualenv/wemisipy/3.13/lib/python3.13/site-packages/django/middleware/common.py", line 48, in process_request
    host = request.get_host()
  File "/home/wemisico/virtualenv/wemisipy/3.13/lib/python3.13/site-packages/django/http/request.py", line 150, in get_host
    raise DisallowedHost(msg)
django.core.exceptions.DisallowedHost: Invalid HTTP_HOST header: 'www.wemisi.com'. You may need to add 'www.wemisi.com' to ALLOWED_HOSTS.
Not Found: /.well-known/
Not Found: /.well-known/acme-challenge/
Not Found: /.well-known/acme-challenge/xa.php
Not Found: /.well-known/index.php
Not Found: /1.php
Not Found: /403.php
Not Found: /aa.php
Not Found: /abcd.php
Not Found: /about.php
Not Found: /admin.php
Not Found: /akcc.php
Not Found: /alfa.php
Not Found: /api.php
Not Found: /as.php
Not Found: /asasx.php
Not Found: /asd.php
Not Found: /assets/
Not Found: /assets/images/
Not Found: /autoload_classmap/function.php
Not Found: /bolt.php
Not Found: /cgi-bin/
Not Found: /chosen.php
Not Found: /classwithtostring.php
Not Found: /dex.php
Not Found: /doc.php
Not Found: /ds.php
Not Found: /edit.php
Not Found: /file.php
Not Found: /files/
Not Found: /files/index.php
Not Found: /function.php
Not Found: /gelay.php
Not Found: /gfile.php
Not Found: /gg.php
Not Found: /goods.php
Not Found: /i.php
Not Found: /images/images/about.php
Not Found: /images/index.php
Not Found: /inc.php
Not Found: /index.bak.php
Not Found: /index/function.php
Not Found: /info.php
Not Found: /ini.php
Not Found: /inputs.php
Not Found: /ioxi-o.php
Not Found: /item.php
Not Found: /manager.php
Not Found: /modules/
Not Found: /moon.php
Not Found: /new.php
Not Found: /past.php
Not Found: /php/
Not Found: /radio.php
Not Found: /robots.php
Not Found: /shop.php
Not Found: /themes.php
Not Found: /tinyfilemanager.php
Not Found: /upload/
Not Found: /vendor/
Not Found: /wp-admin.php
Not Found: /wp-admin/
Not Found: /wp-admin/classwithtostring.php
Not Found: /wp-admin/css/
Not Found: /wp-admin/css/colors/
Not Found: /wp-admin/css/colors/ectoplasm/
Not Found: /wp-admin/css/colors/light/function.php
Not Found: /wp-admin/css/colors/midnight/
Not Found: /wp-admin/images/
Not Found: /wp-admin/includes/
Not Found: /wp-admin/includes/about.php
Not Found: /wp-admin/includes/colour.php
Not Found: /wp-admin/js/
Not Found: /wp-admin/js/widgets/
Not Found: /wp-admin/js/widgets/index.php
Not Found: /wp-admin/mah.php
Not Found: /wp-admin/maint/
Not Found: /wp-admin/meta/
Not Found: /wp-admin/network/
Not Found: /wp-admin/wp-admins.php
Not Found: /wp-blog-header.php
Not Found: /wp-comments.php
Not Found: /wp-conflg.php
Not Found: /wp-content/
Not Found: /wp-content/1.php
Not Found: /wp-content/Geforce.php
Not Found: /wp-content/admin.php
Not Found: /wp-content/autoload_classmap.php
Not Found: /wp-content/index.php
Not Found: /wp-content/plugins/
Not Found: /wp-content/plugins/HelloDollyV2/
Not Found: /wp-content/plugins/admin.php
Not Found: /wp-content/plugins/dummyyummy/wp-signup.php
Not Found: /wp-content/themes/
Not Found: /wp-content/themes/admin.php
Not Found: /wp-content/themes/index.php
Not Found: /wp-content/themes/themes.php
Not Found: /wp-content/upgrade/
Not Found: /wp-content/upgrade/index.php
Not Found: /wp-content/uploads/
Not Found: /wp-content/uploads/Geforce.php
Not Found: /wp-content/uploads/index.php
Not Found: /wp-good.php
Not Found: /wp-includes/
Not Found: /wp-includes/ID3/
Not Found: /wp-includes/ID3/index.php
Not Found: /wp-includes/IXR/
Not Found: /wp-includes/IXR/test1.php
Not Found: /wp-includes/PHPMailer/
Not Found: /wp-includes/Requests/
Not Found: /wp-includes/Requests/Auth/
Not Found: /wp-includes/Requests/index.php
Not Found: /wp-includes/SimplePie/
Not Found: /wp-includes/SimplePie/Content/
Not Found: /wp-includes/SimplePie/autoload_classmap.php
Not Found: /wp-includes/SimplePie/chosen.php
Not Found: /wp-includes/SimplePie/index.php
Not Found: /wp-includes/Text/
Not Found: /wp-includes/Text/Diff/
Not Found: /wp-includes/Text/Diff/Engine/
Not Found: /wp-includes/Text/Diff/Renderer/
Not Found: /wp-includes/Text/Diff/index.php
Not Found: /wp-includes/Text/wp-conflg.php
Not Found: /wp-includes/assets/
Not Found: /wp-includes/assets/autoload_classmap.php
Not Found: /wp-includes/bk/index.php
Not Found: /wp-includes/block-bindings/
Not Found: /wp-includes/block-patterns/
Not Found: /wp-includes/block-supports/
Not Found: /wp-includes/blocks/shortcode/index.php
Not Found: /wp-includes/certificates/
Not Found: /wp-includes/css/
Not Found: /wp-includes/css/dist/alam.php
Not Found: /wp-includes/customize/
Not Found: /wp-includes/customize/index.php
Not Found: /wp-content/cache/
Not Found: /wp-content/w3tc/
Not Found: /wp-content/et-cache/
Not Found: /wp-content/cache/supercache/
Not Found: /wp-content/wflogs/
Not Found: /wp-content/updraft/
Not Found: /wp-content/ai1wm-backups/
Not Found: /wp-content/backups-dup-lite/
Not Found: /wp-content/backup-db/
Not Found: /wp-content/uploads/woocommerce_uploads/
Not Found: /wp-content/uploads/woocommerce/
Not Found: /wp-content/uploads/wc-logs/
Not Found: /wp-includes/images/
Not Found: /wp-includes/js/
Not Found: /wp-includes/fonts/
Not Found: /wp-includes/fonts/autoload_classmap.php
Not Found: /wp-includes/fonts/index.php
Not Found: /wp-includes/html-api/
Not Found: /wp-includes/images/crystal/
Not Found: /wp-includes/images/index.php
Not Found: /wp-includes/images/media/
Not Found: /wp-includes/images/media/index.php
Not Found: /wp-includes/images/smilies/
Not Found: /wp-includes/images/wlw/
Not Found: /wp-includes/index.php
Not Found: /wp-includes/js/codemirror/
Not Found: /wp-includes/js/crop/
Not Found: /wp-includes/js/jcrop/jcrop.php
Not Found: /wp-includes/php-compat/
Not Found: /wp-includes/pomo/
Not Found: /wp-includes/random_compat/
Not Found: /wp-includes/rest-api/
Not Found: /wp-includes/rest-api/endpoints/
Not Found: /wp-includes/rest-api/fields/
Not Found: /wp-includes/rest-api/search/
Not Found: /wp-includes/sitemaps/
Not Found: /wp-includes/sitemaps/autoload_classmap.php
Not Found: /wp-includes/sitemaps/providers/
Not Found: /wp-includes/sodium_compat/
Not Found: /wp-includes/sodium_compat/index.php
Not Found: /wp-includes/sodium_compat/src/
Not Found: /wp-includes/style-engine/index.php
Not Found: /wp-includes/style-engine/wp-conflg.php
Not Found: /wp-includes/theme-compat/
Not Found: /wp-includes/widgets/autoload_classmap.php
Not Found: /wp-mail.php
Not Found: /wp-signin.php
Not Found: /wp-update.php
Not Found: /wp.php
Not Found: /xmrlpc.php
Not Found: /robots.txt
Not Found: /p2.html
Not Found: /assets/jquery-file-upload/server/php/index.php
Not Found: /robots.txt
Not Found: /p9.html
Not Found: /robots.txt
Not Found: /p7.html
Not Found: /robots.txt
Not Found: /p16.html
Not Found: /p5.html
Not Found: /robots.txt
Not Found: /p3.html
Not Found: /robots.txt
Not Found: /robots.txt
Not Found: /robots.txt
Not Found: /p14.html
Invalid HTTP_HOST header: 'www.wemisi.com'. You may need to add 'www.wemisi.com' to ALLOWED_HOSTS.
Traceback (most recent call last):
  File "/home/wemisico/virtualenv/wemisipy/3.13/lib/python3.13/site-packages/django/core/handlers/exception.py", line 55, in inner
    response = get_response(request)
  File "/home/wemisico/virtualenv/wemisipy/3.13/lib/python3.13/site-packages/django/utils/deprecation.py", line 133, in __call__
    response = self.process_request(request)
  File "/home/wemisico/virtualenv/wemisipy/3.13/lib/python3.13/site-packages/django/middleware/common.py", line 48, in process_request
    host = request.get_host()
  File "/home/wemisico/virtualenv/wemisipy/3.13/lib/python3.13/site-packages/django/http/request.py", line 150, in get_host
    raise DisallowedHost(msg)
django.core.exceptions.DisallowedHost: Invalid HTTP_HOST header: 'www.wemisi.com'. You may need to add 'www.wemisi.com' to ALLOWED_HOSTS.
Not Found: /favicon.ico
Not Found: /robots.txt
Not Found: /.well-known/
Not Found: /.well-known/acme-challenge/
Not Found: /.well-known/acme-challenge/xa.php
Not Found: /.well-known/index.php
Not Found: /1.php
Not Found: /403.php
Not Found: /aa.php
Not Found: /abcd.php
Not Found: /about.php
Not Found: /admin.php
Not Found: /akcc.php
Not Found: /alfa.php
Not Found: /api.php
Not Found: /as.php
Not Found: /asasx.php
Not Found: /asd.php
Not Found: /assets/
Not Found: /assets/images/
Not Found: /autoload_classmap/function.php
Not Found: /bolt.php
Not Found: /cgi-bin/
Not Found: /chosen.php
Not Found: /classwithtostring.php
Not Found: /dex.php
Not Found: /doc.php
Not Found: /ds.php
Not Found: /edit.php
Not Found: /file.php
Not Found: /files/
Not Found: /files/index.php
Not Found: /function.php
Not Found: /gelay.php
Not Found: /gfile.php
Not Found: /gg.php
Not Found: /goods.php
Not Found: /i.php
Not Found: /images/images/about.php
Not Found: /images/index.php
Not Found: /inc.php
Not Found: /index.bak.php
Not Found: /index/function.php
Not Found: /info.php
Not Found: /ini.php
Not Found: /inputs.php
Not Found: /ioxi-o.php
Not Found: /item.php
Not Found: /manager.php
Not Found: /modules/
Not Found: /moon.php
Not Found: /new.php
Not Found: /past.php
Not Found: /php/
Not Found: /radio.php
Not Found: /robots.php
Not Found: /shop.php
Not Found: /themes.php
Not Found: /tinyfilemanager.php
Not Found: /upload/
Not Found: /vendor/
Not Found: /wp-admin.php
Not Found: /wp-admin/
Not Found: /wp-admin/classwithtostring.php
Not Found: /wp-admin/css/
Not Found: /wp-admin/css/colors/
Not Found: /wp-admin/css/colors/ectoplasm/
Not Found: /wp-admin/css/colors/light/function.php
Not Found: /wp-admin/css/colors/midnight/
Not Found: /wp-admin/images/
Not Found: /wp-admin/includes/
Not Found: /wp-admin/includes/about.php
Not Found: /wp-admin/includes/colour.php
Not Found: /wp-admin/js/
Not Found: /wp-admin/js/widgets/
Not Found: /wp-admin/js/widgets/index.php
Not Found: /wp-admin/mah.php
Not Found: /wp-admin/maint/
Not Found: /wp-admin/meta/
Not Found: /wp-admin/network/
Not Found: /wp-admin/wp-admins.php
Not Found: /wp-blog-header.php
Not Found: /wp-comments.php
Not Found: /wp-conflg.php
Not Found: /wp-content/
Not Found: /wp-content/1.php
Not Found: /wp-content/Geforce.php
Not Found: /wp-content/admin.php
Not Found: /wp-content/autoload_classmap.php
Not Found: /wp-content/index.php
Not Found: /wp-content/plugins/
Not Found: /wp-content/plugins/HelloDollyV2/
Not Found: /wp-content/plugins/admin.php
Not Found: /wp-content/plugins/dummyyummy/wp-signup.php
Not Found: /wp-content/themes/
Not Found: /wp-content/themes/admin.php
Not Found: /wp-content/themes/index.php
Not Found: /wp-content/themes/themes.php
Not Found: /wp-content/upgrade/
Not Found: /wp-content/upgrade/index.php
Not Found: /wp-content/uploads/
Not Found: /wp-content/uploads/Geforce.php
Not Found: /wp-content/uploads/index.php
Not Found: /wp-good.php
Not Found: /wp-includes/
Not Found: /wp-includes/ID3/
Not Found: /wp-includes/ID3/index.php
Not Found: /wp-includes/IXR/
Not Found: /wp-includes/IXR/test1.php
Not Found: /wp-includes/PHPMailer/
Not Found: /wp-includes/Requests/
Not Found: /wp-includes/Requests/Auth/
Not Found: /wp-includes/Requests/index.php
Not Found: /wp-includes/SimplePie/
Not Found: /wp-includes/SimplePie/Content/
Not Found: /wp-includes/SimplePie/autoload_classmap.php
Not Found: /wp-includes/SimplePie/chosen.php
Not Found: /wp-includes/SimplePie/index.php
Not Found: /wp-includes/Text/
Not Found: /wp-includes/Text/Diff/
Not Found: /wp-includes/Text/Diff/Engine/
Not Found: /wp-includes/Text/Diff/Renderer/
Not Found: /wp-includes/Text/Diff/index.php
Not Found: /wp-includes/Text/wp-conflg.php
Not Found: /wp-includes/assets/
Not Found: /wp-includes/assets/autoload_classmap.php
Not Found: /wp-includes/bk/index.php
Not Found: /wp-includes/block-bindings/
Not Found: /wp-includes/block-patterns/
Not Found: /wp-includes/block-supports/
Not Found: /wp-includes/blocks/shortcode/index.php
Not Found: /wp-includes/certificates/
Not Found: /wp-includes/css/
Not Found: /wp-includes/css/dist/alam.php
Not Found: /wp-includes/customize/
Not Found: /wp-includes/customize/index.php
Not Found: /wp-content/cache/
Not Found: /wp-content/w3tc/
Not Found: /wp-content/et-cache/
Not Found: /wp-content/cache/supercache/
Not Found: /wp-content/wflogs/
Not Found: /wp-content/updraft/
Not Found: /wp-content/ai1wm-backups/
Not Found: /wp-content/backups-dup-lite/
Not Found: /wp-content/backup-db/
Not Found: /wp-content/uploads/woocommerce_uploads/
Not Found: /wp-content/uploads/woocommerce/
Not Found: /wp-content/uploads/wc-logs/
Not Found: /wp-includes/images/
Not Found: /wp-includes/js/
Not Found: /wp-includes/fonts/
Not Found: /wp-includes/fonts/autoload_classmap.php
Not Found: /wp-includes/fonts/index.php
Not Found: /wp-includes/html-api/
Not Found: /wp-includes/images/crystal/
Not Found: /wp-includes/images/index.php
Not Found: /wp-includes/images/media/
Not Found: /wp-includes/images/media/index.php
Not Found: /wp-includes/images/smilies/
Not Found: /wp-includes/images/wlw/
Not Found: /wp-includes/index.php
Not Found: /wp-includes/js/codemirror/
Not Found: /wp-includes/js/crop/
Not Found: /wp-includes/js/jcrop/jcrop.php
Not Found: /wp-includes/php-compat/
Not Found: /wp-includes/pomo/
Not Found: /wp-includes/random_compat/
Not Found: /wp-includes/rest-api/
Not Found: /wp-includes/rest-api/endpoints/
Not Found: /wp-includes/rest-api/fields/
Not Found: /wp-includes/rest-api/search/
Not Found: /wp-includes/sitemaps/
Not Found: /wp-includes/sitemaps/autoload_classmap.php
Not Found: /wp-includes/sitemaps/providers/
Not Found: /wp-includes/sodium_compat/
Not Found: /wp-includes/sodium_compat/index.php
Not Found: /wp-includes/sodium_compat/src/
Not Found: /wp-includes/style-engine/index.php
Not Found: /wp-includes/style-engine/wp-conflg.php
Not Found: /wp-includes/theme-compat/
Not Found: /wp-includes/widgets/autoload_classmap.php
Not Found: /wp-mail.php
Not Found: /wp-signin.php
Not Found: /wp-update.php
Not Found: /wp.php
Not Found: /xmrlpc.php
Not Found: /robots.txt
Not Found: /p12.html
Not Found: /p13.html
Invalid HTTP_HOST header: 'www.wemisi.com'. You may need to add 'www.wemisi.com' to ALLOWED_HOSTS.
Traceback (most recent call last):
  File "/home/wemisico/virtualenv/wemisipy/3.13/lib/python3.13/site-packages/django/core/handlers/exception.py", line 55, in inner
    response = get_response(request)
  File "/home/wemisico/virtualenv/wemisipy/3.13/lib/python3.13/site-packages/django/utils/deprecation.py", line 133, in __call__
    response = self.process_request(request)
  File "/home/wemisico/virtualenv/wemisipy/3.13/lib/python3.13/site-packages/django/middleware/common.py", line 48, in process_request
    host = request.get_host()
  File "/home/wemisico/virtualenv/wemisipy/3.13/lib/python3.13/site-packages/django/http/request.py", line 150, in get_host
    raise DisallowedHost(msg)
django.core.exceptions.DisallowedHost: Invalid HTTP_HOST header: 'www.wemisi.com'. You may need to add 'www.wemisi.com' to ALLOWED_HOSTS.
Invalid HTTP_HOST header: 'www.wemisi.com'. You may need to add 'www.wemisi.com' to ALLOWED_HOSTS.
Traceback (most recent call last):
  File "/home/wemisico/virtualenv/wemisipy/3.13/lib/python3.13/site-packages/django/core/handlers/exception.py", line 55, in inner
    response = get_response(request)
  File "/home/wemisico/virtualenv/wemisipy/3.13/lib/python3.13/site-packages/django/utils/deprecation.py", line 133, in __call__
    response = self.process_request(request)
  File "/home/wemisico/virtualenv/wemisipy/3.13/lib/python3.13/site-packages/django/middleware/common.py", line 48, in process_request
    host = request.get_host()
  File "/home/wemisico/virtualenv/wemisipy/3.13/lib/python3.13/site-packages/django/http/request.py", line 150, in get_host
    raise DisallowedHost(msg)
django.core.exceptions.DisallowedHost: Invalid HTTP_HOST header: 'www.wemisi.com'. You may need to add 'www.wemisi.com' to ALLOWED_HOSTS.
Not Found: /robots.txt
Not Found: /js
Not Found: /services.html
Not Found: /images/15.png
Invalid HTTP_HOST header: 'www.wemisi.com'. You may need to add 'www.wemisi.com' to ALLOWED_HOSTS.
Traceback (most recent call last):
  File "/home/wemisico/virtualenv/wemisipy/3.13/lib/python3.13/site-packages/django/core/handlers/exception.py", line 55, in inner
    response = get_response(request)
  File "/home/wemisico/virtualenv/wemisipy/3.13/lib/python3.13/site-packages/django/utils/deprecation.py", line 133, in __call__
    response = self.process_request(request)
  File "/home/wemisico/virtualenv/wemisipy/3.13/lib/python3.13/site-packages/django/middleware/common.py", line 48, in process_request
    host = request.get_host()
  File "/home/wemisico/virtualenv/wemisipy/3.13/lib/python3.13/site-packages/django/http/request.py", line 150, in get_host
    raise DisallowedHost(msg)
django.core.exceptions.DisallowedHost: Invalid HTTP_HOST header: 'www.wemisi.com'. You may need to add 'www.wemisi.com' to ALLOWED_HOSTS.
Invalid HTTP_HOST header: 'www.wemisi.com'. You may need to add 'www.wemisi.com' to ALLOWED_HOSTS.
Traceback (most recent call last):
  File "/home/wemisico/virtualenv/wemisipy/3.13/lib/python3.13/site-packages/django/core/handlers/exception.py", line 55, in inner
    response = get_response(request)
  File "/home/wemisico/virtualenv/wemisipy/3.13/lib/python3.13/site-packages/django/utils/deprecation.py", line 133, in __call__
    response = self.process_request(request)
  File "/home/wemisico/virtualenv/wemisipy/3.13/lib/python3.13/site-packages/django/middleware/common.py", line 48, in process_request
    host = request.get_host()
  File "/home/wemisico/virtualenv/wemisipy/3.13/lib/python3.13/site-packages/django/http/request.py", line 150, in get_host
    raise DisallowedHost(msg)
django.core.exceptions.DisallowedHost: Invalid HTTP_HOST header: 'www.wemisi.com'. You may need to add 'www.wemisi.com' to ALLOWED_HOSTS.
Invalid HTTP_HOST header: 'www.wemisi.com'. You may need to add 'www.wemisi.com' to ALLOWED_HOSTS.
Traceback (most recent call last):
  File "/home/wemisico/virtualenv/wemisipy/3.13/lib/python3.13/site-packages/django/core/handlers/exception.py", line 55, in inner
    response = get_response(request)
  File "/home/wemisico/virtualenv/wemisipy/3.13/lib/python3.13/site-packages/django/utils/deprecation.py", line 133, in __call__
    response = self.process_request(request)
  File "/home/wemisico/virtualenv/wemisipy/3.13/lib/python3.13/site-packages/django/middleware/common.py", line 48, in process_request
    host = request.get_host()
  File "/home/wemisico/virtualenv/wemisipy/3.13/lib/python3.13/site-packages/django/http/request.py", line 150, in get_host
    raise DisallowedHost(msg)
django.core.exceptions.DisallowedHost: Invalid HTTP_HOST header: 'www.wemisi.com'. You may need to add 'www.wemisi.com' to ALLOWED_HOSTS.
Not Found: /robots.txt
Not Found: /p11.html
Not Found: /robots.txt
Not Found: /js
Invalid HTTP_HOST header: 'www.wemisi.com'. You may need to add 'www.wemisi.com' to ALLOWED_HOSTS.
Traceback (most recent call last):
  File "/home/wemisico/virtualenv/wemisipy/3.13/lib/python3.13/site-packages/django/core/handlers/exception.py", line 55, in inner
    response = get_response(request)
  File "/home/wemisico/virtualenv/wemisipy/3.13/lib/python3.13/site-packages/django/utils/deprecation.py", line 133, in __call__
    response = self.process_request(request)
  File "/home/wemisico/virtualenv/wemisipy/3.13/lib/python3.13/site-packages/django/middleware/common.py", line 48, in process_request
    host = request.get_host()
  File "/home/wemisico/virtualenv/wemisipy/3.13/lib/python3.13/site-packages/django/http/request.py", line 150, in get_host
    raise DisallowedHost(msg)
django.core.exceptions.DisallowedHost: Invalid HTTP_HOST header: 'www.wemisi.com'. You may need to add 'www.wemisi.com' to ALLOWED_HOSTS.
Not Found: /robots.txt
Not Found: /p8.html
Not Found: /assets/jquery-file-upload/server/php/index.php
Not Found: /js
Not Found: /robots.txt
Invalid HTTP_HOST header: 'www.wemisi.com'. You may need to add 'www.wemisi.com' to ALLOWED_HOSTS.
Traceback (most recent call last):
  File "/home/wemisico/virtualenv/wemisipy/3.13/lib/python3.13/site-packages/django/core/handlers/exception.py", line 55, in inner
    response = get_response(request)
  File "/home/wemisico/virtualenv/wemisipy/3.13/lib/python3.13/site-packages/django/utils/deprecation.py", line 133, in __call__
    response = self.process_request(request)
  File "/home/wemisico/virtualenv/wemisipy/3.13/lib/python3.13/site-packages/django/middleware/common.py", line 48, in process_request
    host = request.get_host()
  File "/home/wemisico/virtualenv/wemisipy/3.13/lib/python3.13/site-packages/django/http/request.py", line 150, in get_host
    raise DisallowedHost(msg)
django.core.exceptions.DisallowedHost: Invalid HTTP_HOST header: 'www.wemisi.com'. You may need to add 'www.wemisi.com' to ALLOWED_HOSTS.
Not Found: /robots.txt
Not Found: /robots.txt
Not Found: /favicon.ico
Not Found: /robots.txt
Not Found: /robots.txt
Not Found: /robots.txt
Not Found: /robots.txt
Not Found: /robots.txt
Not Found: /images/sps.png
Not Found: /favicon.ico
Not Found: /favicon.ico
Not Found: /wp-login.php
Not Found: /wp-includes/wlwmanifest.xml
Not Found: /blog/wp-includes/wlwmanifest.xml
Not Found: /web/wp-includes/wlwmanifest.xml
Not Found: /wordpress/wp-includes/wlwmanifest.xml
Not Found: /website/wp-includes/wlwmanifest.xml
Not Found: /wp/wp-includes/wlwmanifest.xml
Not Found: /news/wp-includes/wlwmanifest.xml
Not Found: /2018/wp-includes/wlwmanifest.xml
Not Found: /2019/wp-includes/wlwmanifest.xml
Not Found: /shop/wp-includes/wlwmanifest.xml
Not Found: /wp1/wp-includes/wlwmanifest.xml
Not Found: /test/wp-includes/wlwmanifest.xml
Not Found: /media/wp-includes/wlwmanifest.xml
Not Found: /wp2/wp-includes/wlwmanifest.xml
Not Found: /site/wp-includes/wlwmanifest.xml
Not Found: /cms/wp-includes/wlwmanifest.xml
Not Found: /sito/wp-includes/wlwmanifest.xml
Not Found: /wp-includes/ID3/license.txt
Not Found: /feed/
Not Found: /blog/wp-includes/wlwmanifest.xml
Not Found: /web/wp-includes/wlwmanifest.xml
Not Found: /wordpress/wp-includes/wlwmanifest.xml
Not Found: /wp/wp-includes/wlwmanifest.xml
Not Found: /2020/wp-includes/wlwmanifest.xml
Not Found: /2019/wp-includes/wlwmanifest.xml
Not Found: /2021/wp-includes/wlwmanifest.xml
Not Found: /shop/wp-includes/wlwmanifest.xml
Not Found: /wp1/wp-includes/wlwmanifest.xml
Not Found: /test/wp-includes/wlwmanifest.xml
Not Found: /site/wp-includes/wlwmanifest.xml
Not Found: /cms/wp-includes/wlwmanifest.xml
Not Found: /robots.txt
Not Found: /robots.txt
Not Found: /robots.txt
Not Found: /robots.txt
Not Found: /p10.html
Not Found: /media/system/js/core.js
Not Found: /wp-includes/js/jquery/jquery.js
Not Found: /.well-known/security.txt
Not Found: /robots.txt
Not Found: /esp.html
Invalid HTTP_HOST header: 'www.wemisi.com'. You may need to add 'www.wemisi.com' to ALLOWED_HOSTS.
Traceback (most recent call last):
  File "/home/wemisico/virtualenv/wemisipy/3.13/lib/python3.13/site-packages/django/core/handlers/exception.py", line 55, in inner
    response = get_response(request)
  File "/home/wemisico/virtualenv/wemisipy/3.13/lib/python3.13/site-packages/django/utils/deprecation.py", line 133, in __call__
    response = self.process_request(request)
  File "/home/wemisico/virtualenv/wemisipy/3.13/lib/python3.13/site-packages/django/middleware/common.py", line 48, in process_request
    host = request.get_host()
  File "/home/wemisico/virtualenv/wemisipy/3.13/lib/python3.13/site-packages/django/http/request.py", line 150, in get_host
    raise DisallowedHost(msg)
django.core.exceptions.DisallowedHost: Invalid HTTP_HOST header: 'www.wemisi.com'. You may need to add 'www.wemisi.com' to ALLOWED_HOSTS.
Invalid HTTP_HOST header: 'www.wemisi.com'. You may need to add 'www.wemisi.com' to ALLOWED_HOSTS.
Traceback (most recent call last):
  File "/home/wemisico/virtualenv/wemisipy/3.13/lib/python3.13/site-packages/django/core/handlers/exception.py", line 55, in inner
    response = get_response(request)
  File "/home/wemisico/virtualenv/wemisipy/3.13/lib/python3.13/site-packages/django/utils/deprecation.py", line 133, in __call__
    response = self.process_request(request)
  File "/home/wemisico/virtualenv/wemisipy/3.13/lib/python3.13/site-packages/django/middleware/common.py", line 48, in process_request
    host = request.get_host()
  File "/home/wemisico/virtualenv/wemisipy/3.13/lib/python3.13/site-packages/django/http/request.py", line 150, in get_host
    raise DisallowedHost(msg)
django.core.exceptions.DisallowedHost: Invalid HTTP_HOST header: 'www.wemisi.com'. You may need to add 'www.wemisi.com' to ALLOWED_HOSTS.
Not Found: /robots.txt
Not Found: /index.html
Not Found: /cart.html
Not Found: /p4.html
Not Found: /_ignition/execute-solution
Not Found: /_ignition/execute-solution
Not Found: /robots.txt
Not Found: /assets/jquery-file-upload/server/php/index.php
Not Found: /favicon.ico
Not Found: /robots.txt
Not Found: /robots.txt
Invalid HTTP_HOST header: 'www.wemisi.com'. You may need to add 'www.wemisi.com' to ALLOWED_HOSTS.
Traceback (most recent call last):
  File "/home/wemisico/virtualenv/wemisipy/3.13/lib/python3.13/site-packages/django/core/handlers/exception.py", line 55, in inner
    response = get_response(request)
  File "/home/wemisico/virtualenv/wemisipy/3.13/lib/python3.13/site-packages/django/utils/deprecation.py", line 133, in __call__
    response = self.process_request(request)
  File "/home/wemisico/virtualenv/wemisipy/3.13/lib/python3.13/site-packages/django/middleware/common.py", line 48, in process_request
    host = request.get_host()
  File "/home/wemisico/virtualenv/wemisipy/3.13/lib/python3.13/site-packages/django/http/request.py", line 150, in get_host
    raise DisallowedHost(msg)
django.core.exceptions.DisallowedHost: Invalid HTTP_HOST header: 'www.wemisi.com'. You may need to add 'www.wemisi.com' to ALLOWED_HOSTS.
Not Found: /robots.txt
Not Found: /.well-known/security.txt
Not Found: /robots.txt
Not Found: /robots.txt
Invalid HTTP_HOST header: 'www.wemisi.com'. You may need to add 'www.wemisi.com' to ALLOWED_HOSTS.
Traceback (most recent call last):
  File "/home/wemisico/virtualenv/wemisipy/3.13/lib/python3.13/site-packages/django/core/handlers/exception.py", line 55, in inner
    response = get_response(request)
  File "/home/wemisico/virtualenv/wemisipy/3.13/lib/python3.13/site-packages/django/utils/deprecation.py", line 133, in __call__
    response = self.process_request(request)
  File "/home/wemisico/virtualenv/wemisipy/3.13/lib/python3.13/site-packages/django/middleware/common.py", line 48, in process_request
    host = request.get_host()
  File "/home/wemisico/virtualenv/wemisipy/3.13/lib/python3.13/site-packages/django/http/request.py", line 150, in get_host
    raise DisallowedHost(msg)
django.core.exceptions.DisallowedHost: Invalid HTTP_HOST header: 'www.wemisi.com'. You may need to add 'www.wemisi.com' to ALLOWED_HOSTS.
Not Found: /favicon.ico
Invalid HTTP_HOST header: 'www.wemisi.com'. You may need to add 'www.wemisi.com' to ALLOWED_HOSTS.
Traceback (most recent call last):
  File "/home/wemisico/virtualenv/wemisipy/3.13/lib/python3.13/site-packages/django/core/handlers/exception.py", line 55, in inner
    response = get_response(request)
  File "/home/wemisico/virtualenv/wemisipy/3.13/lib/python3.13/site-packages/django/utils/deprecation.py", line 133, in __call__
    response = self.process_request(request)
  File "/home/wemisico/virtualenv/wemisipy/3.13/lib/python3.13/site-packages/django/middleware/common.py", line 48, in process_request
    host = request.get_host()
  File "/home/wemisico/virtualenv/wemisipy/3.13/lib/python3.13/site-packages/django/http/request.py", line 150, in get_host
    raise DisallowedHost(msg)
django.core.exceptions.DisallowedHost: Invalid HTTP_HOST header: 'www.wemisi.com'. You may need to add 'www.wemisi.com' to ALLOWED_HOSTS.
Invalid HTTP_HOST header: 'www.wemisi.com'. You may need to add 'www.wemisi.com' to ALLOWED_HOSTS.
Traceback (most recent call last):
  File "/home/wemisico/virtualenv/wemisipy/3.13/lib/python3.13/site-packages/django/core/handlers/exception.py", line 55, in inner
    response = get_response(request)
  File "/home/wemisico/virtualenv/wemisipy/3.13/lib/python3.13/site-packages/django/utils/deprecation.py", line 133, in __call__
    response = self.process_request(request)
  File "/home/wemisico/virtualenv/wemisipy/3.13/lib/python3.13/site-packages/django/middleware/common.py", line 48, in process_request
    host = request.get_host()
  File "/home/wemisico/virtualenv/wemisipy/3.13/lib/python3.13/site-packages/django/http/request.py", line 150, in get_host
    raise DisallowedHost(msg)
django.core.exceptions.DisallowedHost: Invalid HTTP_HOST header: 'www.wemisi.com'. You may need to add 'www.wemisi.com' to ALLOWED_HOSTS.
Invalid HTTP_HOST header: 'www.wemisi.com'. You may need to add 'www.wemisi.com' to ALLOWED_HOSTS.
Traceback (most recent call last):
  File "/home/wemisico/virtualenv/wemisipy/3.13/lib/python3.13/site-packages/django/core/handlers/exception.py", line 55, in inner
    response = get_response(request)
  File "/home/wemisico/virtualenv/wemisipy/3.13/lib/python3.13/site-packages/django/utils/deprecation.py", line 133, in __call__
    response = self.process_request(request)
  File "/home/wemisico/virtualenv/wemisipy/3.13/lib/python3.13/site-packages/django/middleware/common.py", line 48, in process_request
    host = request.get_host()
  File "/home/wemisico/virtualenv/wemisipy/3.13/lib/python3.13/site-packages/django/http/request.py", line 150, in get_host
    raise DisallowedHost(msg)
django.core.exceptions.DisallowedHost: Invalid HTTP_HOST header: 'www.wemisi.com'. You may need to add 'www.wemisi.com' to ALLOWED_HOSTS.
Not Found: /robots.txt
Not Found: /p4.html
Not Found: /media/blog_images/1.jpg
Internal Server Error: /accounts/login/
Traceback (most recent call last):
  File "/home/wemisico/virtualenv/wemisipy/3.13/lib/python3.13/site-packages/django/core/handlers/exception.py", line 55, in inner
    response = get_response(request)
  File "/home/wemisico/virtualenv/wemisipy/3.13/lib/python3.13/site-packages/django/core/handlers/base.py", line 220, in _get_response
    response = response.render()
  File "/home/wemisico/virtualenv/wemisipy/3.13/lib/python3.13/site-packages/django/template/response.py", line 114, in render
    self.content = self.rendered_content
                   ^^^^^^^^^^^^^^^^^^^^^
  File "/home/wemisico/virtualenv/wemisipy/3.13/lib/python3.13/site-packages/django/template/response.py", line 90, in rendered_content
    template = self.resolve_template(self.template_name)
  File "/home/wemisico/virtualenv/wemisipy/3.13/lib/python3.13/site-packages/django/template/response.py", line 72, in resolve_template
    return select_template(template, using=self.using)
  File "/home/wemisico/virtualenv/wemisipy/3.13/lib/python3.13/site-packages/django/template/loader.py", line 47, in select_template
    raise TemplateDoesNotExist(", ".join(template_name_list), chain=chain)
django.template.exceptions.TemplateDoesNotExist: registration/login.html
Invalid HTTP_HOST header: 'www.wemisi.com'. You may need to add 'www.wemisi.com' to ALLOWED_HOSTS.
Traceback (most recent call last):
  File "/home/wemisico/virtualenv/wemisipy/3.13/lib/python3.13/site-packages/django/core/handlers/exception.py", line 55, in inner
    response = get_response(request)
  File "/home/wemisico/virtualenv/wemisipy/3.13/lib/python3.13/site-packages/django/utils/deprecation.py", line 133, in __call__
    response = self.process_request(request)
  File "/home/wemisico/virtualenv/wemisipy/3.13/lib/python3.13/site-packages/django/middleware/common.py", line 48, in process_request
    host = request.get_host()
  File "/home/wemisico/virtualenv/wemisipy/3.13/lib/python3.13/site-packages/django/http/request.py", line 150, in get_host
    raise DisallowedHost(msg)
django.core.exceptions.DisallowedHost: Invalid HTTP_HOST header: 'www.wemisi.com'. You may need to add 'www.wemisi.com' to ALLOWED_HOSTS.
Invalid HTTP_HOST header: 'www.wemisi.com'. You may need to add 'www.wemisi.com' to ALLOWED_HOSTS.
Traceback (most recent call last):
  File "/home/wemisico/virtualenv/wemisipy/3.13/lib/python3.13/site-packages/django/core/handlers/exception.py", line 55, in inner
    response = get_response(request)
  File "/home/wemisico/virtualenv/wemisipy/3.13/lib/python3.13/site-packages/django/utils/deprecation.py", line 133, in __call__
    response = self.process_request(request)
  File "/home/wemisico/virtualenv/wemisipy/3.13/lib/python3.13/site-packages/django/middleware/common.py", line 48, in process_request
    host = request.get_host()
  File "/home/wemisico/virtualenv/wemisipy/3.13/lib/python3.13/site-packages/django/http/request.py", line 150, in get_host
    raise DisallowedHost(msg)
django.core.exceptions.DisallowedHost: Invalid HTTP_HOST header: 'www.wemisi.com'. You may need to add 'www.wemisi.com' to ALLOWED_HOSTS.
Not Found: /userfuns.php
Not Found: /userfuns.php
Invalid HTTP_HOST header: 'www.wemisi.com'. You may need to add 'www.wemisi.com' to ALLOWED_HOSTS.
Traceback (most recent call last):
  File "/home/wemisico/virtualenv/wemisipy/3.13/lib/python3.13/site-packages/django/core/handlers/exception.py", line 55, in inner
    response = get_response(request)
  File "/home/wemisico/virtualenv/wemisipy/3.13/lib/python3.13/site-packages/django/utils/deprecation.py", line 133, in __call__
    response = self.process_request(request)
  File "/home/wemisico/virtualenv/wemisipy/3.13/lib/python3.13/site-packages/django/middleware/common.py", line 48, in process_request
    host = request.get_host()
  File "/home/wemisico/virtualenv/wemisipy/3.13/lib/python3.13/site-packages/django/http/request.py", line 150, in get_host
    raise DisallowedHost(msg)
django.core.exceptions.DisallowedHost: Invalid HTTP_HOST header: 'www.wemisi.com'. You may need to add 'www.wemisi.com' to ALLOWED_HOSTS.
Not Found: /robots.txt
Invalid HTTP_HOST header: 'www.wemisi.com'. You may need to add 'www.wemisi.com' to ALLOWED_HOSTS.
Traceback (most recent call last):
  File "/home/wemisico/virtualenv/wemisipy/3.13/lib/python3.13/site-packages/django/core/handlers/exception.py", line 55, in inner
    response = get_response(request)
  File "/home/wemisico/virtualenv/wemisipy/3.13/lib/python3.13/site-packages/django/utils/deprecation.py", line 133, in __call__
    response = self.process_request(request)
  File "/home/wemisico/virtualenv/wemisipy/3.13/lib/python3.13/site-packages/django/middleware/common.py", line 48, in process_request
    host = request.get_host()
  File "/home/wemisico/virtualenv/wemisipy/3.13/lib/python3.13/site-packages/django/http/request.py", line 150, in get_host
    raise DisallowedHost(msg)
django.core.exceptions.DisallowedHost: Invalid HTTP_HOST header: 'www.wemisi.com'. You may need to add 'www.wemisi.com' to ALLOWED_HOSTS.
Invalid HTTP_HOST header: 'www.wemisi.com'. You may need to add 'www.wemisi.com' to ALLOWED_HOSTS.
Traceback (most recent call last):
  File "/home/wemisico/virtualenv/wemisipy/3.13/lib/python3.13/site-packages/django/core/handlers/exception.py", line 55, in inner
    response = get_response(request)
  File "/home/wemisico/virtualenv/wemisipy/3.13/lib/python3.13/site-packages/django/utils/deprecation.py", line 133, in __call__
    response = self.process_request(request)
  File "/home/wemisico/virtualenv/wemisipy/3.13/lib/python3.13/site-packages/django/middleware/common.py", line 48, in process_request
    host = request.get_host()
  File "/home/wemisico/virtualenv/wemisipy/3.13/lib/python3.13/site-packages/django/http/request.py", line 150, in get_host
    raise DisallowedHost(msg)
django.core.exceptions.DisallowedHost: Invalid HTTP_HOST header: 'www.wemisi.com'. You may need to add 'www.wemisi.com' to ALLOWED_HOSTS.
Invalid HTTP_HOST header: 'www.wemisi.com'. You may need to add 'www.wemisi.com' to ALLOWED_HOSTS.
Traceback (most recent call last):
  File "/home/wemisico/virtualenv/wemisipy/3.13/lib/python3.13/site-packages/django/core/handlers/exception.py", line 55, in inner
    response = get_response(request)
  File "/home/wemisico/virtualenv/wemisipy/3.13/lib/python3.13/site-packages/django/utils/deprecation.py", line 133, in __call__
    response = self.process_request(request)
  File "/home/wemisico/virtualenv/wemisipy/3.13/lib/python3.13/site-packages/django/middleware/common.py", line 48, in process_request
    host = request.get_host()
  File "/home/wemisico/virtualenv/wemisipy/3.13/lib/python3.13/site-packages/django/http/request.py", line 150, in get_host
    raise DisallowedHost(msg)
django.core.exceptions.DisallowedHost: Invalid HTTP_HOST header: 'www.wemisi.com'. You may need to add 'www.wemisi.com' to ALLOWED_HOSTS.
Invalid HTTP_HOST header: 'www.wemisi.com'. You may need to add 'www.wemisi.com' to ALLOWED_HOSTS.
Traceback (most recent call last):
  File "/home/wemisico/virtualenv/wemisipy/3.13/lib/python3.13/site-packages/django/core/handlers/exception.py", line 55, in inner
    response = get_response(request)
  File "/home/wemisico/virtualenv/wemisipy/3.13/lib/python3.13/site-packages/django/utils/deprecation.py", line 133, in __call__
    response = self.process_request(request)
  File "/home/wemisico/virtualenv/wemisipy/3.13/lib/python3.13/site-packages/django/middleware/common.py", line 48, in process_request
    host = request.get_host()
  File "/home/wemisico/virtualenv/wemisipy/3.13/lib/python3.13/site-packages/django/http/request.py", line 150, in get_host
    raise DisallowedHost(msg)
django.core.exceptions.DisallowedHost: Invalid HTTP_HOST header: 'www.wemisi.com'. You may need to add 'www.wemisi.com' to ALLOWED_HOSTS.
Invalid HTTP_HOST header: 'www.wemisi.com'. You may need to add 'www.wemisi.com' to ALLOWED_HOSTS.
Traceback (most recent call last):
  File "/home/wemisico/virtualenv/wemisipy/3.13/lib/python3.13/site-packages/django/core/handlers/exception.py", line 55, in inner
    response = get_response(request)
  File "/home/wemisico/virtualenv/wemisipy/3.13/lib/python3.13/site-packages/django/utils/deprecation.py", line 133, in __call__
    response = self.process_request(request)
  File "/home/wemisico/virtualenv/wemisipy/3.13/lib/python3.13/site-packages/django/middleware/common.py", line 48, in process_request
    host = request.get_host()
  File "/home/wemisico/virtualenv/wemisipy/3.13/lib/python3.13/site-packages/django/http/request.py", line 150, in get_host
    raise DisallowedHost(msg)
django.core.exceptions.DisallowedHost: Invalid HTTP_HOST header: 'www.wemisi.com'. You may need to add 'www.wemisi.com' to ALLOWED_HOSTS.
Invalid HTTP_HOST header: 'www.wemisi.com'. You may need to add 'www.wemisi.com' to ALLOWED_HOSTS.
Traceback (most recent call last):
  File "/home/wemisico/virtualenv/wemisipy/3.13/lib/python3.13/site-packages/django/core/handlers/exception.py", line 55, in inner
    response = get_response(request)
  File "/home/wemisico/virtualenv/wemisipy/3.13/lib/python3.13/site-packages/django/utils/deprecation.py", line 133, in __call__
    response = self.process_request(request)
  File "/home/wemisico/virtualenv/wemisipy/3.13/lib/python3.13/site-packages/django/middleware/common.py", line 48, in process_request
    host = request.get_host()
  File "/home/wemisico/virtualenv/wemisipy/3.13/lib/python3.13/site-packages/django/http/request.py", line 150, in get_host
    raise DisallowedHost(msg)
django.core.exceptions.DisallowedHost: Invalid HTTP_HOST header: 'www.wemisi.com'. You may need to add 'www.wemisi.com' to ALLOWED_HOSTS.
Invalid HTTP_HOST header: 'www.wemisi.com'. You may need to add 'www.wemisi.com' to ALLOWED_HOSTS.
Traceback (most recent call last):
  File "/home/wemisico/virtualenv/wemisipy/3.13/lib/python3.13/site-packages/django/core/handlers/exception.py", line 55, in inner
    response = get_response(request)
  File "/home/wemisico/virtualenv/wemisipy/3.13/lib/python3.13/site-packages/django/utils/deprecation.py", line 133, in __call__
    response = self.process_request(request)
  File "/home/wemisico/virtualenv/wemisipy/3.13/lib/python3.13/site-packages/django/middleware/common.py", line 48, in process_request
    host = request.get_host()
  File "/home/wemisico/virtualenv/wemisipy/3.13/lib/python3.13/site-packages/django/http/request.py", line 150, in get_host
    raise DisallowedHost(msg)
django.core.exceptions.DisallowedHost: Invalid HTTP_HOST header: 'www.wemisi.com'. You may need to add 'www.wemisi.com' to ALLOWED_HOSTS.
Not Found: /sftp-config.json
Not Found: /.vscode/sftp.json
Not Found: /wp-content/
Not Found: /media/system/js/core.js
Not Found: /wp-includes/js/jquery/jquery.js
Not Found: /robots.txt
Not Found: /robots.txt
Not Found: /index.html
Not Found: /marble.html
Not Found: /fence.html
Not Found: /granite.html
Not Found: /coming-soon.html
Invalid HTTP_HOST header: 'www.wemisi.com'. You may need to add 'www.wemisi.com' to ALLOWED_HOSTS.
Traceback (most recent call last):
  File "/home/wemisico/virtualenv/wemisipy/3.13/lib/python3.13/site-packages/django/core/handlers/exception.py", line 55, in inner
    response = get_response(request)
  File "/home/wemisico/virtualenv/wemisipy/3.13/lib/python3.13/site-packages/django/utils/deprecation.py", line 133, in __call__
    response = self.process_request(request)
  File "/home/wemisico/virtualenv/wemisipy/3.13/lib/python3.13/site-packages/django/middleware/common.py", line 48, in process_request
    host = request.get_host()
  File "/home/wemisico/virtualenv/wemisipy/3.13/lib/python3.13/site-packages/django/http/request.py", line 150, in get_host
    raise DisallowedHost(msg)
django.core.exceptions.DisallowedHost: Invalid HTTP_HOST header: 'www.wemisi.com'. You may need to add 'www.wemisi.com' to ALLOWED_HOSTS.
Invalid HTTP_HOST header: 'www.wemisi.com'. You may need to add 'www.wemisi.com' to ALLOWED_HOSTS.
Traceback (most recent call last):
  File "/home/wemisico/virtualenv/wemisipy/3.13/lib/python3.13/site-packages/django/core/handlers/exception.py", line 55, in inner
    response = get_response(request)
  File "/home/wemisico/virtualenv/wemisipy/3.13/lib/python3.13/site-packages/django/utils/deprecation.py", line 133, in __call__
    response = self.process_request(request)
  File "/home/wemisico/virtualenv/wemisipy/3.13/lib/python3.13/site-packages/django/middleware/common.py", line 48, in process_request
    host = request.get_host()
  File "/home/wemisico/virtualenv/wemisipy/3.13/lib/python3.13/site-packages/django/http/request.py", line 150, in get_host
    raise DisallowedHost(msg)
django.core.exceptions.DisallowedHost: Invalid HTTP_HOST header: 'www.wemisi.com'. You may need to add 'www.wemisi.com' to ALLOWED_HOSTS.
Invalid HTTP_HOST header: 'www.wemisi.com'. You may need to add 'www.wemisi.com' to ALLOWED_HOSTS.
Traceback (most recent call last):
  File "/home/wemisico/virtualenv/wemisipy/3.13/lib/python3.13/site-packages/django/core/handlers/exception.py", line 55, in inner
    response = get_response(request)
  File "/home/wemisico/virtualenv/wemisipy/3.13/lib/python3.13/site-packages/django/utils/deprecation.py", line 133, in __call__
    response = self.process_request(request)
  File "/home/wemisico/virtualenv/wemisipy/3.13/lib/python3.13/site-packages/django/middleware/common.py", line 48, in process_request
    host = request.get_host()
  File "/home/wemisico/virtualenv/wemisipy/3.13/lib/python3.13/site-packages/django/http/request.py", line 150, in get_host
    raise DisallowedHost(msg)
django.core.exceptions.DisallowedHost: Invalid HTTP_HOST header: 'www.wemisi.com'. You may need to add 'www.wemisi.com' to ALLOWED_HOSTS.
Not Found: /robots.txt
Not Found: /robots.txt
Invalid HTTP_HOST header: 'www.wemisi.com'. You may need to add 'www.wemisi.com' to ALLOWED_HOSTS.
Traceback (most recent call last):
  File "/home/wemisico/virtualenv/wemisipy/3.13/lib/python3.13/site-packages/django/core/handlers/exception.py", line 55, in inner
    response = get_response(request)
  File "/home/wemisico/virtualenv/wemisipy/3.13/lib/python3.13/site-packages/django/utils/deprecation.py", line 133, in __call__
    response = self.process_request(request)
  File "/home/wemisico/virtualenv/wemisipy/3.13/lib/python3.13/site-packages/django/middleware/common.py", line 48, in process_request
    host = request.get_host()
  File "/home/wemisico/virtualenv/wemisipy/3.13/lib/python3.13/site-packages/django/http/request.py", line 150, in get_host
    raise DisallowedHost(msg)
django.core.exceptions.DisallowedHost: Invalid HTTP_HOST header: 'www.wemisi.com'. You may need to add 'www.wemisi.com' to ALLOWED_HOSTS.
Not Found: /robots.txt
Not Found: /index.html
Not Found: /list.html
Not Found: /services.html
Invalid HTTP_HOST header: 'www.wemisi.com'. You may need to add 'www.wemisi.com' to ALLOWED_HOSTS.
Traceback (most recent call last):
  File "/home/wemisico/virtualenv/wemisipy/3.13/lib/python3.13/site-packages/django/core/handlers/exception.py", line 55, in inner
    response = get_response(request)
  File "/home/wemisico/virtualenv/wemisipy/3.13/lib/python3.13/site-packages/django/utils/deprecation.py", line 133, in __call__
    response = self.process_request(request)
  File "/home/wemisico/virtualenv/wemisipy/3.13/lib/python3.13/site-packages/django/middleware/common.py", line 48, in process_request
    host = request.get_host()
  File "/home/wemisico/virtualenv/wemisipy/3.13/lib/python3.13/site-packages/django/http/request.py", line 150, in get_host
    raise DisallowedHost(msg)
django.core.exceptions.DisallowedHost: Invalid HTTP_HOST header: 'www.wemisi.com'. You may need to add 'www.wemisi.com' to ALLOWED_HOSTS.
Invalid HTTP_HOST header: 'www.wemisi.com'. You may need to add 'www.wemisi.com' to ALLOWED_HOSTS.
Traceback (most recent call last):
  File "/home/wemisico/virtualenv/wemisipy/3.13/lib/python3.13/site-packages/django/core/handlers/exception.py", line 55, in inner
    response = get_response(request)
  File "/home/wemisico/virtualenv/wemisipy/3.13/lib/python3.13/site-packages/django/utils/deprecation.py", line 133, in __call__
    response = self.process_request(request)
  File "/home/wemisico/virtualenv/wemisipy/3.13/lib/python3.13/site-packages/django/middleware/common.py", line 48, in process_request
    host = request.get_host()
  File "/home/wemisico/virtualenv/wemisipy/3.13/lib/python3.13/site-packages/django/http/request.py", line 150, in get_host
    raise DisallowedHost(msg)
django.core.exceptions.DisallowedHost: Invalid HTTP_HOST header: 'www.wemisi.com'. You may need to add 'www.wemisi.com' to ALLOWED_HOSTS.
Invalid HTTP_HOST header: 'www.wemisi.com'. You may need to add 'www.wemisi.com' to ALLOWED_HOSTS.
Traceback (most recent call last):
  File "/home/wemisico/virtualenv/wemisipy/3.13/lib/python3.13/site-packages/django/core/handlers/exception.py", line 55, in inner
    response = get_response(request)
  File "/home/wemisico/virtualenv/wemisipy/3.13/lib/python3.13/site-packages/django/utils/deprecation.py", line 133, in __call__
    response = self.process_request(request)
  File "/home/wemisico/virtualenv/wemisipy/3.13/lib/python3.13/site-packages/django/middleware/common.py", line 48, in process_request
    host = request.get_host()
  File "/home/wemisico/virtualenv/wemisipy/3.13/lib/python3.13/site-packages/django/http/request.py", line 150, in get_host
    raise DisallowedHost(msg)
django.core.exceptions.DisallowedHost: Invalid HTTP_HOST header: 'www.wemisi.com'. You may need to add 'www.wemisi.com' to ALLOWED_HOSTS.
Invalid HTTP_HOST header: 'www.wemisi.com'. You may need to add 'www.wemisi.com' to ALLOWED_HOSTS.
Traceback (most recent call last):
  File "/home/wemisico/virtualenv/wemisipy/3.13/lib/python3.13/site-packages/django/core/handlers/exception.py", line 55, in inner
    response = get_response(request)
  File "/home/wemisico/virtualenv/wemisipy/3.13/lib/python3.13/site-packages/django/utils/deprecation.py", line 133, in __call__
    response = self.process_request(request)
  File "/home/wemisico/virtualenv/wemisipy/3.13/lib/python3.13/site-packages/django/middleware/common.py", line 48, in process_request
    host = request.get_host()
  File "/home/wemisico/virtualenv/wemisipy/3.13/lib/python3.13/site-packages/django/http/request.py", line 150, in get_host
    raise DisallowedHost(msg)
django.core.exceptions.DisallowedHost: Invalid HTTP_HOST header: 'www.wemisi.com'. You may need to add 'www.wemisi.com' to ALLOWED_HOSTS.
Not Found: /robots.txt
Not Found: /robots.txt
Not Found: /favicon.ico
Not Found: /favicon.ico
Not Found: /media/blog_images/1.jpg
Not Found: /robots.txt
Invalid HTTP_HOST header: 'www.wemisi.com'. You may need to add 'www.wemisi.com' to ALLOWED_HOSTS.
Traceback (most recent call last):
  File "/home/wemisico/virtualenv/wemisipy/3.13/lib/python3.13/site-packages/django/core/handlers/exception.py", line 55, in inner
    response = get_response(request)
  File "/home/wemisico/virtualenv/wemisipy/3.13/lib/python3.13/site-packages/django/utils/deprecation.py", line 133, in __call__
    response = self.process_request(request)
  File "/home/wemisico/virtualenv/wemisipy/3.13/lib/python3.13/site-packages/django/middleware/common.py", line 48, in process_request
    host = request.get_host()
  File "/home/wemisico/virtualenv/wemisipy/3.13/lib/python3.13/site-packages/django/http/request.py", line 150, in get_host
    raise DisallowedHost(msg)
django.core.exceptions.DisallowedHost: Invalid HTTP_HOST header: 'www.wemisi.com'. You may need to add 'www.wemisi.com' to ALLOWED_HOSTS.
Not Found: /robots.txt
Invalid HTTP_HOST header: 'www.wemisi.com'. You may need to add 'www.wemisi.com' to ALLOWED_HOSTS.
Traceback (most recent call last):
  File "/home/wemisico/virtualenv/wemisipy/3.13/lib/python3.13/site-packages/django/core/handlers/exception.py", line 55, in inner
    response = get_response(request)
  File "/home/wemisico/virtualenv/wemisipy/3.13/lib/python3.13/site-packages/django/utils/deprecation.py", line 133, in __call__
    response = self.process_request(request)
  File "/home/wemisico/virtualenv/wemisipy/3.13/lib/python3.13/site-packages/django/middleware/common.py", line 48, in process_request
    host = request.get_host()
  File "/home/wemisico/virtualenv/wemisipy/3.13/lib/python3.13/site-packages/django/http/request.py", line 150, in get_host
    raise DisallowedHost(msg)
django.core.exceptions.DisallowedHost: Invalid HTTP_HOST header: 'www.wemisi.com'. You may need to add 'www.wemisi.com' to ALLOWED_HOSTS.
Invalid HTTP_HOST header: 'www.wemisi.com'. You may need to add 'www.wemisi.com' to ALLOWED_HOSTS.
Traceback (most recent call last):
  File "/home/wemisico/virtualenv/wemisipy/3.13/lib/python3.13/site-packages/django/core/handlers/exception.py", line 55, in inner
    response = get_response(request)
  File "/home/wemisico/virtualenv/wemisipy/3.13/lib/python3.13/site-packages/django/utils/deprecation.py", line 133, in __call__
    response = self.process_request(request)
  File "/home/wemisico/virtualenv/wemisipy/3.13/lib/python3.13/site-packages/django/middleware/common.py", line 48, in process_request
    host = request.get_host()
  File "/home/wemisico/virtualenv/wemisipy/3.13/lib/python3.13/site-packages/django/http/request.py", line 150, in get_host
    raise DisallowedHost(msg)
django.core.exceptions.DisallowedHost: Invalid HTTP_HOST header: 'www.wemisi.com'. You may need to add 'www.wemisi.com' to ALLOWED_HOSTS.
Invalid HTTP_HOST header: 'www.wemisi.com'. You may need to add 'www.wemisi.com' to ALLOWED_HOSTS.
Traceback (most recent call last):
  File "/home/wemisico/virtualenv/wemisipy/3.13/lib/python3.13/site-packages/django/core/handlers/exception.py", line 55, in inner
    response = get_response(request)
  File "/home/wemisico/virtualenv/wemisipy/3.13/lib/python3.13/site-packages/django/utils/deprecation.py", line 133, in __call__
    response = self.process_request(request)
  File "/home/wemisico/virtualenv/wemisipy/3.13/lib/python3.13/site-packages/django/middleware/common.py", line 48, in process_request
    host = request.get_host()
  File "/home/wemisico/virtualenv/wemisipy/3.13/lib/python3.13/site-packages/django/http/request.py", line 150, in get_host
    raise DisallowedHost(msg)
django.core.exceptions.DisallowedHost: Invalid HTTP_HOST header: 'www.wemisi.com'. You may need to add 'www.wemisi.com' to ALLOWED_HOSTS.
Not Found: /favicon.ico
Not Found: /wp-includes/ID3/license.txt
Not Found: /feed/
Not Found: /blog/wp-includes/wlwmanifest.xml
Not Found: /web/wp-includes/wlwmanifest.xml
Not Found: /wordpress/wp-includes/wlwmanifest.xml
Not Found: /wp/wp-includes/wlwmanifest.xml
Not Found: /2020/wp-includes/wlwmanifest.xml
Not Found: /2019/wp-includes/wlwmanifest.xml
Not Found: /2021/wp-includes/wlwmanifest.xml
Not Found: /shop/wp-includes/wlwmanifest.xml
Not Found: /wp1/wp-includes/wlwmanifest.xml
Not Found: /test/wp-includes/wlwmanifest.xml
Not Found: /site/wp-includes/wlwmanifest.xml
Not Found: /cms/wp-includes/wlwmanifest.xml
Invalid HTTP_HOST header: 'www.wemisi.com'. You may need to add 'www.wemisi.com' to ALLOWED_HOSTS.
Traceback (most recent call last):
  File "/home/wemisico/virtualenv/wemisipy/3.13/lib/python3.13/site-packages/django/core/handlers/exception.py", line 55, in inner
    response = get_response(request)
  File "/home/wemisico/virtualenv/wemisipy/3.13/lib/python3.13/site-packages/django/utils/deprecation.py", line 133, in __call__
    response = self.process_request(request)
  File "/home/wemisico/virtualenv/wemisipy/3.13/lib/python3.13/site-packages/django/middleware/common.py", line 48, in process_request
    host = request.get_host()
  File "/home/wemisico/virtualenv/wemisipy/3.13/lib/python3.13/site-packages/django/http/request.py", line 150, in get_host
    raise DisallowedHost(msg)
django.core.exceptions.DisallowedHost: Invalid HTTP_HOST header: 'www.wemisi.com'. You may need to add 'www.wemisi.com' to ALLOWED_HOSTS.
Invalid HTTP_HOST header: 'www.wemisi.com'. You may need to add 'www.wemisi.com' to ALLOWED_HOSTS.
Traceback (most recent call last):
  File "/home/wemisico/virtualenv/wemisipy/3.13/lib/python3.13/site-packages/django/core/handlers/exception.py", line 55, in inner
    response = get_response(request)
  File "/home/wemisico/virtualenv/wemisipy/3.13/lib/python3.13/site-packages/django/utils/deprecation.py", line 133, in __call__
    response = self.process_request(request)
  File "/home/wemisico/virtualenv/wemisipy/3.13/lib/python3.13/site-packages/django/middleware/common.py", line 48, in process_request
    host = request.get_host()
  File "/home/wemisico/virtualenv/wemisipy/3.13/lib/python3.13/site-packages/django/http/request.py", line 150, in get_host
    raise DisallowedHost(msg)
django.core.exceptions.DisallowedHost: Invalid HTTP_HOST header: 'www.wemisi.com'. You may need to add 'www.wemisi.com' to ALLOWED_HOSTS.
Not Found: /robots.txt
Not Found: /index.html
Not Found: /robots.txt
Internal Server Error: /accounts/login/
Traceback (most recent call last):
  File "/home/wemisico/virtualenv/wemisipy/3.13/lib/python3.13/site-packages/django/core/handlers/exception.py", line 55, in inner
    response = get_response(request)
  File "/home/wemisico/virtualenv/wemisipy/3.13/lib/python3.13/site-packages/django/core/handlers/base.py", line 220, in _get_response
    response = response.render()
  File "/home/wemisico/virtualenv/wemisipy/3.13/lib/python3.13/site-packages/django/template/response.py", line 114, in render
    self.content = self.rendered_content
                   ^^^^^^^^^^^^^^^^^^^^^
  File "/home/wemisico/virtualenv/wemisipy/3.13/lib/python3.13/site-packages/django/template/response.py", line 90, in rendered_content
    template = self.resolve_template(self.template_name)
  File "/home/wemisico/virtualenv/wemisipy/3.13/lib/python3.13/site-packages/django/template/response.py", line 72, in resolve_template
    return select_template(template, using=self.using)
  File "/home/wemisico/virtualenv/wemisipy/3.13/lib/python3.13/site-packages/django/template/loader.py", line 47, in select_template
    raise TemplateDoesNotExist(", ".join(template_name_list), chain=chain)
django.template.exceptions.TemplateDoesNotExist: registration/login.html
Not Found: /robots.txt
Invalid HTTP_HOST header: 'www.wemisi.com'. You may need to add 'www.wemisi.com' to ALLOWED_HOSTS.
Traceback (most recent call last):
  File "/home/wemisico/virtualenv/wemisipy/3.13/lib/python3.13/site-packages/django/core/handlers/exception.py", line 55, in inner
    response = get_response(request)
  File "/home/wemisico/virtualenv/wemisipy/3.13/lib/python3.13/site-packages/django/utils/deprecation.py", line 133, in __call__
    response = self.process_request(request)
  File "/home/wemisico/virtualenv/wemisipy/3.13/lib/python3.13/site-packages/django/middleware/common.py", line 48, in process_request
    host = request.get_host()
  File "/home/wemisico/virtualenv/wemisipy/3.13/lib/python3.13/site-packages/django/http/request.py", line 150, in get_host
    raise DisallowedHost(msg)
django.core.exceptions.DisallowedHost: Invalid HTTP_HOST header: 'www.wemisi.com'. You may need to add 'www.wemisi.com' to ALLOWED_HOSTS.
Not Found: /.well-known/
Not Found: /.well-known/acme-challenge/
Not Found: /.well-known/acme-challenge/xa.php
Not Found: /.well-known/index.php
Not Found: /1.php
Not Found: /403.php
Not Found: /aa.php
Not Found: /abcd.php
Not Found: /about.php
Not Found: /admin.php
Not Found: /akcc.php
Not Found: /alfa.php
Not Found: /api.php
Not Found: /as.php
Not Found: /asasx.php
Not Found: /asd.php
Not Found: /assets/
Not Found: /assets/images/
Not Found: /autoload_classmap/function.php
Not Found: /bolt.php
Not Found: /cgi-bin/
Not Found: /chosen.php
Not Found: /classwithtostring.php
Not Found: /dex.php
Not Found: /doc.php
Not Found: /ds.php
Not Found: /edit.php
Not Found: /file.php
Not Found: /files/
Not Found: /files/index.php
Not Found: /function.php
Not Found: /gelay.php
Not Found: /gfile.php
Not Found: /gg.php
Not Found: /goods.php
Not Found: /i.php
Not Found: /images/images/about.php
Not Found: /images/index.php
Not Found: /inc.php
Not Found: /index.bak.php
Not Found: /index/function.php
Not Found: /info.php
Not Found: /ini.php
Not Found: /inputs.php
Not Found: /ioxi-o.php
Not Found: /item.php
Not Found: /manager.php
Not Found: /modules/
Not Found: /moon.php
Not Found: /new.php
Not Found: /past.php
Not Found: /php/
Not Found: /radio.php
Not Found: /robots.php
Not Found: /shop.php
Not Found: /themes.php
Not Found: /tinyfilemanager.php
Not Found: /upload/
Not Found: /vendor/
Not Found: /wp-admin.php
Not Found: /wp-admin/
Not Found: /wp-admin/classwithtostring.php
Not Found: /wp-admin/css/
Not Found: /wp-admin/css/colors/
Not Found: /wp-admin/css/colors/ectoplasm/
Not Found: /wp-admin/css/colors/light/function.php
Not Found: /wp-admin/css/colors/midnight/
Not Found: /wp-admin/images/
Not Found: /wp-admin/includes/
Not Found: /wp-admin/includes/about.php
Not Found: /wp-admin/includes/colour.php
Not Found: /wp-admin/js/
Not Found: /wp-admin/js/widgets/
Not Found: /wp-admin/js/widgets/index.php
Not Found: /wp-admin/mah.php
Not Found: /wp-admin/maint/
Not Found: /wp-admin/meta/
Not Found: /wp-admin/network/
Not Found: /wp-admin/wp-admins.php
Not Found: /wp-blog-header.php
Not Found: /wp-comments.php
Not Found: /wp-conflg.php
Not Found: /wp-content/
Not Found: /wp-content/1.php
Not Found: /wp-content/Geforce.php
Not Found: /wp-content/admin.php
Not Found: /wp-content/autoload_classmap.php
Not Found: /wp-content/index.php
Not Found: /wp-content/plugins/
Not Found: /wp-content/plugins/HelloDollyV2/
Not Found: /wp-content/plugins/admin.php
Not Found: /wp-content/plugins/dummyyummy/wp-signup.php
Not Found: /wp-content/themes/
Not Found: /wp-content/themes/admin.php
Not Found: /wp-content/themes/index.php
Not Found: /wp-content/themes/themes.php
Not Found: /wp-content/upgrade/
Not Found: /wp-content/upgrade/index.php
Not Found: /wp-content/uploads/
Not Found: /wp-content/uploads/Geforce.php
Not Found: /wp-content/uploads/index.php
Not Found: /wp-good.php
Not Found: /wp-includes/
Not Found: /wp-includes/ID3/
Not Found: /wp-includes/ID3/index.php
Not Found: /wp-includes/IXR/
Not Found: /wp-includes/IXR/test1.php
Not Found: /wp-includes/PHPMailer/
Not Found: /wp-includes/Requests/
Not Found: /wp-includes/Requests/Auth/
Not Found: /wp-includes/Requests/index.php
Not Found: /wp-includes/SimplePie/
Not Found: /wp-includes/SimplePie/Content/
Not Found: /wp-includes/SimplePie/autoload_classmap.php
Not Found: /wp-includes/SimplePie/chosen.php
Not Found: /wp-includes/SimplePie/index.php
Not Found: /wp-includes/Text/
Not Found: /wp-includes/Text/Diff/
Not Found: /wp-includes/Text/Diff/Engine/
Not Found: /wp-includes/Text/Diff/Renderer/
Not Found: /wp-includes/Text/Diff/index.php
Not Found: /wp-includes/Text/wp-conflg.php
Not Found: /wp-includes/assets/
Not Found: /wp-includes/assets/autoload_classmap.php
Not Found: /wp-includes/bk/index.php
Not Found: /wp-includes/block-bindings/
Not Found: /wp-includes/block-patterns/
Not Found: /wp-includes/block-supports/
Not Found: /wp-includes/blocks/shortcode/index.php
Not Found: /wp-includes/certificates/
Not Found: /wp-includes/css/
Not Found: /wp-includes/css/dist/alam.php
Not Found: /wp-includes/customize/
Not Found: /wp-includes/customize/index.php
Not Found: /wp-content/cache/
Not Found: /wp-content/w3tc/
Not Found: /wp-content/et-cache/
Not Found: /wp-content/cache/supercache/
Not Found: /wp-content/wflogs/
Not Found: /wp-content/updraft/
Not Found: /wp-content/ai1wm-backups/
Not Found: /wp-content/backups-dup-lite/
Not Found: /wp-content/backup-db/
Not Found: /wp-content/uploads/woocommerce_uploads/
Not Found: /wp-content/uploads/woocommerce/
Not Found: /wp-content/uploads/wc-logs/
Not Found: /wp-includes/images/
Not Found: /wp-includes/js/
Not Found: /wp-includes/fonts/
Not Found: /wp-includes/fonts/autoload_classmap.php
Not Found: /wp-includes/fonts/index.php
Not Found: /wp-includes/html-api/
Not Found: /wp-includes/images/crystal/
Not Found: /wp-includes/images/index.php
Not Found: /wp-includes/images/media/
Not Found: /wp-includes/images/media/index.php
Not Found: /wp-includes/images/smilies/
Not Found: /wp-includes/images/wlw/
Not Found: /wp-includes/index.php
Not Found: /wp-includes/js/codemirror/
Not Found: /wp-includes/js/crop/
Not Found: /wp-includes/js/jcrop/jcrop.php
Not Found: /wp-includes/php-compat/
Not Found: /wp-includes/pomo/
Not Found: /wp-includes/random_compat/
Not Found: /wp-includes/rest-api/
Not Found: /wp-includes/rest-api/endpoints/
Not Found: /wp-includes/rest-api/fields/
Not Found: /wp-includes/rest-api/search/
Not Found: /wp-includes/sitemaps/
Not Found: /wp-includes/sitemaps/autoload_classmap.php
Not Found: /wp-includes/sitemaps/providers/
Not Found: /wp-includes/sodium_compat/
Not Found: /wp-includes/sodium_compat/index.php
Not Found: /wp-includes/sodium_compat/src/
Not Found: /wp-includes/style-engine/index.php
Not Found: /wp-includes/style-engine/wp-conflg.php
Not Found: /wp-includes/theme-compat/
Not Found: /wp-includes/widgets/autoload_classmap.php
Not Found: /wp-mail.php
Not Found: /wp-signin.php
Not Found: /wp-update.php
Not Found: /wp.php
Not Found: /xmrlpc.php
Not Found: /assets/jquery-file-upload/server/php/index.php
Invalid HTTP_HOST header: 'www.wemisi.com'. You may need to add 'www.wemisi.com' to ALLOWED_HOSTS.
Traceback (most recent call last):
  File "/home/wemisico/virtualenv/wemisipy/3.13/lib/python3.13/site-packages/django/core/handlers/exception.py", line 55, in inner
    response = get_response(request)
  File "/home/wemisico/virtualenv/wemisipy/3.13/lib/python3.13/site-packages/django/utils/deprecation.py", line 133, in __call__
    response = self.process_request(request)
  File "/home/wemisico/virtualenv/wemisipy/3.13/lib/python3.13/site-packages/django/middleware/common.py", line 48, in process_request
    host = request.get_host()
  File "/home/wemisico/virtualenv/wemisipy/3.13/lib/python3.13/site-packages/django/http/request.py", line 150, in get_host
    raise DisallowedHost(msg)
django.core.exceptions.DisallowedHost: Invalid HTTP_HOST header: 'www.wemisi.com'. You may need to add 'www.wemisi.com' to ALLOWED_HOSTS.
Invalid HTTP_HOST header: 'www.wemisi.com'. You may need to add 'www.wemisi.com' to ALLOWED_HOSTS.
Traceback (most recent call last):
  File "/home/wemisico/virtualenv/wemisipy/3.13/lib/python3.13/site-packages/django/core/handlers/exception.py", line 55, in inner
    response = get_response(request)
  File "/home/wemisico/virtualenv/wemisipy/3.13/lib/python3.13/site-packages/django/utils/deprecation.py", line 133, in __call__
    response = self.process_request(request)
  File "/home/wemisico/virtualenv/wemisipy/3.13/lib/python3.13/site-packages/django/middleware/common.py", line 48, in process_request
    host = request.get_host()
  File "/home/wemisico/virtualenv/wemisipy/3.13/lib/python3.13/site-packages/django/http/request.py", line 150, in get_host
    raise DisallowedHost(msg)
django.core.exceptions.DisallowedHost: Invalid HTTP_HOST header: 'www.wemisi.com'. You may need to add 'www.wemisi.com' to ALLOWED_HOSTS.
Invalid HTTP_HOST header: 'www.wemisi.com'. You may need to add 'www.wemisi.com' to ALLOWED_HOSTS.
Traceback (most recent call last):
  File "/home/wemisico/virtualenv/wemisipy/3.13/lib/python3.13/site-packages/django/core/handlers/exception.py", line 55, in inner
    response = get_response(request)
  File "/home/wemisico/virtualenv/wemisipy/3.13/lib/python3.13/site-packages/django/utils/deprecation.py", line 133, in __call__
    response = self.process_request(request)
  File "/home/wemisico/virtualenv/wemisipy/3.13/lib/python3.13/site-packages/django/middleware/common.py", line 48, in process_request
    host = request.get_host()
  File "/home/wemisico/virtualenv/wemisipy/3.13/lib/python3.13/site-packages/django/http/request.py", line 150, in get_host
    raise DisallowedHost(msg)
django.core.exceptions.DisallowedHost: Invalid HTTP_HOST header: 'www.wemisi.com'. You may need to add 'www.wemisi.com' to ALLOWED_HOSTS.
Invalid HTTP_HOST header: 'www.wemisi.com'. You may need to add 'www.wemisi.com' to ALLOWED_HOSTS.
Traceback (most recent call last):
  File "/home/wemisico/virtualenv/wemisipy/3.13/lib/python3.13/site-packages/django/core/handlers/exception.py", line 55, in inner
    response = get_response(request)
  File "/home/wemisico/virtualenv/wemisipy/3.13/lib/python3.13/site-packages/django/utils/deprecation.py", line 133, in __call__
    response = self.process_request(request)
  File "/home/wemisico/virtualenv/wemisipy/3.13/lib/python3.13/site-packages/django/middleware/common.py", line 48, in process_request
    host = request.get_host()
  File "/home/wemisico/virtualenv/wemisipy/3.13/lib/python3.13/site-packages/django/http/request.py", line 150, in get_host
    raise DisallowedHost(msg)
django.core.exceptions.DisallowedHost: Invalid HTTP_HOST header: 'www.wemisi.com'. You may need to add 'www.wemisi.com' to ALLOWED_HOSTS.
Invalid HTTP_HOST header: 'www.wemisi.com'. You may need to add 'www.wemisi.com' to ALLOWED_HOSTS.
Traceback (most recent call last):
  File "/home/wemisico/virtualenv/wemisipy/3.13/lib/python3.13/site-packages/django/core/handlers/exception.py", line 55, in inner
    response = get_response(request)
  File "/home/wemisico/virtualenv/wemisipy/3.13/lib/python3.13/site-packages/django/utils/deprecation.py", line 133, in __call__
    response = self.process_request(request)
  File "/home/wemisico/virtualenv/wemisipy/3.13/lib/python3.13/site-packages/django/middleware/common.py", line 48, in process_request
    host = request.get_host()
  File "/home/wemisico/virtualenv/wemisipy/3.13/lib/python3.13/site-packages/django/http/request.py", line 150, in get_host
    raise DisallowedHost(msg)
django.core.exceptions.DisallowedHost: Invalid HTTP_HOST header: 'www.wemisi.com'. You may need to add 'www.wemisi.com' to ALLOWED_HOSTS.
Invalid HTTP_HOST header: 'www.wemisi.com'. You may need to add 'www.wemisi.com' to ALLOWED_HOSTS.
Traceback (most recent call last):
  File "/home/wemisico/virtualenv/wemisipy/3.13/lib/python3.13/site-packages/django/core/handlers/exception.py", line 55, in inner
    response = get_response(request)
  File "/home/wemisico/virtualenv/wemisipy/3.13/lib/python3.13/site-packages/django/utils/deprecation.py", line 133, in __call__
    response = self.process_request(request)
  File "/home/wemisico/virtualenv/wemisipy/3.13/lib/python3.13/site-packages/django/middleware/common.py", line 48, in process_request
    host = request.get_host()
  File "/home/wemisico/virtualenv/wemisipy/3.13/lib/python3.13/site-packages/django/http/request.py", line 150, in get_host
    raise DisallowedHost(msg)
django.core.exceptions.DisallowedHost: Invalid HTTP_HOST header: 'www.wemisi.com'. You may need to add 'www.wemisi.com' to ALLOWED_HOSTS.
Invalid HTTP_HOST header: 'www.wemisi.com'. You may need to add 'www.wemisi.com' to ALLOWED_HOSTS.
Traceback (most recent call last):
  File "/home/wemisico/virtualenv/wemisipy/3.13/lib/python3.13/site-packages/django/core/handlers/exception.py", line 55, in inner
    response = get_response(request)
  File "/home/wemisico/virtualenv/wemisipy/3.13/lib/python3.13/site-packages/django/utils/deprecation.py", line 133, in __call__
    response = self.process_request(request)
  File "/home/wemisico/virtualenv/wemisipy/3.13/lib/python3.13/site-packages/django/middleware/common.py", line 48, in process_request
    host = request.get_host()
  File "/home/wemisico/virtualenv/wemisipy/3.13/lib/python3.13/site-packages/django/http/request.py", line 150, in get_host
    raise DisallowedHost(msg)
django.core.exceptions.DisallowedHost: Invalid HTTP_HOST header: 'www.wemisi.com'. You may need to add 'www.wemisi.com' to ALLOWED_HOSTS.
Not Found: /robots.txt
Not Found: /robots.txt
Not Found: /media/system/js/core.js
Not Found: /wp-includes/js/jquery/jquery.js
Invalid HTTP_HOST header: 'www.wemisi.com'. You may need to add 'www.wemisi.com' to ALLOWED_HOSTS.
Traceback (most recent call last):
  File "/home/wemisico/virtualenv/wemisipy/3.13/lib/python3.13/site-packages/django/core/handlers/exception.py", line 55, in inner
    response = get_response(request)
  File "/home/wemisico/virtualenv/wemisipy/3.13/lib/python3.13/site-packages/django/utils/deprecation.py", line 133, in __call__
    response = self.process_request(request)
  File "/home/wemisico/virtualenv/wemisipy/3.13/lib/python3.13/site-packages/django/middleware/common.py", line 48, in process_request
    host = request.get_host()
  File "/home/wemisico/virtualenv/wemisipy/3.13/lib/python3.13/site-packages/django/http/request.py", line 150, in get_host
    raise DisallowedHost(msg)
django.core.exceptions.DisallowedHost: Invalid HTTP_HOST header: 'www.wemisi.com'. You may need to add 'www.wemisi.com' to ALLOWED_HOSTS.
Not Found: /p14.html
Invalid HTTP_HOST header: 'www.wemisi.com'. You may need to add 'www.wemisi.com' to ALLOWED_HOSTS.
Traceback (most recent call last):
  File "/home/wemisico/virtualenv/wemisipy/3.13/lib/python3.13/site-packages/django/core/handlers/exception.py", line 55, in inner
    response = get_response(request)
  File "/home/wemisico/virtualenv/wemisipy/3.13/lib/python3.13/site-packages/django/utils/deprecation.py", line 133, in __call__
    response = self.process_request(request)
  File "/home/wemisico/virtualenv/wemisipy/3.13/lib/python3.13/site-packages/django/middleware/common.py", line 48, in process_request
    host = request.get_host()
  File "/home/wemisico/virtualenv/wemisipy/3.13/lib/python3.13/site-packages/django/http/request.py", line 150, in get_host
    raise DisallowedHost(msg)
django.core.exceptions.DisallowedHost: Invalid HTTP_HOST header: 'www.wemisi.com'. You may need to add 'www.wemisi.com' to ALLOWED_HOSTS.
Not Found: /p15.html
Not Found: /robots.txt
Not Found: /media/system/js/core.js
Not Found: /wp-includes/js/jquery/jquery.js
Not Found: /bolt.php
Not Found: /abcd.php
Not Found: /admin.php
Not Found: /akcc.php
Not Found: /xmrlpc.php
Not Found: /robots.txt
Not Found: /postnews.php
Not Found: /wp-content/postnews.php
Not Found: /wp-admin/postnews.php
Not Found: /robots.txt
Not Found: /p16.html
Not Found: /robots.txt
Not Found: /esp.html
Invalid HTTP_HOST header: 'www.wemisi.com'. You may need to add 'www.wemisi.com' to ALLOWED_HOSTS.
Traceback (most recent call last):
  File "/home/wemisico/virtualenv/wemisipy/3.13/lib/python3.13/site-packages/django/core/handlers/exception.py", line 55, in inner
    response = get_response(request)
  File "/home/wemisico/virtualenv/wemisipy/3.13/lib/python3.13/site-packages/django/utils/deprecation.py", line 133, in __call__
    response = self.process_request(request)
  File "/home/wemisico/virtualenv/wemisipy/3.13/lib/python3.13/site-packages/django/middleware/common.py", line 48, in process_request
    host = request.get_host()
  File "/home/wemisico/virtualenv/wemisipy/3.13/lib/python3.13/site-packages/django/http/request.py", line 150, in get_host
    raise DisallowedHost(msg)
django.core.exceptions.DisallowedHost: Invalid HTTP_HOST header: 'www.wemisi.com'. You may need to add 'www.wemisi.com' to ALLOWED_HOSTS.
Invalid HTTP_HOST header: 'www.wemisi.com'. You may need to add 'www.wemisi.com' to ALLOWED_HOSTS.
Traceback (most recent call last):
  File "/home/wemisico/virtualenv/wemisipy/3.13/lib/python3.13/site-packages/django/core/handlers/exception.py", line 55, in inner
    response = get_response(request)
  File "/home/wemisico/virtualenv/wemisipy/3.13/lib/python3.13/site-packages/django/utils/deprecation.py", line 133, in __call__
    response = self.process_request(request)
  File "/home/wemisico/virtualenv/wemisipy/3.13/lib/python3.13/site-packages/django/middleware/common.py", line 48, in process_request
    host = request.get_host()
  File "/home/wemisico/virtualenv/wemisipy/3.13/lib/python3.13/site-packages/django/http/request.py", line 150, in get_host
    raise DisallowedHost(msg)
django.core.exceptions.DisallowedHost: Invalid HTTP_HOST header: 'www.wemisi.com'. You may need to add 'www.wemisi.com' to ALLOWED_HOSTS.
Invalid HTTP_HOST header: 'www.wemisi.com'. You may need to add 'www.wemisi.com' to ALLOWED_HOSTS.
Traceback (most recent call last):
  File "/home/wemisico/virtualenv/wemisipy/3.13/lib/python3.13/site-packages/django/core/handlers/exception.py", line 55, in inner
    response = get_response(request)
  File "/home/wemisico/virtualenv/wemisipy/3.13/lib/python3.13/site-packages/django/utils/deprecation.py", line 133, in __call__
    response = self.process_request(request)
  File "/home/wemisico/virtualenv/wemisipy/3.13/lib/python3.13/site-packages/django/middleware/common.py", line 48, in process_request
    host = request.get_host()
  File "/home/wemisico/virtualenv/wemisipy/3.13/lib/python3.13/site-packages/django/http/request.py", line 150, in get_host
    raise DisallowedHost(msg)
django.core.exceptions.DisallowedHost: Invalid HTTP_HOST header: 'www.wemisi.com'. You may need to add 'www.wemisi.com' to ALLOWED_HOSTS.
Not Found: /robots.txt
Not Found: /bolt.php
Not Found: /abcd.php
Not Found: /admin.php
Not Found: /akcc.php
Not Found: /xmrlpc.php
Not Found: /p17.html
Not Found: /robots.txt
Not Found: /cmd_sco
Not Found: /cmd_sco
Not Found: /cmd_sco
Not Found: /list.html
Not Found: /abcd.php
Not Found: /admin.php
Not Found: /akcc.php
Not Found: /xmrlpc.php
Not Found: /robots.txt
Not Found: /marble.html
Not Found: /list.html
Invalid HTTP_HOST header: 'www.wemisi.com'. You may need to add 'www.wemisi.com' to ALLOWED_HOSTS.
Traceback (most recent call last):
  File "/home/wemisico/virtualenv/wemisipy/3.13/lib/python3.13/site-packages/django/core/handlers/exception.py", line 55, in inner
    response = get_response(request)
  File "/home/wemisico/virtualenv/wemisipy/3.13/lib/python3.13/site-packages/django/utils/deprecation.py", line 133, in __call__
    response = self.process_request(request)
  File "/home/wemisico/virtualenv/wemisipy/3.13/lib/python3.13/site-packages/django/middleware/common.py", line 48, in process_request
    host = request.get_host()
  File "/home/wemisico/virtualenv/wemisipy/3.13/lib/python3.13/site-packages/django/http/request.py", line 150, in get_host
    raise DisallowedHost(msg)
django.core.exceptions.DisallowedHost: Invalid HTTP_HOST header: 'www.wemisi.com'. You may need to add 'www.wemisi.com' to ALLOWED_HOSTS.
Not Found: /robots.txt
Not Found: /p3.html
Invalid HTTP_HOST header: 'www.wemisi.com'. You may need to add 'www.wemisi.com' to ALLOWED_HOSTS.
Traceback (most recent call last):
  File "/home/wemisico/virtualenv/wemisipy/3.13/lib/python3.13/site-packages/django/core/handlers/exception.py", line 55, in inner
    response = get_response(request)
  File "/home/wemisico/virtualenv/wemisipy/3.13/lib/python3.13/site-packages/django/utils/deprecation.py", line 133, in __call__
    response = self.process_request(request)
  File "/home/wemisico/virtualenv/wemisipy/3.13/lib/python3.13/site-packages/django/middleware/common.py", line 48, in process_request
    host = request.get_host()
  File "/home/wemisico/virtualenv/wemisipy/3.13/lib/python3.13/site-packages/django/http/request.py", line 150, in get_host
    raise DisallowedHost(msg)
django.core.exceptions.DisallowedHost: Invalid HTTP_HOST header: 'www.wemisi.com'. You may need to add 'www.wemisi.com' to ALLOWED_HOSTS.
Not Found: /robots.txt
Not Found: /abcd.php
Not Found: /admin.php
Not Found: /akcc.php
Not Found: /xmrlpc.php
Invalid HTTP_HOST header: 'www.wemisi.com'. You may need to add 'www.wemisi.com' to ALLOWED_HOSTS.
Traceback (most recent call last):
  File "/home/wemisico/virtualenv/wemisipy/3.13/lib/python3.13/site-packages/django/core/handlers/exception.py", line 55, in inner
    response = get_response(request)
  File "/home/wemisico/virtualenv/wemisipy/3.13/lib/python3.13/site-packages/django/utils/deprecation.py", line 133, in __call__
    response = self.process_request(request)
  File "/home/wemisico/virtualenv/wemisipy/3.13/lib/python3.13/site-packages/django/middleware/common.py", line 48, in process_request
    host = request.get_host()
  File "/home/wemisico/virtualenv/wemisipy/3.13/lib/python3.13/site-packages/django/http/request.py", line 150, in get_host
    raise DisallowedHost(msg)
django.core.exceptions.DisallowedHost: Invalid HTTP_HOST header: 'www.wemisi.com'. You may need to add 'www.wemisi.com' to ALLOWED_HOSTS.
Invalid HTTP_HOST header: 'www.wemisi.com'. You may need to add 'www.wemisi.com' to ALLOWED_HOSTS.
Traceback (most recent call last):
  File "/home/wemisico/virtualenv/wemisipy/3.13/lib/python3.13/site-packages/django/core/handlers/exception.py", line 55, in inner
    response = get_response(request)
  File "/home/wemisico/virtualenv/wemisipy/3.13/lib/python3.13/site-packages/django/utils/deprecation.py", line 133, in __call__
    response = self.process_request(request)
  File "/home/wemisico/virtualenv/wemisipy/3.13/lib/python3.13/site-packages/django/middleware/common.py", line 48, in process_request
    host = request.get_host()
  File "/home/wemisico/virtualenv/wemisipy/3.13/lib/python3.13/site-packages/django/http/request.py", line 150, in get_host
    raise DisallowedHost(msg)
django.core.exceptions.DisallowedHost: Invalid HTTP_HOST header: 'www.wemisi.com'. You may need to add 'www.wemisi.com' to ALLOWED_HOSTS.
Not Found: /bms.html
Not Found: /index.html
Not Found: /assets/jquery-file-upload/server/php/index.php
Not Found: /wp-includes/wlwmanifest.xml
Not Found: /blog/wp-includes/wlwmanifest.xml
Not Found: /web/wp-includes/wlwmanifest.xml
Not Found: /wordpress/wp-includes/wlwmanifest.xml
Not Found: /website/wp-includes/wlwmanifest.xml
Not Found: /wp/wp-includes/wlwmanifest.xml
Not Found: /news/wp-includes/wlwmanifest.xml
Not Found: /2018/wp-includes/wlwmanifest.xml
Not Found: /2019/wp-includes/wlwmanifest.xml
Not Found: /shop/wp-includes/wlwmanifest.xml
Not Found: /wp1/wp-includes/wlwmanifest.xml
Not Found: /test/wp-includes/wlwmanifest.xml
Not Found: /media/wp-includes/wlwmanifest.xml
Not Found: /wp2/wp-includes/wlwmanifest.xml
Not Found: /site/wp-includes/wlwmanifest.xml
Not Found: /cms/wp-includes/wlwmanifest.xml
Not Found: /sito/wp-includes/wlwmanifest.xml
Not Found: /robots.txt
Not Found: /cart.html
Not Found: /abcd.php
Not Found: /admin.php
Not Found: /akcc.php
Not Found: /xmrlpc.php
Not Found: /wordpress/wp-admin/install.php
Invalid HTTP_HOST header: 'www.wemisi.com'. You may need to add 'www.wemisi.com' to ALLOWED_HOSTS.
Traceback (most recent call last):
  File "/home/wemisico/virtualenv/wemisipy/3.13/lib/python3.13/site-packages/django/core/handlers/exception.py", line 55, in inner
    response = get_response(request)
  File "/home/wemisico/virtualenv/wemisipy/3.13/lib/python3.13/site-packages/django/utils/deprecation.py", line 133, in __call__
    response = self.process_request(request)
  File "/home/wemisico/virtualenv/wemisipy/3.13/lib/python3.13/site-packages/django/middleware/common.py", line 48, in process_request
    host = request.get_host()
  File "/home/wemisico/virtualenv/wemisipy/3.13/lib/python3.13/site-packages/django/http/request.py", line 150, in get_host
    raise DisallowedHost(msg)
django.core.exceptions.DisallowedHost: Invalid HTTP_HOST header: 'www.wemisi.com'. You may need to add 'www.wemisi.com' to ALLOWED_HOSTS.
Not Found: /robots.txt
Not Found: /wp-login.php
Not Found: /wp-content/
Not Found: /p4.html
Not Found: /robots.txt
Not Found: /index.html
Not Found: /favicon.ico
Not Found: /abcd.php
Not Found: /admin.php
Not Found: /akcc.php
Not Found: /xmrlpc.php
Not Found: /p10.html
Not Found: /robots.txt
Not Found: /robots.txt
Invalid HTTP_HOST header: 'www.wemisi.com'. You may need to add 'www.wemisi.com' to ALLOWED_HOSTS.
Traceback (most recent call last):
  File "/home/wemisico/virtualenv/wemisipy/3.13/lib/python3.13/site-packages/django/core/handlers/exception.py", line 55, in inner
    response = get_response(request)
  File "/home/wemisico/virtualenv/wemisipy/3.13/lib/python3.13/site-packages/django/utils/deprecation.py", line 133, in __call__
    response = self.process_request(request)
  File "/home/wemisico/virtualenv/wemisipy/3.13/lib/python3.13/site-packages/django/middleware/common.py", line 48, in process_request
    host = request.get_host()
  File "/home/wemisico/virtualenv/wemisipy/3.13/lib/python3.13/site-packages/django/http/request.py", line 150, in get_host
    raise DisallowedHost(msg)
django.core.exceptions.DisallowedHost: Invalid HTTP_HOST header: 'www.wemisi.com'. You may need to add 'www.wemisi.com' to ALLOWED_HOSTS.
Not Found: /robots.txt
Internal Server Error: /accounts/login/
Traceback (most recent call last):
  File "/home/wemisico/virtualenv/wemisipy/3.13/lib/python3.13/site-packages/django/core/handlers/exception.py", line 55, in inner
    response = get_response(request)
  File "/home/wemisico/virtualenv/wemisipy/3.13/lib/python3.13/site-packages/django/core/handlers/base.py", line 220, in _get_response
    response = response.render()
  File "/home/wemisico/virtualenv/wemisipy/3.13/lib/python3.13/site-packages/django/template/response.py", line 114, in render
    self.content = self.rendered_content
                   ^^^^^^^^^^^^^^^^^^^^^
  File "/home/wemisico/virtualenv/wemisipy/3.13/lib/python3.13/site-packages/django/template/response.py", line 90, in rendered_content
    template = self.resolve_template(self.template_name)
  File "/home/wemisico/virtualenv/wemisipy/3.13/lib/python3.13/site-packages/django/template/response.py", line 72, in resolve_template
    return select_template(template, using=self.using)
  File "/home/wemisico/virtualenv/wemisipy/3.13/lib/python3.13/site-packages/django/template/loader.py", line 47, in select_template
    raise TemplateDoesNotExist(", ".join(template_name_list), chain=chain)
django.template.exceptions.TemplateDoesNotExist: registration/login.html
Invalid HTTP_HOST header: 'www.wemisi.com'. You may need to add 'www.wemisi.com' to ALLOWED_HOSTS.
Traceback (most recent call last):
  File "/home/wemisico/virtualenv/wemisipy/3.13/lib/python3.13/site-packages/django/core/handlers/exception.py", line 55, in inner
    response = get_response(request)
  File "/home/wemisico/virtualenv/wemisipy/3.13/lib/python3.13/site-packages/django/utils/deprecation.py", line 133, in __call__
    response = self.process_request(request)
  File "/home/wemisico/virtualenv/wemisipy/3.13/lib/python3.13/site-packages/django/middleware/common.py", line 48, in process_request
    host = request.get_host()
  File "/home/wemisico/virtualenv/wemisipy/3.13/lib/python3.13/site-packages/django/http/request.py", line 150, in get_host
    raise DisallowedHost(msg)
django.core.exceptions.DisallowedHost: Invalid HTTP_HOST header: 'www.wemisi.com'. You may need to add 'www.wemisi.com' to ALLOWED_HOSTS.
Invalid HTTP_HOST header: 'www.wemisi.com'. You may need to add 'www.wemisi.com' to ALLOWED_HOSTS.
Traceback (most recent call last):
  File "/home/wemisico/virtualenv/wemisipy/3.13/lib/python3.13/site-packages/django/core/handlers/exception.py", line 55, in inner
    response = get_response(request)
  File "/home/wemisico/virtualenv/wemisipy/3.13/lib/python3.13/site-packages/django/utils/deprecation.py", line 133, in __call__
    response = self.process_request(request)
  File "/home/wemisico/virtualenv/wemisipy/3.13/lib/python3.13/site-packages/django/middleware/common.py", line 48, in process_request
    host = request.get_host()
  File "/home/wemisico/virtualenv/wemisipy/3.13/lib/python3.13/site-packages/django/http/request.py", line 150, in get_host
    raise DisallowedHost(msg)
django.core.exceptions.DisallowedHost: Invalid HTTP_HOST header: 'www.wemisi.com'. You may need to add 'www.wemisi.com' to ALLOWED_HOSTS.
Not Found: /robots.txt
Invalid HTTP_HOST header: 'www.wemisi.com'. You may need to add 'www.wemisi.com' to ALLOWED_HOSTS.
Traceback (most recent call last):
  File "/home/wemisico/virtualenv/wemisipy/3.13/lib/python3.13/site-packages/django/core/handlers/exception.py", line 55, in inner
    response = get_response(request)
  File "/home/wemisico/virtualenv/wemisipy/3.13/lib/python3.13/site-packages/django/utils/deprecation.py", line 133, in __call__
    response = self.process_request(request)
  File "/home/wemisico/virtualenv/wemisipy/3.13/lib/python3.13/site-packages/django/middleware/common.py", line 48, in process_request
    host = request.get_host()
  File "/home/wemisico/virtualenv/wemisipy/3.13/lib/python3.13/site-packages/django/http/request.py", line 150, in get_host
    raise DisallowedHost(msg)
django.core.exceptions.DisallowedHost: Invalid HTTP_HOST header: 'www.wemisi.com'. You may need to add 'www.wemisi.com' to ALLOWED_HOSTS.
Not Found: /robots.txt
Not Found: /p1.html
Not Found: /robots.txt
Not Found: /robots.txt
Not Found: /coming-soon.html
Not Found: /p11.html
Not Found: /robots.txt
Not Found: /abcd.php
Not Found: /admin.php
Not Found: /akcc.php
Not Found: /xmrlpc.php
Invalid HTTP_HOST header: 'www.wemisi.com'. You may need to add 'www.wemisi.com' to ALLOWED_HOSTS.
Traceback (most recent call last):
  File "/home/wemisico/virtualenv/wemisipy/3.13/lib/python3.13/site-packages/django/core/handlers/exception.py", line 55, in inner
    response = get_response(request)
  File "/home/wemisico/virtualenv/wemisipy/3.13/lib/python3.13/site-packages/django/utils/deprecation.py", line 133, in __call__
    response = self.process_request(request)
  File "/home/wemisico/virtualenv/wemisipy/3.13/lib/python3.13/site-packages/django/middleware/common.py", line 48, in process_request
    host = request.get_host()
  File "/home/wemisico/virtualenv/wemisipy/3.13/lib/python3.13/site-packages/django/http/request.py", line 150, in get_host
    raise DisallowedHost(msg)
django.core.exceptions.DisallowedHost: Invalid HTTP_HOST header: 'www.wemisi.com'. You may need to add 'www.wemisi.com' to ALLOWED_HOSTS.
Invalid HTTP_HOST header: 'www.wemisi.com'. You may need to add 'www.wemisi.com' to ALLOWED_HOSTS.
Traceback (most recent call last):
  File "/home/wemisico/virtualenv/wemisipy/3.13/lib/python3.13/site-packages/django/core/handlers/exception.py", line 55, in inner
    response = get_response(request)
  File "/home/wemisico/virtualenv/wemisipy/3.13/lib/python3.13/site-packages/django/utils/deprecation.py", line 133, in __call__
    response = self.process_request(request)
  File "/home/wemisico/virtualenv/wemisipy/3.13/lib/python3.13/site-packages/django/middleware/common.py", line 48, in process_request
    host = request.get_host()
  File "/home/wemisico/virtualenv/wemisipy/3.13/lib/python3.13/site-packages/django/http/request.py", line 150, in get_host
    raise DisallowedHost(msg)
django.core.exceptions.DisallowedHost: Invalid HTTP_HOST header: 'www.wemisi.com'. You may need to add 'www.wemisi.com' to ALLOWED_HOSTS.
Not Found: /userfuns.php
Not Found: /userfuns.php
Not Found: /postnews.php
Not Found: /postnews.php
Not Found: /wp-content/plugins/hellopress/wp_filemanager.php
Not Found: /class-t.api.php
Not Found: /zwso.php
Not Found: /wp-admin/css/colors/blue/index.php
Not Found: /class19.php
Not Found: /class20.php
Not Found: /admin.php
Not Found: /randkeyword.php
Not Found: /fwe.php
Not Found: /images/m.php
Not Found: /g.php
Not Found: /tx1.php
Not Found: /xv.php
Not Found: /x56.php
Not Found: /htaccess.php
Not Found: /readme.php
Not Found: /x50.php
Not Found: /fv.php
Not Found: /file.php
Not Found: /aQw.php
Not Found: /lsd.php
Not Found: /EM.php
Not Found: /f-401.php
Not Found: /as.php
Not Found: /wsd.php
Not Found: /gtc.php
Not Found: /atx.php
Not Found: /z60.php
Not Found: /z60.php
Not Found: /403.php
Not Found: /m.php
Not Found: /themes.php
Not Found: /wp-admin/maint/about.php
Not Found: /wp-admin/network/wp-conflg.php
Not Found: /click.php
Not Found: /install.php
Not Found: /lv.php
Not Found: /simple.php
Not Found: /css.php
Not Found: /cong.php
Not Found: /wp-includes/images/wp-login.php
Not Found: /cong.php
Not Found: /w.php
Not Found: /404.php
Not Found: /ioxi-o.php
Not Found: /0x.php
Not Found: /css.php
Not Found: /222.php
Not Found: /wp-content/index.php
Not Found: /1.php
Not Found: /admin.php
Not Found: /wp-admin/maint/maint.php
Not Found: /classwithtostring.php
Not Found: /abcd.php
Not Found: /autoload_classmap.php
Not Found: /inputs.php
Not Found: /about.php
Not Found: /alfa.php
Not Found: /themes/twentytwentytwo/index.php
Not Found: /wp-admin/js/wp-conflg.php
Not Found: /wp-admin/wp-conflg.php
Not Found: /wp-admin/css/wp-conflg.php
Not Found: /manager.php
Not Found: /item.php
Not Found: /plugins/Cache/footer.php
Not Found: /404.php
Not Found: /mail.php
Not Found: /wp-content/plugins/index.php
Not Found: /sx.php
Not Found: /wp-admin/maint/admin.php
Not Found: /alfa.php
Not Found: /1.php
Not Found: /byp.php
Not Found: /wp-trackback.php
Not Found: /.well-known/index.php
Not Found: /wp-admin/network/plugins.php
Not Found: /wp-admin/about.php
Not Found: /gmo.php
Not Found: /wp-includes/ID3/about.php
Not Found: /css/index.php
Not Found: /wp-includes/SimplePie/wp-login.php
Not Found: /wp-content/themes/about.php
Not Found: /filemanager/dialog.php
Not Found: /wp-includes/customize/about.php
Not Found: /index/function.php
Not Found: /uploads/autoload_classmap.php
Not Found: /wp-includes/style-engine/about.php
Not Found: /ww1.php
Not Found: /about/function.php
Not Found: /.well-known/acme-challenge/index.php
Not Found: /css/colors/blue/index.php
Not Found: /security.php
Not Found: /wp-admin/user/about.php
Not Found: /wp-admin/js/index.php
Not Found: /wp-content/upgrade/about.php
Not Found: /wp-includes/assets/index.php
Not Found: /wp-content/radio.php
Not Found: /wp-includes/fonts/index.php
Not Found: /.well-known/admin.php
Not Found: /wp-content/admin.php
Not Found: /wp-content/plugins/admin.php
Not Found: /wp-content/themes/twentytwentytwo/index.php
Not Found: /.well-known/log.php
Not Found: /class.php
Not Found: /bless5.php
Not Found: /wp-includes/js/codemirror/index.php
Not Found: /wp-includes/block-patterns/index.php
Not Found: /lock360.php
Not Found: /f35.php
Not Found: /ioxi-o1.php
Not Found: /juuuu.php
Not Found: /ha.php
Not Found: /gg.php
Not Found: /we2.php
Not Found: /04.php
Not Found: /333.php
Not Found: /520.php
Not Found: /ar.php
Not Found: /x.php
Not Found: /xx.php
Not Found: /gifclass4.php
Not Found: /wp-freya.php
Not Found: /2clas.php
Not Found: /2eaa2.php
Not Found: /ave.php
Not Found: /wrt.php
Not Found: /bibil.php
Not Found: /radio.php
Not Found: /files.php
Not Found: /cord.php
Not Found: /gifclass.php
Not Found: /wp-admin/css/colors/midnight/about.php
Not Found: /nox.php
Not Found: /file48.php
Not Found: /info.php
Not Found: /class9.php
Not Found: /la.php
Not Found: /bless11.php
Not Found: /ccou.php
Not Found: /ton.php
Not Found: /403.php
Not Found: /file9.php
Not Found: /cool.php
Not Found: /php.php
Not Found: /ac.php
Not Found: /new.php
Not Found: /new4.php
Not Found: /goods.php
Not Found: /favicon.ico
Not Found: /fence.html
Not Found: /favicon.ico
Not Found: /abcd.php
Not Found: /admin.php
Not Found: /akcc.php
Not Found: /xmrlpc.php
Not Found: /cat_esp.html
Not Found: /wp-login.php
Not Found: /robots.txt
Not Found: /p2.html
Not Found: /images/IDP.png
Not Found: /wp-includes/wlwmanifest.xml
Not Found: /blog/wp-includes/wlwmanifest.xml
Not Found: /web/wp-includes/wlwmanifest.xml
Not Found: /wordpress/wp-includes/wlwmanifest.xml
Not Found: /website/wp-includes/wlwmanifest.xml
Not Found: /wp/wp-includes/wlwmanifest.xml
Not Found: /news/wp-includes/wlwmanifest.xml
Not Found: /2018/wp-includes/wlwmanifest.xml
Not Found: /2019/wp-includes/wlwmanifest.xml
Not Found: /shop/wp-includes/wlwmanifest.xml
Not Found: /wp1/wp-includes/wlwmanifest.xml
Not Found: /test/wp-includes/wlwmanifest.xml
Not Found: /media/wp-includes/wlwmanifest.xml
Not Found: /wp2/wp-includes/wlwmanifest.xml
Not Found: /site/wp-includes/wlwmanifest.xml
Not Found: /cms/wp-includes/wlwmanifest.xml
Not Found: /sito/wp-includes/wlwmanifest.xml
Not Found: /p12.html
Not Found: /kickstart.php
Not Found: /favicon.ico
Not Found: /favicon.ico
Invalid HTTP_HOST header: 'www.wemisi.com'. You may need to add 'www.wemisi.com' to ALLOWED_HOSTS.
Traceback (most recent call last):
  File "/home/wemisico/virtualenv/wemisipy/3.13/lib/python3.13/site-packages/django/core/handlers/exception.py", line 55, in inner
    response = get_response(request)
  File "/home/wemisico/virtualenv/wemisipy/3.13/lib/python3.13/site-packages/django/utils/deprecation.py", line 133, in __call__
    response = self.process_request(request)
  File "/home/wemisico/virtualenv/wemisipy/3.13/lib/python3.13/site-packages/django/middleware/common.py", line 48, in process_request
    host = request.get_host()
  File "/home/wemisico/virtualenv/wemisipy/3.13/lib/python3.13/site-packages/django/http/request.py", line 150, in get_host
    raise DisallowedHost(msg)
django.core.exceptions.DisallowedHost: Invalid HTTP_HOST header: 'www.wemisi.com'. You may need to add 'www.wemisi.com' to ALLOWED_HOSTS.
Invalid HTTP_HOST header: 'www.wemisi.com'. You may need to add 'www.wemisi.com' to ALLOWED_HOSTS.
Traceback (most recent call last):
  File "/home/wemisico/virtualenv/wemisipy/3.13/lib/python3.13/site-packages/django/core/handlers/exception.py", line 55, in inner
    response = get_response(request)
  File "/home/wemisico/virtualenv/wemisipy/3.13/lib/python3.13/site-packages/django/utils/deprecation.py", line 133, in __call__
    response = self.process_request(request)
  File "/home/wemisico/virtualenv/wemisipy/3.13/lib/python3.13/site-packages/django/middleware/common.py", line 48, in process_request
    host = request.get_host()
  File "/home/wemisico/virtualenv/wemisipy/3.13/lib/python3.13/site-packages/django/http/request.py", line 150, in get_host
    raise DisallowedHost(msg)
django.core.exceptions.DisallowedHost: Invalid HTTP_HOST header: 'www.wemisi.com'. You may need to add 'www.wemisi.com' to ALLOWED_HOSTS.
Not Found: /abcd.php
Not Found: /admin.php
Not Found: /akcc.php
Not Found: /xmrlpc.php
Not Found: /idp.html
Not Found: /robots.txt
Not Found: /robots.txt
Not Found: /robots.txt
Not Found: /robots.txt
Invalid HTTP_HOST header: 'www.wemisi.com'. You may need to add 'www.wemisi.com' to ALLOWED_HOSTS.
Traceback (most recent call last):
  File "/home/wemisico/virtualenv/wemisipy/3.13/lib/python3.13/site-packages/django/core/handlers/exception.py", line 55, in inner
    response = get_response(request)
  File "/home/wemisico/virtualenv/wemisipy/3.13/lib/python3.13/site-packages/django/utils/deprecation.py", line 133, in __call__
    response = self.process_request(request)
  File "/home/wemisico/virtualenv/wemisipy/3.13/lib/python3.13/site-packages/django/middleware/common.py", line 48, in process_request
    host = request.get_host()
  File "/home/wemisico/virtualenv/wemisipy/3.13/lib/python3.13/site-packages/django/http/request.py", line 150, in get_host
    raise DisallowedHost(msg)
django.core.exceptions.DisallowedHost: Invalid HTTP_HOST header: 'www.wemisi.com'. You may need to add 'www.wemisi.com' to ALLOWED_HOSTS.
Invalid HTTP_HOST header: 'www.wemisi.com'. You may need to add 'www.wemisi.com' to ALLOWED_HOSTS.
Traceback (most recent call last):
  File "/home/wemisico/virtualenv/wemisipy/3.13/lib/python3.13/site-packages/django/core/handlers/exception.py", line 55, in inner
    response = get_response(request)
  File "/home/wemisico/virtualenv/wemisipy/3.13/lib/python3.13/site-packages/django/utils/deprecation.py", line 133, in __call__
    response = self.process_request(request)
  File "/home/wemisico/virtualenv/wemisipy/3.13/lib/python3.13/site-packages/django/middleware/common.py", line 48, in process_request
    host = request.get_host()
  File "/home/wemisico/virtualenv/wemisipy/3.13/lib/python3.13/site-packages/django/http/request.py", line 150, in get_host
    raise DisallowedHost(msg)
django.core.exceptions.DisallowedHost: Invalid HTTP_HOST header: 'www.wemisi.com'. You may need to add 'www.wemisi.com' to ALLOWED_HOSTS.
Invalid HTTP_HOST header: 'www.wemisi.com'. You may need to add 'www.wemisi.com' to ALLOWED_HOSTS.
Traceback (most recent call last):
  File "/home/wemisico/virtualenv/wemisipy/3.13/lib/python3.13/site-packages/django/core/handlers/exception.py", line 55, in inner
    response = get_response(request)
  File "/home/wemisico/virtualenv/wemisipy/3.13/lib/python3.13/site-packages/django/utils/deprecation.py", line 133, in __call__
    response = self.process_request(request)
  File "/home/wemisico/virtualenv/wemisipy/3.13/lib/python3.13/site-packages/django/middleware/common.py", line 48, in process_request
    host = request.get_host()
  File "/home/wemisico/virtualenv/wemisipy/3.13/lib/python3.13/site-packages/django/http/request.py", line 150, in get_host
    raise DisallowedHost(msg)
django.core.exceptions.DisallowedHost: Invalid HTTP_HOST header: 'www.wemisi.com'. You may need to add 'www.wemisi.com' to ALLOWED_HOSTS.
Invalid HTTP_HOST header: 'www.wemisi.com'. You may need to add 'www.wemisi.com' to ALLOWED_HOSTS.
Traceback (most recent call last):
  File "/home/wemisico/virtualenv/wemisipy/3.13/lib/python3.13/site-packages/django/core/handlers/exception.py", line 55, in inner
    response = get_response(request)
  File "/home/wemisico/virtualenv/wemisipy/3.13/lib/python3.13/site-packages/django/utils/deprecation.py", line 133, in __call__
    response = self.process_request(request)
  File "/home/wemisico/virtualenv/wemisipy/3.13/lib/python3.13/site-packages/django/middleware/common.py", line 48, in process_request
    host = request.get_host()
  File "/home/wemisico/virtualenv/wemisipy/3.13/lib/python3.13/site-packages/django/http/request.py", line 150, in get_host
    raise DisallowedHost(msg)
django.core.exceptions.DisallowedHost: Invalid HTTP_HOST header: 'www.wemisi.com'. You may need to add 'www.wemisi.com' to ALLOWED_HOSTS.
Invalid HTTP_HOST header: 'www.wemisi.com'. You may need to add 'www.wemisi.com' to ALLOWED_HOSTS.
Traceback (most recent call last):
  File "/home/wemisico/virtualenv/wemisipy/3.13/lib/python3.13/site-packages/django/core/handlers/exception.py", line 55, in inner
    response = get_response(request)
  File "/home/wemisico/virtualenv/wemisipy/3.13/lib/python3.13/site-packages/django/utils/deprecation.py", line 133, in __call__
    response = self.process_request(request)
  File "/home/wemisico/virtualenv/wemisipy/3.13/lib/python3.13/site-packages/django/middleware/common.py", line 48, in process_request
    host = request.get_host()
  File "/home/wemisico/virtualenv/wemisipy/3.13/lib/python3.13/site-packages/django/http/request.py", line 150, in get_host
    raise DisallowedHost(msg)
django.core.exceptions.DisallowedHost: Invalid HTTP_HOST header: 'www.wemisi.com'. You may need to add 'www.wemisi.com' to ALLOWED_HOSTS.
Not Found: /favicon.ico
Not Found: /favicon.ico
Not Found: /robots.txt
Not Found: /abcd.php
Not Found: /admin.php
Not Found: /akcc.php
Not Found: /xmrlpc.php
Not Found: /robots.txt
Not Found: /p5.html
Not Found: /.well-known/acme-challenge/file.php
Not Found: /.well-known/acme-challenge/wp-login.php
Not Found: /.well-known/pki-validation/index.php
Not Found: /1.php
Not Found: /Sanskrit.php
Not Found: /aa.php
Not Found: /about.php
Not Found: /admin.php
Not Found: /ahax.php
Not Found: /assets/as.php
Not Found: /autoload_classmap/function.php
Not Found: /av.php
Not Found: /bless.php
Not Found: /buy.php
Not Found: /cc.php
Not Found: /chosen.php
Not Found: /css/index.php
Not Found: /css/install.php
Not Found: /elp.php
Not Found: /file5.php
Not Found: /function/function.php
Not Found: /goods.php
Not Found: /images/admin.php
Not Found: /index/function.php
Not Found: /inputs.php
Not Found: /install.php
Not Found: /mah/function.php
Not Found: /manager.php
Not Found: /mini.php
Not Found: /network.php
Not Found: /options-reading.php
Not Found: /simple.php
Not Found: /vendor/phpunit/phpunit/src/Util/PHP/as.php
Not Found: /wp-admin/css/colors/ocean/about.php
Not Found: /wp-admin/images/index.php
Not Found: /wp-admin/network/admin.php
Not Found: /wp-admin/network/index.php
Not Found: /wp-blog.php
Not Found: /wp-content/classwithtostring.php
Not Found: /wp-content/edit.php
Not Found: /wp-content/index.php
Not Found: /wp-content/languages/index.php
Not Found: /wp-content/plugins/admin.php
Not Found: /wp-content/themes/pridmag/install.php
Not Found: /wp-content/themes/tflow/as.php
Not Found: /wp-editor.php
Not Found: /wp-good.php
Not Found: /wp-includes/ID3/about.php
Not Found: /wp-includes/ID3/about.php/wp-content/x/index.php
Not Found: /wp-includes/ID3/simi.php
Not Found: /wp-includes/PHPMailer/index.php
Not Found: /wp-includes/Requests/about.php
Not Found: /wp-includes/SimplePie/index.php
Not Found: /wp-includes/Text/Diff/Renderer/index.php
Not Found: /wp-includes/Text/Diff/index.php
Not Found: /wp-includes/Text/index.php
Not Found: /wp-includes/Text/xwx1.php
Not Found: /wp-includes/assets/about.php
Not Found: /wp-includes/assets/index.php
Not Found: /wp-includes/bk/index.php
Not Found: /wp-includes/block-bindings/radio.php
Not Found: /wp-includes/blocks/calendar/index.php
Not Found: /wp-includes/class-wp-locale-switcher-less.php
Not Found: /wp-includes/css/index.php
Not Found: /wp-includes/customize/chosen.php
Not Found: /wp-includes/customize/class-wp-customize-media-icon-control.php
Not Found: /wp-includes/customize/index.php
Not Found: /wp-includes/customize/sx.php
Not Found: /wp-includes/fonts/admin.php
Not Found: /wp-includes/fonts/index.php
Not Found: /wp-includes/images/smilies/about.php
Not Found: /wp-includes/images/smilies/admin.php
Not Found: /wp-includes/index.php
Not Found: /wp-includes/js/index.php
Not Found: /wp-includes/rest-api/endpoints/index.php
Not Found: /wp-includes/sitemaps/wp-conflg.php
Not Found: /wp-includes/style-engine/index.php
Not Found: /wp-includes/wp-db-array.php
Not Found: /wp-themes.php
Not Found: /wp-user.php
Not Found: /wp.php
Not Found: /x.php
Not Found: /yas.php
Not Found: /abcd.php
Not Found: /akcc.php
Not Found: /xmrlpc.php
Invalid HTTP_HOST header: 'www.wemisi.com'. You may need to add 'www.wemisi.com' to ALLOWED_HOSTS.
Traceback (most recent call last):
  File "/home/wemisico/virtualenv/wemisipy/3.13/lib/python3.13/site-packages/django/core/handlers/exception.py", line 55, in inner
    response = get_response(request)
  File "/home/wemisico/virtualenv/wemisipy/3.13/lib/python3.13/site-packages/django/utils/deprecation.py", line 133, in __call__
    response = self.process_request(request)
  File "/home/wemisico/virtualenv/wemisipy/3.13/lib/python3.13/site-packages/django/middleware/common.py", line 48, in process_request
    host = request.get_host()
  File "/home/wemisico/virtualenv/wemisipy/3.13/lib/python3.13/site-packages/django/http/request.py", line 150, in get_host
    raise DisallowedHost(msg)
django.core.exceptions.DisallowedHost: Invalid HTTP_HOST header: 'www.wemisi.com'. You may need to add 'www.wemisi.com' to ALLOWED_HOSTS.
Not Found: /robots.txt
Not Found: /robots.txt
Not Found: /robots.txt
Not Found: /robots.txt
Not Found: /coming-soon.html
Not Found: /robots.txt
Invalid HTTP_HOST header: 'www.wemisi.com'. You may need to add 'www.wemisi.com' to ALLOWED_HOSTS.
Traceback (most recent call last):
  File "/home/wemisico/virtualenv/wemisipy/3.13/lib/python3.13/site-packages/django/core/handlers/exception.py", line 55, in inner
    response = get_response(request)
  File "/home/wemisico/virtualenv/wemisipy/3.13/lib/python3.13/site-packages/django/utils/deprecation.py", line 133, in __call__
    response = self.process_request(request)
  File "/home/wemisico/virtualenv/wemisipy/3.13/lib/python3.13/site-packages/django/middleware/common.py", line 48, in process_request
    host = request.get_host()
  File "/home/wemisico/virtualenv/wemisipy/3.13/lib/python3.13/site-packages/django/http/request.py", line 150, in get_host
    raise DisallowedHost(msg)
django.core.exceptions.DisallowedHost: Invalid HTTP_HOST header: 'www.wemisi.com'. You may need to add 'www.wemisi.com' to ALLOWED_HOSTS.
Invalid HTTP_HOST header: 'www.wemisi.com'. You may need to add 'www.wemisi.com' to ALLOWED_HOSTS.
Traceback (most recent call last):
  File "/home/wemisico/virtualenv/wemisipy/3.13/lib/python3.13/site-packages/django/core/handlers/exception.py", line 55, in inner
    response = get_response(request)
  File "/home/wemisico/virtualenv/wemisipy/3.13/lib/python3.13/site-packages/django/utils/deprecation.py", line 133, in __call__
    response = self.process_request(request)
  File "/home/wemisico/virtualenv/wemisipy/3.13/lib/python3.13/site-packages/django/middleware/common.py", line 48, in process_request
    host = request.get_host()
  File "/home/wemisico/virtualenv/wemisipy/3.13/lib/python3.13/site-packages/django/http/request.py", line 150, in get_host
    raise DisallowedHost(msg)
django.core.exceptions.DisallowedHost: Invalid HTTP_HOST header: 'www.wemisi.com'. You may need to add 'www.wemisi.com' to ALLOWED_HOSTS.
Not Found: /robots.txt
Not Found: /robots.txt
Not Found: /robots.txt
Not Found: /robots.txt
Not Found: /esp.html
Invalid HTTP_HOST header: 'www.wemisi.com'. You may need to add 'www.wemisi.com' to ALLOWED_HOSTS.
Traceback (most recent call last):
  File "/home/wemisico/virtualenv/wemisipy/3.13/lib/python3.13/site-packages/django/core/handlers/exception.py", line 55, in inner
    response = get_response(request)
  File "/home/wemisico/virtualenv/wemisipy/3.13/lib/python3.13/site-packages/django/utils/deprecation.py", line 133, in __call__
    response = self.process_request(request)
  File "/home/wemisico/virtualenv/wemisipy/3.13/lib/python3.13/site-packages/django/middleware/common.py", line 48, in process_request
    host = request.get_host()
  File "/home/wemisico/virtualenv/wemisipy/3.13/lib/python3.13/site-packages/django/http/request.py", line 150, in get_host
    raise DisallowedHost(msg)
django.core.exceptions.DisallowedHost: Invalid HTTP_HOST header: 'www.wemisi.com'. You may need to add 'www.wemisi.com' to ALLOWED_HOSTS.
Not Found: /robots.txt
Not Found: /robots.txt
Invalid HTTP_HOST header: 'www.wemisi.com'. You may need to add 'www.wemisi.com' to ALLOWED_HOSTS.
Traceback (most recent call last):
  File "/home/wemisico/virtualenv/wemisipy/3.13/lib/python3.13/site-packages/django/core/handlers/exception.py", line 55, in inner
    response = get_response(request)
  File "/home/wemisico/virtualenv/wemisipy/3.13/lib/python3.13/site-packages/django/utils/deprecation.py", line 133, in __call__
    response = self.process_request(request)
  File "/home/wemisico/virtualenv/wemisipy/3.13/lib/python3.13/site-packages/django/middleware/common.py", line 48, in process_request
    host = request.get_host()
  File "/home/wemisico/virtualenv/wemisipy/3.13/lib/python3.13/site-packages/django/http/request.py", line 150, in get_host
    raise DisallowedHost(msg)
django.core.exceptions.DisallowedHost: Invalid HTTP_HOST header: 'www.wemisi.com'. You may need to add 'www.wemisi.com' to ALLOWED_HOSTS.
Invalid HTTP_HOST header: 'www.wemisi.com'. You may need to add 'www.wemisi.com' to ALLOWED_HOSTS.
Traceback (most recent call last):
  File "/home/wemisico/virtualenv/wemisipy/3.13/lib/python3.13/site-packages/django/core/handlers/exception.py", line 55, in inner
    response = get_response(request)
  File "/home/wemisico/virtualenv/wemisipy/3.13/lib/python3.13/site-packages/django/utils/deprecation.py", line 133, in __call__
    response = self.process_request(request)
  File "/home/wemisico/virtualenv/wemisipy/3.13/lib/python3.13/site-packages/django/middleware/common.py", line 48, in process_request
    host = request.get_host()
  File "/home/wemisico/virtualenv/wemisipy/3.13/lib/python3.13/site-packages/django/http/request.py", line 150, in get_host
    raise DisallowedHost(msg)
django.core.exceptions.DisallowedHost: Invalid HTTP_HOST header: 'www.wemisi.com'. You may need to add 'www.wemisi.com' to ALLOWED_HOSTS.
Invalid HTTP_HOST header: 'www.wemisi.com'. You may need to add 'www.wemisi.com' to ALLOWED_HOSTS.
Traceback (most recent call last):
  File "/home/wemisico/virtualenv/wemisipy/3.13/lib/python3.13/site-packages/django/core/handlers/exception.py", line 55, in inner
    response = get_response(request)
  File "/home/wemisico/virtualenv/wemisipy/3.13/lib/python3.13/site-packages/django/utils/deprecation.py", line 133, in __call__
    response = self.process_request(request)
  File "/home/wemisico/virtualenv/wemisipy/3.13/lib/python3.13/site-packages/django/middleware/common.py", line 48, in process_request
    host = request.get_host()
  File "/home/wemisico/virtualenv/wemisipy/3.13/lib/python3.13/site-packages/django/http/request.py", line 150, in get_host
    raise DisallowedHost(msg)
django.core.exceptions.DisallowedHost: Invalid HTTP_HOST header: 'www.wemisi.com'. You may need to add 'www.wemisi.com' to ALLOWED_HOSTS.
Not Found: /p9.html
Invalid HTTP_HOST header: 'www.wemisi.com'. You may need to add 'www.wemisi.com' to ALLOWED_HOSTS.
Traceback (most recent call last):
  File "/home/wemisico/virtualenv/wemisipy/3.13/lib/python3.13/site-packages/django/core/handlers/exception.py", line 55, in inner
    response = get_response(request)
  File "/home/wemisico/virtualenv/wemisipy/3.13/lib/python3.13/site-packages/django/utils/deprecation.py", line 133, in __call__
    response = self.process_request(request)
  File "/home/wemisico/virtualenv/wemisipy/3.13/lib/python3.13/site-packages/django/middleware/common.py", line 48, in process_request
    host = request.get_host()
  File "/home/wemisico/virtualenv/wemisipy/3.13/lib/python3.13/site-packages/django/http/request.py", line 150, in get_host
    raise DisallowedHost(msg)
django.core.exceptions.DisallowedHost: Invalid HTTP_HOST header: 'www.wemisi.com'. You may need to add 'www.wemisi.com' to ALLOWED_HOSTS.
Invalid HTTP_HOST header: 'www.wemisi.com'. You may need to add 'www.wemisi.com' to ALLOWED_HOSTS.
Traceback (most recent call last):
  File "/home/wemisico/virtualenv/wemisipy/3.13/lib/python3.13/site-packages/django/core/handlers/exception.py", line 55, in inner
    response = get_response(request)
  File "/home/wemisico/virtualenv/wemisipy/3.13/lib/python3.13/site-packages/django/utils/deprecation.py", line 133, in __call__
    response = self.process_request(request)
  File "/home/wemisico/virtualenv/wemisipy/3.13/lib/python3.13/site-packages/django/middleware/common.py", line 48, in process_request
    host = request.get_host()
  File "/home/wemisico/virtualenv/wemisipy/3.13/lib/python3.13/site-packages/django/http/request.py", line 150, in get_host
    raise DisallowedHost(msg)
django.core.exceptions.DisallowedHost: Invalid HTTP_HOST header: 'www.wemisi.com'. You may need to add 'www.wemisi.com' to ALLOWED_HOSTS.
Not Found: /robots.txt
Invalid HTTP_HOST header: 'www.wemisi.com'. You may need to add 'www.wemisi.com' to ALLOWED_HOSTS.
Traceback (most recent call last):
  File "/home/wemisico/virtualenv/wemisipy/3.13/lib/python3.13/site-packages/django/core/handlers/exception.py", line 55, in inner
    response = get_response(request)
  File "/home/wemisico/virtualenv/wemisipy/3.13/lib/python3.13/site-packages/django/utils/deprecation.py", line 133, in __call__
    response = self.process_request(request)
  File "/home/wemisico/virtualenv/wemisipy/3.13/lib/python3.13/site-packages/django/middleware/common.py", line 48, in process_request
    host = request.get_host()
  File "/home/wemisico/virtualenv/wemisipy/3.13/lib/python3.13/site-packages/django/http/request.py", line 150, in get_host
    raise DisallowedHost(msg)
django.core.exceptions.DisallowedHost: Invalid HTTP_HOST header: 'www.wemisi.com'. You may need to add 'www.wemisi.com' to ALLOWED_HOSTS.
Not Found: /robots.txt
Not Found: /robots.txt
Not Found: /robots.txt
Not Found: /favicon.ico
Not Found: /favicon.ico
Invalid HTTP_HOST header: 'www.wemisi.com'. You may need to add 'www.wemisi.com' to ALLOWED_HOSTS.
Traceback (most recent call last):
  File "/home/wemisico/virtualenv/wemisipy/3.13/lib/python3.13/site-packages/django/core/handlers/exception.py", line 55, in inner
    response = get_response(request)
  File "/home/wemisico/virtualenv/wemisipy/3.13/lib/python3.13/site-packages/django/utils/deprecation.py", line 133, in __call__
    response = self.process_request(request)
  File "/home/wemisico/virtualenv/wemisipy/3.13/lib/python3.13/site-packages/django/middleware/common.py", line 48, in process_request
    host = request.get_host()
  File "/home/wemisico/virtualenv/wemisipy/3.13/lib/python3.13/site-packages/django/http/request.py", line 150, in get_host
    raise DisallowedHost(msg)
django.core.exceptions.DisallowedHost: Invalid HTTP_HOST header: 'www.wemisi.com'. You may need to add 'www.wemisi.com' to ALLOWED_HOSTS.
Not Found: /robots.txt
Not Found: /fence.html
Invalid HTTP_HOST header: 'www.wemisi.com'. You may need to add 'www.wemisi.com' to ALLOWED_HOSTS.
Traceback (most recent call last):
  File "/home/wemisico/virtualenv/wemisipy/3.13/lib/python3.13/site-packages/django/core/handlers/exception.py", line 55, in inner
    response = get_response(request)
  File "/home/wemisico/virtualenv/wemisipy/3.13/lib/python3.13/site-packages/django/utils/deprecation.py", line 133, in __call__
    response = self.process_request(request)
  File "/home/wemisico/virtualenv/wemisipy/3.13/lib/python3.13/site-packages/django/middleware/common.py", line 48, in process_request
    host = request.get_host()
  File "/home/wemisico/virtualenv/wemisipy/3.13/lib/python3.13/site-packages/django/http/request.py", line 150, in get_host
    raise DisallowedHost(msg)
django.core.exceptions.DisallowedHost: Invalid HTTP_HOST header: 'www.wemisi.com'. You may need to add 'www.wemisi.com' to ALLOWED_HOSTS.
Invalid HTTP_HOST header: 'www.wemisi.com'. You may need to add 'www.wemisi.com' to ALLOWED_HOSTS.
Traceback (most recent call last):
  File "/home/wemisico/virtualenv/wemisipy/3.13/lib/python3.13/site-packages/django/core/handlers/exception.py", line 55, in inner
    response = get_response(request)
  File "/home/wemisico/virtualenv/wemisipy/3.13/lib/python3.13/site-packages/django/utils/deprecation.py", line 133, in __call__
    response = self.process_request(request)
  File "/home/wemisico/virtualenv/wemisipy/3.13/lib/python3.13/site-packages/django/middleware/common.py", line 48, in process_request
    host = request.get_host()
  File "/home/wemisico/virtualenv/wemisipy/3.13/lib/python3.13/site-packages/django/http/request.py", line 150, in get_host
    raise DisallowedHost(msg)
django.core.exceptions.DisallowedHost: Invalid HTTP_HOST header: 'www.wemisi.com'. You may need to add 'www.wemisi.com' to ALLOWED_HOSTS.
Not Found: /robots.txt
Not Found: /robots.txt
Invalid HTTP_HOST header: 'www.wemisi.com'. You may need to add 'www.wemisi.com' to ALLOWED_HOSTS.
Traceback (most recent call last):
  File "/home/wemisico/virtualenv/wemisipy/3.13/lib/python3.13/site-packages/django/core/handlers/exception.py", line 55, in inner
    response = get_response(request)
  File "/home/wemisico/virtualenv/wemisipy/3.13/lib/python3.13/site-packages/django/utils/deprecation.py", line 133, in __call__
    response = self.process_request(request)
  File "/home/wemisico/virtualenv/wemisipy/3.13/lib/python3.13/site-packages/django/middleware/common.py", line 48, in process_request
    host = request.get_host()
  File "/home/wemisico/virtualenv/wemisipy/3.13/lib/python3.13/site-packages/django/http/request.py", line 150, in get_host
    raise DisallowedHost(msg)
django.core.exceptions.DisallowedHost: Invalid HTTP_HOST header: 'www.wemisi.com'. You may need to add 'www.wemisi.com' to ALLOWED_HOSTS.
Invalid HTTP_HOST header: 'www.wemisi.com'. You may need to add 'www.wemisi.com' to ALLOWED_HOSTS.
Traceback (most recent call last):
  File "/home/wemisico/virtualenv/wemisipy/3.13/lib/python3.13/site-packages/django/core/handlers/exception.py", line 55, in inner
    response = get_response(request)
  File "/home/wemisico/virtualenv/wemisipy/3.13/lib/python3.13/site-packages/django/utils/deprecation.py", line 133, in __call__
    response = self.process_request(request)
  File "/home/wemisico/virtualenv/wemisipy/3.13/lib/python3.13/site-packages/django/middleware/common.py", line 48, in process_request
    host = request.get_host()
  File "/home/wemisico/virtualenv/wemisipy/3.13/lib/python3.13/site-packages/django/http/request.py", line 150, in get_host
    raise DisallowedHost(msg)
django.core.exceptions.DisallowedHost: Invalid HTTP_HOST header: 'www.wemisi.com'. You may need to add 'www.wemisi.com' to ALLOWED_HOSTS.
Invalid HTTP_HOST header: 'www.wemisi.com'. You may need to add 'www.wemisi.com' to ALLOWED_HOSTS.
Traceback (most recent call last):
  File "/home/wemisico/virtualenv/wemisipy/3.13/lib/python3.13/site-packages/django/core/handlers/exception.py", line 55, in inner
    response = get_response(request)
  File "/home/wemisico/virtualenv/wemisipy/3.13/lib/python3.13/site-packages/django/utils/deprecation.py", line 133, in __call__
    response = self.process_request(request)
  File "/home/wemisico/virtualenv/wemisipy/3.13/lib/python3.13/site-packages/django/middleware/common.py", line 48, in process_request
    host = request.get_host()
  File "/home/wemisico/virtualenv/wemisipy/3.13/lib/python3.13/site-packages/django/http/request.py", line 150, in get_host
    raise DisallowedHost(msg)
django.core.exceptions.DisallowedHost: Invalid HTTP_HOST header: 'www.wemisi.com'. You may need to add 'www.wemisi.com' to ALLOWED_HOSTS.
Not Found: /favicon.ico
Not Found: /p8.html
Not Found: /favicon.ico
Not Found: /robots.txt
Not Found: /esp.html
Invalid HTTP_HOST header: 'www.wemisi.com'. You may need to add 'www.wemisi.com' to ALLOWED_HOSTS.
Traceback (most recent call last):
  File "/home/wemisico/virtualenv/wemisipy/3.13/lib/python3.13/site-packages/django/core/handlers/exception.py", line 55, in inner
    response = get_response(request)
  File "/home/wemisico/virtualenv/wemisipy/3.13/lib/python3.13/site-packages/django/utils/deprecation.py", line 133, in __call__
    response = self.process_request(request)
  File "/home/wemisico/virtualenv/wemisipy/3.13/lib/python3.13/site-packages/django/middleware/common.py", line 48, in process_request
    host = request.get_host()
  File "/home/wemisico/virtualenv/wemisipy/3.13/lib/python3.13/site-packages/django/http/request.py", line 150, in get_host
    raise DisallowedHost(msg)
django.core.exceptions.DisallowedHost: Invalid HTTP_HOST header: 'www.wemisi.com'. You may need to add 'www.wemisi.com' to ALLOWED_HOSTS.
Invalid HTTP_HOST header: 'www.wemisi.com'. You may need to add 'www.wemisi.com' to ALLOWED_HOSTS.
Traceback (most recent call last):
  File "/home/wemisico/virtualenv/wemisipy/3.13/lib/python3.13/site-packages/django/core/handlers/exception.py", line 55, in inner
    response = get_response(request)
  File "/home/wemisico/virtualenv/wemisipy/3.13/lib/python3.13/site-packages/django/utils/deprecation.py", line 133, in __call__
    response = self.process_request(request)
  File "/home/wemisico/virtualenv/wemisipy/3.13/lib/python3.13/site-packages/django/middleware/common.py", line 48, in process_request
    host = request.get_host()
  File "/home/wemisico/virtualenv/wemisipy/3.13/lib/python3.13/site-packages/django/http/request.py", line 150, in get_host
    raise DisallowedHost(msg)
django.core.exceptions.DisallowedHost: Invalid HTTP_HOST header: 'www.wemisi.com'. You may need to add 'www.wemisi.com' to ALLOWED_HOSTS.
Invalid HTTP_HOST header: 'www.wemisi.com'. You may need to add 'www.wemisi.com' to ALLOWED_HOSTS.
Traceback (most recent call last):
  File "/home/wemisico/virtualenv/wemisipy/3.13/lib/python3.13/site-packages/django/core/handlers/exception.py", line 55, in inner
    response = get_response(request)
  File "/home/wemisico/virtualenv/wemisipy/3.13/lib/python3.13/site-packages/django/utils/deprecation.py", line 133, in __call__
    response = self.process_request(request)
  File "/home/wemisico/virtualenv/wemisipy/3.13/lib/python3.13/site-packages/django/middleware/common.py", line 48, in process_request
    host = request.get_host()
  File "/home/wemisico/virtualenv/wemisipy/3.13/lib/python3.13/site-packages/django/http/request.py", line 150, in get_host
    raise DisallowedHost(msg)
django.core.exceptions.DisallowedHost: Invalid HTTP_HOST header: 'www.wemisi.com'. You may need to add 'www.wemisi.com' to ALLOWED_HOSTS.
Invalid HTTP_HOST header: 'www.wemisi.com'. You may need to add 'www.wemisi.com' to ALLOWED_HOSTS.
Traceback (most recent call last):
  File "/home/wemisico/virtualenv/wemisipy/3.13/lib/python3.13/site-packages/django/core/handlers/exception.py", line 55, in inner
    response = get_response(request)
  File "/home/wemisico/virtualenv/wemisipy/3.13/lib/python3.13/site-packages/django/utils/deprecation.py", line 133, in __call__
    response = self.process_request(request)
  File "/home/wemisico/virtualenv/wemisipy/3.13/lib/python3.13/site-packages/django/middleware/common.py", line 48, in process_request
    host = request.get_host()
  File "/home/wemisico/virtualenv/wemisipy/3.13/lib/python3.13/site-packages/django/http/request.py", line 150, in get_host
    raise DisallowedHost(msg)
django.core.exceptions.DisallowedHost: Invalid HTTP_HOST header: 'www.wemisi.com'. You may need to add 'www.wemisi.com' to ALLOWED_HOSTS.
Invalid HTTP_HOST header: 'www.wemisi.com'. You may need to add 'www.wemisi.com' to ALLOWED_HOSTS.
Traceback (most recent call last):
  File "/home/wemisico/virtualenv/wemisipy/3.13/lib/python3.13/site-packages/django/core/handlers/exception.py", line 55, in inner
    response = get_response(request)
  File "/home/wemisico/virtualenv/wemisipy/3.13/lib/python3.13/site-packages/django/utils/deprecation.py", line 133, in __call__
    response = self.process_request(request)
  File "/home/wemisico/virtualenv/wemisipy/3.13/lib/python3.13/site-packages/django/middleware/common.py", line 48, in process_request
    host = request.get_host()
  File "/home/wemisico/virtualenv/wemisipy/3.13/lib/python3.13/site-packages/django/http/request.py", line 150, in get_host
    raise DisallowedHost(msg)
django.core.exceptions.DisallowedHost: Invalid HTTP_HOST header: 'www.wemisi.com'. You may need to add 'www.wemisi.com' to ALLOWED_HOSTS.
Invalid HTTP_HOST header: 'www.wemisi.com'. You may need to add 'www.wemisi.com' to ALLOWED_HOSTS.
Traceback (most recent call last):
  File "/home/wemisico/virtualenv/wemisipy/3.13/lib/python3.13/site-packages/django/core/handlers/exception.py", line 55, in inner
    response = get_response(request)
  File "/home/wemisico/virtualenv/wemisipy/3.13/lib/python3.13/site-packages/django/utils/deprecation.py", line 133, in __call__
    response = self.process_request(request)
  File "/home/wemisico/virtualenv/wemisipy/3.13/lib/python3.13/site-packages/django/middleware/common.py", line 48, in process_request
    host = request.get_host()
  File "/home/wemisico/virtualenv/wemisipy/3.13/lib/python3.13/site-packages/django/http/request.py", line 150, in get_host
    raise DisallowedHost(msg)
django.core.exceptions.DisallowedHost: Invalid HTTP_HOST header: 'www.wemisi.com'. You may need to add 'www.wemisi.com' to ALLOWED_HOSTS.
Not Found: /robots.txt
Not Found: /idp.html
Not Found: /p7.html
Not Found: /robots.txt
Not Found: /robots.txt
Not Found: /marble.html
Not Found: /assets/index-bnKdLDoe.js
Not Found: /index.html
Invalid HTTP_HOST header: 'www.wemisi.com'. You may need to add 'www.wemisi.com' to ALLOWED_HOSTS.
Traceback (most recent call last):
  File "/home/wemisico/virtualenv/wemisipy/3.13/lib/python3.13/site-packages/django/core/handlers/exception.py", line 55, in inner
    response = get_response(request)
  File "/home/wemisico/virtualenv/wemisipy/3.13/lib/python3.13/site-packages/django/utils/deprecation.py", line 133, in __call__
    response = self.process_request(request)
  File "/home/wemisico/virtualenv/wemisipy/3.13/lib/python3.13/site-packages/django/middleware/common.py", line 48, in process_request
    host = request.get_host()
  File "/home/wemisico/virtualenv/wemisipy/3.13/lib/python3.13/site-packages/django/http/request.py", line 150, in get_host
    raise DisallowedHost(msg)
django.core.exceptions.DisallowedHost: Invalid HTTP_HOST header: 'www.wemisi.com'. You may need to add 'www.wemisi.com' to ALLOWED_HOSTS.
Invalid HTTP_HOST header: 'www.wemisi.com'. You may need to add 'www.wemisi.com' to ALLOWED_HOSTS.
Traceback (most recent call last):
  File "/home/wemisico/virtualenv/wemisipy/3.13/lib/python3.13/site-packages/django/core/handlers/exception.py", line 55, in inner
    response = get_response(request)
  File "/home/wemisico/virtualenv/wemisipy/3.13/lib/python3.13/site-packages/django/utils/deprecation.py", line 133, in __call__
    response = self.process_request(request)
  File "/home/wemisico/virtualenv/wemisipy/3.13/lib/python3.13/site-packages/django/middleware/common.py", line 48, in process_request
    host = request.get_host()
  File "/home/wemisico/virtualenv/wemisipy/3.13/lib/python3.13/site-packages/django/http/request.py", line 150, in get_host
    raise DisallowedHost(msg)
django.core.exceptions.DisallowedHost: Invalid HTTP_HOST header: 'www.wemisi.com'. You may need to add 'www.wemisi.com' to ALLOWED_HOSTS.
Not Found: /idp.html
Not Found: /installer.php
Invalid HTTP_HOST header: 'www.wemisi.com'. You may need to add 'www.wemisi.com' to ALLOWED_HOSTS.
Traceback (most recent call last):
  File "/home/wemisico/virtualenv/wemisipy/3.13/lib/python3.13/site-packages/django/core/handlers/exception.py", line 55, in inner
    response = get_response(request)
  File "/home/wemisico/virtualenv/wemisipy/3.13/lib/python3.13/site-packages/django/utils/deprecation.py", line 133, in __call__
    response = self.process_request(request)
  File "/home/wemisico/virtualenv/wemisipy/3.13/lib/python3.13/site-packages/django/middleware/common.py", line 48, in process_request
    host = request.get_host()
  File "/home/wemisico/virtualenv/wemisipy/3.13/lib/python3.13/site-packages/django/http/request.py", line 150, in get_host
    raise DisallowedHost(msg)
django.core.exceptions.DisallowedHost: Invalid HTTP_HOST header: 'www.wemisi.com'. You may need to add 'www.wemisi.com' to ALLOWED_HOSTS.
Invalid HTTP_HOST header: 'www.wemisi.com'. You may need to add 'www.wemisi.com' to ALLOWED_HOSTS.
Traceback (most recent call last):
  File "/home/wemisico/virtualenv/wemisipy/3.13/lib/python3.13/site-packages/django/core/handlers/exception.py", line 55, in inner
    response = get_response(request)
  File "/home/wemisico/virtualenv/wemisipy/3.13/lib/python3.13/site-packages/django/utils/deprecation.py", line 133, in __call__
    response = self.process_request(request)
  File "/home/wemisico/virtualenv/wemisipy/3.13/lib/python3.13/site-packages/django/middleware/common.py", line 48, in process_request
    host = request.get_host()
  File "/home/wemisico/virtualenv/wemisipy/3.13/lib/python3.13/site-packages/django/http/request.py", line 150, in get_host
    raise DisallowedHost(msg)
django.core.exceptions.DisallowedHost: Invalid HTTP_HOST header: 'www.wemisi.com'. You may need to add 'www.wemisi.com' to ALLOWED_HOSTS.
Invalid HTTP_HOST header: 'www.wemisi.com'. You may need to add 'www.wemisi.com' to ALLOWED_HOSTS.
Traceback (most recent call last):
  File "/home/wemisico/virtualenv/wemisipy/3.13/lib/python3.13/site-packages/django/core/handlers/exception.py", line 55, in inner
    response = get_response(request)
  File "/home/wemisico/virtualenv/wemisipy/3.13/lib/python3.13/site-packages/django/utils/deprecation.py", line 133, in __call__
    response = self.process_request(request)
  File "/home/wemisico/virtualenv/wemisipy/3.13/lib/python3.13/site-packages/django/middleware/common.py", line 48, in process_request
    host = request.get_host()
  File "/home/wemisico/virtualenv/wemisipy/3.13/lib/python3.13/site-packages/django/http/request.py", line 150, in get_host
    raise DisallowedHost(msg)
django.core.exceptions.DisallowedHost: Invalid HTTP_HOST header: 'www.wemisi.com'. You may need to add 'www.wemisi.com' to ALLOWED_HOSTS.
Invalid HTTP_HOST header: 'www.wemisi.com'. You may need to add 'www.wemisi.com' to ALLOWED_HOSTS.
Traceback (most recent call last):
  File "/home/wemisico/virtualenv/wemisipy/3.13/lib/python3.13/site-packages/django/core/handlers/exception.py", line 55, in inner
    response = get_response(request)
  File "/home/wemisico/virtualenv/wemisipy/3.13/lib/python3.13/site-packages/django/utils/deprecation.py", line 133, in __call__
    response = self.process_request(request)
  File "/home/wemisico/virtualenv/wemisipy/3.13/lib/python3.13/site-packages/django/middleware/common.py", line 48, in process_request
    host = request.get_host()
  File "/home/wemisico/virtualenv/wemisipy/3.13/lib/python3.13/site-packages/django/http/request.py", line 150, in get_host
    raise DisallowedHost(msg)
django.core.exceptions.DisallowedHost: Invalid HTTP_HOST header: 'www.wemisi.com'. You may need to add 'www.wemisi.com' to ALLOWED_HOSTS.
Not Found: /robots.txt
Not Found: /p6.html
Not Found: /robots.txt
Not Found: /fence.html
Not Found: /esp.html
Not Found: /bms.html
Not Found: /media/system/js/core.js
Not Found: /wp-includes/js/jquery/jquery.js
Invalid HTTP_HOST header: 'www.wemisi.com'. You may need to add 'www.wemisi.com' to ALLOWED_HOSTS.
Traceback (most recent call last):
  File "/home/wemisico/virtualenv/wemisipy/3.13/lib/python3.13/site-packages/django/core/handlers/exception.py", line 55, in inner
    response = get_response(request)
  File "/home/wemisico/virtualenv/wemisipy/3.13/lib/python3.13/site-packages/django/utils/deprecation.py", line 133, in __call__
    response = self.process_request(request)
  File "/home/wemisico/virtualenv/wemisipy/3.13/lib/python3.13/site-packages/django/middleware/common.py", line 48, in process_request
    host = request.get_host()
  File "/home/wemisico/virtualenv/wemisipy/3.13/lib/python3.13/site-packages/django/http/request.py", line 150, in get_host
    raise DisallowedHost(msg)
django.core.exceptions.DisallowedHost: Invalid HTTP_HOST header: 'www.wemisi.com'. You may need to add 'www.wemisi.com' to ALLOWED_HOSTS.
Invalid HTTP_HOST header: 'www.wemisi.com'. You may need to add 'www.wemisi.com' to ALLOWED_HOSTS.
Traceback (most recent call last):
  File "/home/wemisico/virtualenv/wemisipy/3.13/lib/python3.13/site-packages/django/core/handlers/exception.py", line 55, in inner
    response = get_response(request)
  File "/home/wemisico/virtualenv/wemisipy/3.13/lib/python3.13/site-packages/django/utils/deprecation.py", line 133, in __call__
    response = self.process_request(request)
  File "/home/wemisico/virtualenv/wemisipy/3.13/lib/python3.13/site-packages/django/middleware/common.py", line 48, in process_request
    host = request.get_host()
  File "/home/wemisico/virtualenv/wemisipy/3.13/lib/python3.13/site-packages/django/http/request.py", line 150, in get_host
    raise DisallowedHost(msg)
django.core.exceptions.DisallowedHost: Invalid HTTP_HOST header: 'www.wemisi.com'. You may need to add 'www.wemisi.com' to ALLOWED_HOSTS.
Invalid HTTP_HOST header: 'www.wemisi.com'. You may need to add 'www.wemisi.com' to ALLOWED_HOSTS.
Traceback (most recent call last):
  File "/home/wemisico/virtualenv/wemisipy/3.13/lib/python3.13/site-packages/django/core/handlers/exception.py", line 55, in inner
    response = get_response(request)
  File "/home/wemisico/virtualenv/wemisipy/3.13/lib/python3.13/site-packages/django/utils/deprecation.py", line 133, in __call__
    response = self.process_request(request)
  File "/home/wemisico/virtualenv/wemisipy/3.13/lib/python3.13/site-packages/django/middleware/common.py", line 48, in process_request
    host = request.get_host()
  File "/home/wemisico/virtualenv/wemisipy/3.13/lib/python3.13/site-packages/django/http/request.py", line 150, in get_host
    raise DisallowedHost(msg)
django.core.exceptions.DisallowedHost: Invalid HTTP_HOST header: 'www.wemisi.com'. You may need to add 'www.wemisi.com' to ALLOWED_HOSTS.
Invalid HTTP_HOST header: 'www.wemisi.com'. You may need to add 'www.wemisi.com' to ALLOWED_HOSTS.
Traceback (most recent call last):
  File "/home/wemisico/virtualenv/wemisipy/3.13/lib/python3.13/site-packages/django/core/handlers/exception.py", line 55, in inner
    response = get_response(request)
  File "/home/wemisico/virtualenv/wemisipy/3.13/lib/python3.13/site-packages/django/utils/deprecation.py", line 133, in __call__
    response = self.process_request(request)
  File "/home/wemisico/virtualenv/wemisipy/3.13/lib/python3.13/site-packages/django/middleware/common.py", line 48, in process_request
    host = request.get_host()
  File "/home/wemisico/virtualenv/wemisipy/3.13/lib/python3.13/site-packages/django/http/request.py", line 150, in get_host
    raise DisallowedHost(msg)
django.core.exceptions.DisallowedHost: Invalid HTTP_HOST header: 'www.wemisi.com'. You may need to add 'www.wemisi.com' to ALLOWED_HOSTS.
Not Found: /robots.txt
Not Found: /robots.txt
Not Found: /robots.txt
Not Found: /p13.html
Not Found: /p13.html
Not Found: /p13.html
Invalid HTTP_HOST header: 'www.wemisi.com'. You may need to add 'www.wemisi.com' to ALLOWED_HOSTS.
Traceback (most recent call last):
  File "/home/wemisico/virtualenv/wemisipy/3.13/lib/python3.13/site-packages/django/core/handlers/exception.py", line 55, in inner
    response = get_response(request)
  File "/home/wemisico/virtualenv/wemisipy/3.13/lib/python3.13/site-packages/django/utils/deprecation.py", line 133, in __call__
    response = self.process_request(request)
  File "/home/wemisico/virtualenv/wemisipy/3.13/lib/python3.13/site-packages/django/middleware/common.py", line 48, in process_request
    host = request.get_host()
  File "/home/wemisico/virtualenv/wemisipy/3.13/lib/python3.13/site-packages/django/http/request.py", line 150, in get_host
    raise DisallowedHost(msg)
django.core.exceptions.DisallowedHost: Invalid HTTP_HOST header: 'www.wemisi.com'. You may need to add 'www.wemisi.com' to ALLOWED_HOSTS.
Not Found: /p13.html
Not Found: /p13.html
Not Found: /p13.html
Not Found: /p13.html
Not Found: /p13.html
Not Found: /p13.html
Invalid HTTP_HOST header: 'www.wemisi.com'. You may need to add 'www.wemisi.com' to ALLOWED_HOSTS.
Traceback (most recent call last):
  File "/home/wemisico/virtualenv/wemisipy/3.13/lib/python3.13/site-packages/django/core/handlers/exception.py", line 55, in inner
    response = get_response(request)
  File "/home/wemisico/virtualenv/wemisipy/3.13/lib/python3.13/site-packages/django/utils/deprecation.py", line 133, in __call__
    response = self.process_request(request)
  File "/home/wemisico/virtualenv/wemisipy/3.13/lib/python3.13/site-packages/django/middleware/common.py", line 48, in process_request
    host = request.get_host()
  File "/home/wemisico/virtualenv/wemisipy/3.13/lib/python3.13/site-packages/django/http/request.py", line 150, in get_host
    raise DisallowedHost(msg)
django.core.exceptions.DisallowedHost: Invalid HTTP_HOST header: 'www.wemisi.com'. You may need to add 'www.wemisi.com' to ALLOWED_HOSTS.
Invalid HTTP_HOST header: 'www.wemisi.com'. You may need to add 'www.wemisi.com' to ALLOWED_HOSTS.
Traceback (most recent call last):
  File "/home/wemisico/virtualenv/wemisipy/3.13/lib/python3.13/site-packages/django/core/handlers/exception.py", line 55, in inner
    response = get_response(request)
  File "/home/wemisico/virtualenv/wemisipy/3.13/lib/python3.13/site-packages/django/utils/deprecation.py", line 133, in __call__
    response = self.process_request(request)
  File "/home/wemisico/virtualenv/wemisipy/3.13/lib/python3.13/site-packages/django/middleware/common.py", line 48, in process_request
    host = request.get_host()
  File "/home/wemisico/virtualenv/wemisipy/3.13/lib/python3.13/site-packages/django/http/request.py", line 150, in get_host
    raise DisallowedHost(msg)
django.core.exceptions.DisallowedHost: Invalid HTTP_HOST header: 'www.wemisi.com'. You may need to add 'www.wemisi.com' to ALLOWED_HOSTS.
Invalid HTTP_HOST header: 'www.wemisi.com'. You may need to add 'www.wemisi.com' to ALLOWED_HOSTS.
Traceback (most recent call last):
  File "/home/wemisico/virtualenv/wemisipy/3.13/lib/python3.13/site-packages/django/core/handlers/exception.py", line 55, in inner
    response = get_response(request)
  File "/home/wemisico/virtualenv/wemisipy/3.13/lib/python3.13/site-packages/django/utils/deprecation.py", line 133, in __call__
    response = self.process_request(request)
  File "/home/wemisico/virtualenv/wemisipy/3.13/lib/python3.13/site-packages/django/middleware/common.py", line 48, in process_request
    host = request.get_host()
  File "/home/wemisico/virtualenv/wemisipy/3.13/lib/python3.13/site-packages/django/http/request.py", line 150, in get_host
    raise DisallowedHost(msg)
django.core.exceptions.DisallowedHost: Invalid HTTP_HOST header: 'www.wemisi.com'. You may need to add 'www.wemisi.com' to ALLOWED_HOSTS.
Invalid HTTP_HOST header: 'www.wemisi.com'. You may need to add 'www.wemisi.com' to ALLOWED_HOSTS.
Traceback (most recent call last):
  File "/home/wemisico/virtualenv/wemisipy/3.13/lib/python3.13/site-packages/django/core/handlers/exception.py", line 55, in inner
    response = get_response(request)
  File "/home/wemisico/virtualenv/wemisipy/3.13/lib/python3.13/site-packages/django/utils/deprecation.py", line 133, in __call__
    response = self.process_request(request)
  File "/home/wemisico/virtualenv/wemisipy/3.13/lib/python3.13/site-packages/django/middleware/common.py", line 48, in process_request
    host = request.get_host()
  File "/home/wemisico/virtualenv/wemisipy/3.13/lib/python3.13/site-packages/django/http/request.py", line 150, in get_host
    raise DisallowedHost(msg)
django.core.exceptions.DisallowedHost: Invalid HTTP_HOST header: 'www.wemisi.com'. You may need to add 'www.wemisi.com' to ALLOWED_HOSTS.
Not Found: /p13.html
Not Found: /p13.html
Not Found: /p13.html
Not Found: /p13.html
Not Found: /p13.html
Not Found: /p13.html
Not Found: /p13.html
Not Found: /p13.html
Not Found: /p13.html
Not Found: /p13.html
Not Found: /p13.html
Not Found: /p13.html
Not Found: /robots.txt
Not Found: /bms.html
Not Found: /p13.html
Not Found: /p13.html
Not Found: /p13.html
Not Found: /p13.html
Not Found: /p13.html
Not Found: /p13.html
Not Found: /p13.html
Not Found: /p13.html
Not Found: /p13.html
Not Found: /p13.html
Not Found: /p13.html
Not Found: /p13.html
Not Found: /p13.html
Not Found: /p13.html
Not Found: /p13.html
Not Found: /p13.html
Not Found: /p13.html
Not Found: /p13.html
Not Found: /p13.html
Not Found: /p13.html
Not Found: /p13.html
Not Found: /p13.html
Not Found: /p13.html
Not Found: /p13.html
Not Found: /p13.html
Not Found: /p13.html
Not Found: /p13.html
Not Found: /p13.html
Not Found: /p13.html
Invalid HTTP_HOST header: 'www.wemisi.com'. You may need to add 'www.wemisi.com' to ALLOWED_HOSTS.
Traceback (most recent call last):
  File "/home/wemisico/virtualenv/wemisipy/3.13/lib/python3.13/site-packages/django/core/handlers/exception.py", line 55, in inner
    response = get_response(request)
  File "/home/wemisico/virtualenv/wemisipy/3.13/lib/python3.13/site-packages/django/utils/deprecation.py", line 133, in __call__
    response = self.process_request(request)
  File "/home/wemisico/virtualenv/wemisipy/3.13/lib/python3.13/site-packages/django/middleware/common.py", line 48, in process_request
    host = request.get_host()
  File "/home/wemisico/virtualenv/wemisipy/3.13/lib/python3.13/site-packages/django/http/request.py", line 150, in get_host
    raise DisallowedHost(msg)
django.core.exceptions.DisallowedHost: Invalid HTTP_HOST header: 'www.wemisi.com'. You may need to add 'www.wemisi.com' to ALLOWED_HOSTS.
Not Found: /p13.html
Not Found: /p13.html
Not Found: /p13.html
Not Found: /p13.html
Not Found: /p13.html
Not Found: /p13.html
Not Found: /p13.html
Not Found: /p13.html
Not Found: /p13.html
Not Found: /p13.html
Not Found: /p13.html
Not Found: /p13.html
Not Found: /p13.html
Not Found: /p13.html
Not Found: /robots.txt
Not Found: /p13.html
Not Found: /p13.html
Not Found: /p13.html
Not Found: /p13.html
Invalid HTTP_HOST header: 'www.wemisi.com'. You may need to add 'www.wemisi.com' to ALLOWED_HOSTS.
Traceback (most recent call last):
  File "/home/wemisico/virtualenv/wemisipy/3.13/lib/python3.13/site-packages/django/core/handlers/exception.py", line 55, in inner
    response = get_response(request)
  File "/home/wemisico/virtualenv/wemisipy/3.13/lib/python3.13/site-packages/django/utils/deprecation.py", line 133, in __call__
    response = self.process_request(request)
  File "/home/wemisico/virtualenv/wemisipy/3.13/lib/python3.13/site-packages/django/middleware/common.py", line 48, in process_request
    host = request.get_host()
  File "/home/wemisico/virtualenv/wemisipy/3.13/lib/python3.13/site-packages/django/http/request.py", line 150, in get_host
    raise DisallowedHost(msg)
django.core.exceptions.DisallowedHost: Invalid HTTP_HOST header: 'www.wemisi.com'. You may need to add 'www.wemisi.com' to ALLOWED_HOSTS.
Not Found: /p13.html
Not Found: /p13.html
Not Found: /p13.html
Not Found: /p13.html
Not Found: /p13.html
Not Found: /p13.html
Not Found: /p13.html
Not Found: /p13.html
Not Found: /p13.html
Not Found: /p13.html
Not Found: /p13.html
Not Found: /p13.html
Not Found: /p13.html
Not Found: /p13.html
Not Found: /p13.html
Not Found: /p13.html
Not Found: /p13.html
Not Found: /p13.html
Not Found: /p13.html
Not Found: /p13.html
Not Found: /p13.html
Not Found: /p13.html
Not Found: /p13.html
Not Found: /p13.html
Not Found: /p13.html
Not Found: /p13.html
Not Found: /p13.html
Not Found: /p13.html
Not Found: /p13.html
Not Found: /p13.html
Not Found: /p13.html
Not Found: /p13.html
Not Found: /p13.html
Not Found: /p13.html
Not Found: /p13.html
Not Found: /p13.html
Not Found: /p13.html
Not Found: /p13.html
Not Found: /p13.html
Not Found: /p13.html
Not Found: /p13.html
Not Found: /p13.html
Not Found: /p13.html
Not Found: /p13.html
Not Found: /p13.html
Not Found: /favicon.ico
Not Found: /favicon.ico
Invalid HTTP_HOST header: 'www.wemisi.com'. You may need to add 'www.wemisi.com' to ALLOWED_HOSTS.
Traceback (most recent call last):
  File "/home/wemisico/virtualenv/wemisipy/3.13/lib/python3.13/site-packages/django/core/handlers/exception.py", line 55, in inner
    response = get_response(request)
  File "/home/wemisico/virtualenv/wemisipy/3.13/lib/python3.13/site-packages/django/utils/deprecation.py", line 133, in __call__
    response = self.process_request(request)
  File "/home/wemisico/virtualenv/wemisipy/3.13/lib/python3.13/site-packages/django/middleware/common.py", line 48, in process_request
    host = request.get_host()
  File "/home/wemisico/virtualenv/wemisipy/3.13/lib/python3.13/site-packages/django/http/request.py", line 150, in get_host
    raise DisallowedHost(msg)
django.core.exceptions.DisallowedHost: Invalid HTTP_HOST header: 'www.wemisi.com'. You may need to add 'www.wemisi.com' to ALLOWED_HOSTS.
Not Found: /p13.html
Not Found: /p13.html
Not Found: /p13.html
Invalid HTTP_HOST header: 'www.wemisi.com'. You may need to add 'www.wemisi.com' to ALLOWED_HOSTS.
Traceback (most recent call last):
  File "/home/wemisico/virtualenv/wemisipy/3.13/lib/python3.13/site-packages/django/core/handlers/exception.py", line 55, in inner
    response = get_response(request)
  File "/home/wemisico/virtualenv/wemisipy/3.13/lib/python3.13/site-packages/django/utils/deprecation.py", line 133, in __call__
    response = self.process_request(request)
  File "/home/wemisico/virtualenv/wemisipy/3.13/lib/python3.13/site-packages/django/middleware/common.py", line 48, in process_request
    host = request.get_host()
  File "/home/wemisico/virtualenv/wemisipy/3.13/lib/python3.13/site-packages/django/http/request.py", line 150, in get_host
    raise DisallowedHost(msg)
django.core.exceptions.DisallowedHost: Invalid HTTP_HOST header: 'www.wemisi.com'. You may need to add 'www.wemisi.com' to ALLOWED_HOSTS.
Not Found: /p13.html
Not Found: /wp-includes/wlwmanifest.xml
Not Found: /blog/wp-includes/wlwmanifest.xml
Not Found: /web/wp-includes/wlwmanifest.xml
Not Found: /wordpress/wp-includes/wlwmanifest.xml
Not Found: /website/wp-includes/wlwmanifest.xml
Not Found: /wp/wp-includes/wlwmanifest.xml
Not Found: /news/wp-includes/wlwmanifest.xml
Not Found: /2020/wp-includes/wlwmanifest.xml
Not Found: /2019/wp-includes/wlwmanifest.xml
Not Found: /shop/wp-includes/wlwmanifest.xml
Not Found: /wp1/wp-includes/wlwmanifest.xml
Not Found: /test/wp-includes/wlwmanifest.xml
Not Found: /wp2/wp-includes/wlwmanifest.xml
Not Found: /site/wp-includes/wlwmanifest.xml
Not Found: /cms/wp-includes/wlwmanifest.xml
Not Found: /sito/wp-includes/wlwmanifest.xml
Not Found: /robots.txt
Not Found: /wp-login.php
Not Found: /robots.txt
Invalid HTTP_HOST header: 'www.wemisi.com'. You may need to add 'www.wemisi.com' to ALLOWED_HOSTS.
Traceback (most recent call last):
  File "/home/wemisico/virtualenv/wemisipy/3.13/lib/python3.13/site-packages/django/core/handlers/exception.py", line 55, in inner
    response = get_response(request)
  File "/home/wemisico/virtualenv/wemisipy/3.13/lib/python3.13/site-packages/django/utils/deprecation.py", line 133, in __call__
    response = self.process_request(request)
  File "/home/wemisico/virtualenv/wemisipy/3.13/lib/python3.13/site-packages/django/middleware/common.py", line 48, in process_request
    host = request.get_host()
  File "/home/wemisico/virtualenv/wemisipy/3.13/lib/python3.13/site-packages/django/http/request.py", line 150, in get_host
    raise DisallowedHost(msg)
django.core.exceptions.DisallowedHost: Invalid HTTP_HOST header: 'www.wemisi.com'. You may need to add 'www.wemisi.com' to ALLOWED_HOSTS.
Invalid HTTP_HOST header: 'www.wemisi.com'. You may need to add 'www.wemisi.com' to ALLOWED_HOSTS.
Traceback (most recent call last):
  File "/home/wemisico/virtualenv/wemisipy/3.13/lib/python3.13/site-packages/django/core/handlers/exception.py", line 55, in inner
    response = get_response(request)
  File "/home/wemisico/virtualenv/wemisipy/3.13/lib/python3.13/site-packages/django/utils/deprecation.py", line 133, in __call__
    response = self.process_request(request)
  File "/home/wemisico/virtualenv/wemisipy/3.13/lib/python3.13/site-packages/django/middleware/common.py", line 48, in process_request
    host = request.get_host()
  File "/home/wemisico/virtualenv/wemisipy/3.13/lib/python3.13/site-packages/django/http/request.py", line 150, in get_host
    raise DisallowedHost(msg)
django.core.exceptions.DisallowedHost: Invalid HTTP_HOST header: 'www.wemisi.com'. You may need to add 'www.wemisi.com' to ALLOWED_HOSTS.
Not Found: /favicon.ico
Invalid HTTP_HOST header: 'www.wemisi.com'. You may need to add 'www.wemisi.com' to ALLOWED_HOSTS.
Traceback (most recent call last):
  File "/home/wemisico/virtualenv/wemisipy/3.13/lib/python3.13/site-packages/django/core/handlers/exception.py", line 55, in inner
    response = get_response(request)
  File "/home/wemisico/virtualenv/wemisipy/3.13/lib/python3.13/site-packages/django/utils/deprecation.py", line 133, in __call__
    response = self.process_request(request)
  File "/home/wemisico/virtualenv/wemisipy/3.13/lib/python3.13/site-packages/django/middleware/common.py", line 48, in process_request
    host = request.get_host()
  File "/home/wemisico/virtualenv/wemisipy/3.13/lib/python3.13/site-packages/django/http/request.py", line 150, in get_host
    raise DisallowedHost(msg)
django.core.exceptions.DisallowedHost: Invalid HTTP_HOST header: 'www.wemisi.com'. You may need to add 'www.wemisi.com' to ALLOWED_HOSTS.
Invalid HTTP_HOST header: 'www.wemisi.com'. You may need to add 'www.wemisi.com' to ALLOWED_HOSTS.
Traceback (most recent call last):
  File "/home/wemisico/virtualenv/wemisipy/3.13/lib/python3.13/site-packages/django/core/handlers/exception.py", line 55, in inner
    response = get_response(request)
  File "/home/wemisico/virtualenv/wemisipy/3.13/lib/python3.13/site-packages/django/utils/deprecation.py", line 133, in __call__
    response = self.process_request(request)
  File "/home/wemisico/virtualenv/wemisipy/3.13/lib/python3.13/site-packages/django/middleware/common.py", line 48, in process_request
    host = request.get_host()
  File "/home/wemisico/virtualenv/wemisipy/3.13/lib/python3.13/site-packages/django/http/request.py", line 150, in get_host
    raise DisallowedHost(msg)
django.core.exceptions.DisallowedHost: Invalid HTTP_HOST header: 'www.wemisi.com'. You may need to add 'www.wemisi.com' to ALLOWED_HOSTS.
Invalid HTTP_HOST header: 'www.wemisi.com'. You may need to add 'www.wemisi.com' to ALLOWED_HOSTS.
Traceback (most recent call last):
  File "/home/wemisico/virtualenv/wemisipy/3.13/lib/python3.13/site-packages/django/core/handlers/exception.py", line 55, in inner
    response = get_response(request)
  File "/home/wemisico/virtualenv/wemisipy/3.13/lib/python3.13/site-packages/django/utils/deprecation.py", line 133, in __call__
    response = self.process_request(request)
  File "/home/wemisico/virtualenv/wemisipy/3.13/lib/python3.13/site-packages/django/middleware/common.py", line 48, in process_request
    host = request.get_host()
  File "/home/wemisico/virtualenv/wemisipy/3.13/lib/python3.13/site-packages/django/http/request.py", line 150, in get_host
    raise DisallowedHost(msg)
django.core.exceptions.DisallowedHost: Invalid HTTP_HOST header: 'www.wemisi.com'. You may need to add 'www.wemisi.com' to ALLOWED_HOSTS.
Not Found: /services.html
Invalid HTTP_HOST header: 'www.wemisi.com'. You may need to add 'www.wemisi.com' to ALLOWED_HOSTS.
Traceback (most recent call last):
  File "/home/wemisico/virtualenv/wemisipy/3.13/lib/python3.13/site-packages/django/core/handlers/exception.py", line 55, in inner
    response = get_response(request)
  File "/home/wemisico/virtualenv/wemisipy/3.13/lib/python3.13/site-packages/django/utils/deprecation.py", line 133, in __call__
    response = self.process_request(request)
  File "/home/wemisico/virtualenv/wemisipy/3.13/lib/python3.13/site-packages/django/middleware/common.py", line 48, in process_request
    host = request.get_host()
  File "/home/wemisico/virtualenv/wemisipy/3.13/lib/python3.13/site-packages/django/http/request.py", line 150, in get_host
    raise DisallowedHost(msg)
django.core.exceptions.DisallowedHost: Invalid HTTP_HOST header: 'www.wemisi.com'. You may need to add 'www.wemisi.com' to ALLOWED_HOSTS.
Invalid HTTP_HOST header: 'www.wemisi.com'. You may need to add 'www.wemisi.com' to ALLOWED_HOSTS.
Traceback (most recent call last):
  File "/home/wemisico/virtualenv/wemisipy/3.13/lib/python3.13/site-packages/django/core/handlers/exception.py", line 55, in inner
    response = get_response(request)
  File "/home/wemisico/virtualenv/wemisipy/3.13/lib/python3.13/site-packages/django/utils/deprecation.py", line 133, in __call__
    response = self.process_request(request)
  File "/home/wemisico/virtualenv/wemisipy/3.13/lib/python3.13/site-packages/django/middleware/common.py", line 48, in process_request
    host = request.get_host()
  File "/home/wemisico/virtualenv/wemisipy/3.13/lib/python3.13/site-packages/django/http/request.py", line 150, in get_host
    raise DisallowedHost(msg)
django.core.exceptions.DisallowedHost: Invalid HTTP_HOST header: 'www.wemisi.com'. You may need to add 'www.wemisi.com' to ALLOWED_HOSTS.
Not Found: /coming-soon.html
Not Found: /robots.txt
Not Found: /robots.txt
Not Found: /esp.html
Not Found: /robots.txt
Not Found: /p13.html
Not Found: /robots.txt
Invalid HTTP_HOST header: 'www.wemisi.com'. You may need to add 'www.wemisi.com' to ALLOWED_HOSTS.
Traceback (most recent call last):
  File "/home/wemisico/virtualenv/wemisipy/3.13/lib/python3.13/site-packages/django/core/handlers/exception.py", line 55, in inner
    response = get_response(request)
  File "/home/wemisico/virtualenv/wemisipy/3.13/lib/python3.13/site-packages/django/utils/deprecation.py", line 133, in __call__
    response = self.process_request(request)
  File "/home/wemisico/virtualenv/wemisipy/3.13/lib/python3.13/site-packages/django/middleware/common.py", line 48, in process_request
    host = request.get_host()
  File "/home/wemisico/virtualenv/wemisipy/3.13/lib/python3.13/site-packages/django/http/request.py", line 150, in get_host
    raise DisallowedHost(msg)
django.core.exceptions.DisallowedHost: Invalid HTTP_HOST header: 'www.wemisi.com'. You may need to add 'www.wemisi.com' to ALLOWED_HOSTS.
Invalid HTTP_HOST header: 'www.wemisi.com'. You may need to add 'www.wemisi.com' to ALLOWED_HOSTS.
Traceback (most recent call last):
  File "/home/wemisico/virtualenv/wemisipy/3.13/lib/python3.13/site-packages/django/core/handlers/exception.py", line 55, in inner
    response = get_response(request)
  File "/home/wemisico/virtualenv/wemisipy/3.13/lib/python3.13/site-packages/django/utils/deprecation.py", line 133, in __call__
    response = self.process_request(request)
  File "/home/wemisico/virtualenv/wemisipy/3.13/lib/python3.13/site-packages/django/middleware/common.py", line 48, in process_request
    host = request.get_host()
  File "/home/wemisico/virtualenv/wemisipy/3.13/lib/python3.13/site-packages/django/http/request.py", line 150, in get_host
    raise DisallowedHost(msg)
django.core.exceptions.DisallowedHost: Invalid HTTP_HOST header: 'www.wemisi.com'. You may need to add 'www.wemisi.com' to ALLOWED_HOSTS.
Invalid HTTP_HOST header: 'www.wemisi.com'. You may need to add 'www.wemisi.com' to ALLOWED_HOSTS.
Traceback (most recent call last):
  File "/home/wemisico/virtualenv/wemisipy/3.13/lib/python3.13/site-packages/django/core/handlers/exception.py", line 55, in inner
    response = get_response(request)
  File "/home/wemisico/virtualenv/wemisipy/3.13/lib/python3.13/site-packages/django/utils/deprecation.py", line 133, in __call__
    response = self.process_request(request)
  File "/home/wemisico/virtualenv/wemisipy/3.13/lib/python3.13/site-packages/django/middleware/common.py", line 48, in process_request
    host = request.get_host()
  File "/home/wemisico/virtualenv/wemisipy/3.13/lib/python3.13/site-packages/django/http/request.py", line 150, in get_host
    raise DisallowedHost(msg)
django.core.exceptions.DisallowedHost: Invalid HTTP_HOST header: 'www.wemisi.com'. You may need to add 'www.wemisi.com' to ALLOWED_HOSTS.
Invalid HTTP_HOST header: 'www.wemisi.com'. You may need to add 'www.wemisi.com' to ALLOWED_HOSTS.
Traceback (most recent call last):
  File "/home/wemisico/virtualenv/wemisipy/3.13/lib/python3.13/site-packages/django/core/handlers/exception.py", line 55, in inner
    response = get_response(request)
  File "/home/wemisico/virtualenv/wemisipy/3.13/lib/python3.13/site-packages/django/utils/deprecation.py", line 133, in __call__
    response = self.process_request(request)
  File "/home/wemisico/virtualenv/wemisipy/3.13/lib/python3.13/site-packages/django/middleware/common.py", line 48, in process_request
    host = request.get_host()
  File "/home/wemisico/virtualenv/wemisipy/3.13/lib/python3.13/site-packages/django/http/request.py", line 150, in get_host
    raise DisallowedHost(msg)
django.core.exceptions.DisallowedHost: Invalid HTTP_HOST header: 'www.wemisi.com'. You may need to add 'www.wemisi.com' to ALLOWED_HOSTS.
Invalid HTTP_HOST header: 'www.wemisi.com'. You may need to add 'www.wemisi.com' to ALLOWED_HOSTS.
Traceback (most recent call last):
  File "/home/wemisico/virtualenv/wemisipy/3.13/lib/python3.13/site-packages/django/core/handlers/exception.py", line 55, in inner
    response = get_response(request)
  File "/home/wemisico/virtualenv/wemisipy/3.13/lib/python3.13/site-packages/django/utils/deprecation.py", line 133, in __call__
    response = self.process_request(request)
  File "/home/wemisico/virtualenv/wemisipy/3.13/lib/python3.13/site-packages/django/middleware/common.py", line 48, in process_request
    host = request.get_host()
  File "/home/wemisico/virtualenv/wemisipy/3.13/lib/python3.13/site-packages/django/http/request.py", line 150, in get_host
    raise DisallowedHost(msg)
django.core.exceptions.DisallowedHost: Invalid HTTP_HOST header: 'www.wemisi.com'. You may need to add 'www.wemisi.com' to ALLOWED_HOSTS.
Not Found: /robots.txt
Not Found: /granite.html
Not Found: /robots.txt
Not Found: /robots.txt
Invalid HTTP_HOST header: 'mail.wemisi.com'. You may need to add 'mail.wemisi.com' to ALLOWED_HOSTS.
Traceback (most recent call last):
  File "/home/wemisico/virtualenv/wemisipy/3.13/lib/python3.13/site-packages/django/core/handlers/exception.py", line 55, in inner
    response = get_response(request)
  File "/home/wemisico/virtualenv/wemisipy/3.13/lib/python3.13/site-packages/django/utils/deprecation.py", line 133, in __call__
    response = self.process_request(request)
  File "/home/wemisico/virtualenv/wemisipy/3.13/lib/python3.13/site-packages/django/middleware/common.py", line 48, in process_request
    host = request.get_host()
  File "/home/wemisico/virtualenv/wemisipy/3.13/lib/python3.13/site-packages/django/http/request.py", line 150, in get_host
    raise DisallowedHost(msg)
django.core.exceptions.DisallowedHost: Invalid HTTP_HOST header: 'mail.wemisi.com'. You may need to add 'mail.wemisi.com' to ALLOWED_HOSTS.
Invalid HTTP_HOST header: 'mail.wemisi.com'. You may need to add 'mail.wemisi.com' to ALLOWED_HOSTS.
Traceback (most recent call last):
  File "/home/wemisico/virtualenv/wemisipy/3.13/lib/python3.13/site-packages/django/core/handlers/exception.py", line 55, in inner
    response = get_response(request)
  File "/home/wemisico/virtualenv/wemisipy/3.13/lib/python3.13/site-packages/django/utils/deprecation.py", line 133, in __call__
    response = self.process_request(request)
  File "/home/wemisico/virtualenv/wemisipy/3.13/lib/python3.13/site-packages/django/middleware/common.py", line 48, in process_request
    host = request.get_host()
  File "/home/wemisico/virtualenv/wemisipy/3.13/lib/python3.13/site-packages/django/http/request.py", line 150, in get_host
    raise DisallowedHost(msg)
django.core.exceptions.DisallowedHost: Invalid HTTP_HOST header: 'mail.wemisi.com'. You may need to add 'mail.wemisi.com' to ALLOWED_HOSTS.
Invalid HTTP_HOST header: 'mail.wemisi.com'. You may need to add 'mail.wemisi.com' to ALLOWED_HOSTS.
Traceback (most recent call last):
  File "/home/wemisico/virtualenv/wemisipy/3.13/lib/python3.13/site-packages/django/core/handlers/exception.py", line 55, in inner
    response = get_response(request)
  File "/home/wemisico/virtualenv/wemisipy/3.13/lib/python3.13/site-packages/django/utils/deprecation.py", line 133, in __call__
    response = self.process_request(request)
  File "/home/wemisico/virtualenv/wemisipy/3.13/lib/python3.13/site-packages/django/middleware/common.py", line 48, in process_request
    host = request.get_host()
  File "/home/wemisico/virtualenv/wemisipy/3.13/lib/python3.13/site-packages/django/http/request.py", line 150, in get_host
    raise DisallowedHost(msg)
django.core.exceptions.DisallowedHost: Invalid HTTP_HOST header: 'mail.wemisi.com'. You may need to add 'mail.wemisi.com' to ALLOWED_HOSTS.
Invalid HTTP_HOST header: 'mail.wemisi.com'. You may need to add 'mail.wemisi.com' to ALLOWED_HOSTS.
Traceback (most recent call last):
  File "/home/wemisico/virtualenv/wemisipy/3.13/lib/python3.13/site-packages/django/core/handlers/exception.py", line 55, in inner
    response = get_response(request)
  File "/home/wemisico/virtualenv/wemisipy/3.13/lib/python3.13/site-packages/django/utils/deprecation.py", line 133, in __call__
    response = self.process_request(request)
  File "/home/wemisico/virtualenv/wemisipy/3.13/lib/python3.13/site-packages/django/middleware/common.py", line 48, in process_request
    host = request.get_host()
  File "/home/wemisico/virtualenv/wemisipy/3.13/lib/python3.13/site-packages/django/http/request.py", line 150, in get_host
    raise DisallowedHost(msg)
django.core.exceptions.DisallowedHost: Invalid HTTP_HOST header: 'mail.wemisi.com'. You may need to add 'mail.wemisi.com' to ALLOWED_HOSTS.
Not Found: /media/system/js/core.js
Not Found: /wp-includes/js/jquery/jquery.js
Invalid HTTP_HOST header: 'www.wemisi.com'. You may need to add 'www.wemisi.com' to ALLOWED_HOSTS.
Traceback (most recent call last):
  File "/home/wemisico/virtualenv/wemisipy/3.13/lib/python3.13/site-packages/django/core/handlers/exception.py", line 55, in inner
    response = get_response(request)
  File "/home/wemisico/virtualenv/wemisipy/3.13/lib/python3.13/site-packages/django/utils/deprecation.py", line 133, in __call__
    response = self.process_request(request)
  File "/home/wemisico/virtualenv/wemisipy/3.13/lib/python3.13/site-packages/django/middleware/common.py", line 48, in process_request
    host = request.get_host()
  File "/home/wemisico/virtualenv/wemisipy/3.13/lib/python3.13/site-packages/django/http/request.py", line 150, in get_host
    raise DisallowedHost(msg)
django.core.exceptions.DisallowedHost: Invalid HTTP_HOST header: 'www.wemisi.com'. You may need to add 'www.wemisi.com' to ALLOWED_HOSTS.
Invalid HTTP_HOST header: 'www.wemisi.com'. You may need to add 'www.wemisi.com' to ALLOWED_HOSTS.
Traceback (most recent call last):
  File "/home/wemisico/virtualenv/wemisipy/3.13/lib/python3.13/site-packages/django/core/handlers/exception.py", line 55, in inner
    response = get_response(request)
  File "/home/wemisico/virtualenv/wemisipy/3.13/lib/python3.13/site-packages/django/utils/deprecation.py", line 133, in __call__
    response = self.process_request(request)
  File "/home/wemisico/virtualenv/wemisipy/3.13/lib/python3.13/site-packages/django/middleware/common.py", line 48, in process_request
    host = request.get_host()
  File "/home/wemisico/virtualenv/wemisipy/3.13/lib/python3.13/site-packages/django/http/request.py", line 150, in get_host
    raise DisallowedHost(msg)
django.core.exceptions.DisallowedHost: Invalid HTTP_HOST header: 'www.wemisi.com'. You may need to add 'www.wemisi.com' to ALLOWED_HOSTS.
Not Found: /favicon.ico
Invalid HTTP_HOST header: 'www.wemisi.com'. You may need to add 'www.wemisi.com' to ALLOWED_HOSTS.
Traceback (most recent call last):
  File "/home/wemisico/virtualenv/wemisipy/3.13/lib/python3.13/site-packages/django/core/handlers/exception.py", line 55, in inner
    response = get_response(request)
  File "/home/wemisico/virtualenv/wemisipy/3.13/lib/python3.13/site-packages/django/utils/deprecation.py", line 133, in __call__
    response = self.process_request(request)
  File "/home/wemisico/virtualenv/wemisipy/3.13/lib/python3.13/site-packages/django/middleware/common.py", line 48, in process_request
    host = request.get_host()
  File "/home/wemisico/virtualenv/wemisipy/3.13/lib/python3.13/site-packages/django/http/request.py", line 150, in get_host
    raise DisallowedHost(msg)
django.core.exceptions.DisallowedHost: Invalid HTTP_HOST header: 'www.wemisi.com'. You may need to add 'www.wemisi.com' to ALLOWED_HOSTS.
Invalid HTTP_HOST header: 'www.wemisi.com'. You may need to add 'www.wemisi.com' to ALLOWED_HOSTS.
Traceback (most recent call last):
  File "/home/wemisico/virtualenv/wemisipy/3.13/lib/python3.13/site-packages/django/core/handlers/exception.py", line 55, in inner
    response = get_response(request)
  File "/home/wemisico/virtualenv/wemisipy/3.13/lib/python3.13/site-packages/django/utils/deprecation.py", line 133, in __call__
    response = self.process_request(request)
  File "/home/wemisico/virtualenv/wemisipy/3.13/lib/python3.13/site-packages/django/middleware/common.py", line 48, in process_request
    host = request.get_host()
  File "/home/wemisico/virtualenv/wemisipy/3.13/lib/python3.13/site-packages/django/http/request.py", line 150, in get_host
    raise DisallowedHost(msg)
django.core.exceptions.DisallowedHost: Invalid HTTP_HOST header: 'www.wemisi.com'. You may need to add 'www.wemisi.com' to ALLOWED_HOSTS.
Not Found: /robots.txt
Not Found: /media/system/js/core.js
Not Found: /wp-includes/js/jquery/jquery.js
Not Found: /robots.txt
Not Found: /cat_ps.html
Not Found: /wp-admin/css/
Not Found: /.well-known/
Not Found: /sites/default/files/
Not Found: /uploads/
Not Found: /images/
Not Found: /files/
Invalid HTTP_HOST header: 'www.wemisi.com'. You may need to add 'www.wemisi.com' to ALLOWED_HOSTS.
Traceback (most recent call last):
  File "/home/wemisico/virtualenv/wemisipy/3.13/lib/python3.13/site-packages/django/core/handlers/exception.py", line 55, in inner
    response = get_response(request)
  File "/home/wemisico/virtualenv/wemisipy/3.13/lib/python3.13/site-packages/django/utils/deprecation.py", line 133, in __call__
    response = self.process_request(request)
  File "/home/wemisico/virtualenv/wemisipy/3.13/lib/python3.13/site-packages/django/middleware/common.py", line 48, in process_request
    host = request.get_host()
  File "/home/wemisico/virtualenv/wemisipy/3.13/lib/python3.13/site-packages/django/http/request.py", line 150, in get_host
    raise DisallowedHost(msg)
django.core.exceptions.DisallowedHost: Invalid HTTP_HOST header: 'www.wemisi.com'. You may need to add 'www.wemisi.com' to ALLOWED_HOSTS.
Invalid HTTP_HOST header: 'www.wemisi.com'. You may need to add 'www.wemisi.com' to ALLOWED_HOSTS.
Traceback (most recent call last):
  File "/home/wemisico/virtualenv/wemisipy/3.13/lib/python3.13/site-packages/django/core/handlers/exception.py", line 55, in inner
    response = get_response(request)
  File "/home/wemisico/virtualenv/wemisipy/3.13/lib/python3.13/site-packages/django/utils/deprecation.py", line 133, in __call__
    response = self.process_request(request)
  File "/home/wemisico/virtualenv/wemisipy/3.13/lib/python3.13/site-packages/django/middleware/common.py", line 48, in process_request
    host = request.get_host()
  File "/home/wemisico/virtualenv/wemisipy/3.13/lib/python3.13/site-packages/django/http/request.py", line 150, in get_host
    raise DisallowedHost(msg)
django.core.exceptions.DisallowedHost: Invalid HTTP_HOST header: 'www.wemisi.com'. You may need to add 'www.wemisi.com' to ALLOWED_HOSTS.
Invalid HTTP_HOST header: 'www.wemisi.com'. You may need to add 'www.wemisi.com' to ALLOWED_HOSTS.
Traceback (most recent call last):
  File "/home/wemisico/virtualenv/wemisipy/3.13/lib/python3.13/site-packages/django/core/handlers/exception.py", line 55, in inner
    response = get_response(request)
  File "/home/wemisico/virtualenv/wemisipy/3.13/lib/python3.13/site-packages/django/utils/deprecation.py", line 133, in __call__
    response = self.process_request(request)
  File "/home/wemisico/virtualenv/wemisipy/3.13/lib/python3.13/site-packages/django/middleware/common.py", line 48, in process_request
    host = request.get_host()
  File "/home/wemisico/virtualenv/wemisipy/3.13/lib/python3.13/site-packages/django/http/request.py", line 150, in get_host
    raise DisallowedHost(msg)
django.core.exceptions.DisallowedHost: Invalid HTTP_HOST header: 'www.wemisi.com'. You may need to add 'www.wemisi.com' to ALLOWED_HOSTS.
Not Found: /robots.txt
Invalid HTTP_HOST header: 'www.wemisi.com'. You may need to add 'www.wemisi.com' to ALLOWED_HOSTS.
Traceback (most recent call last):
  File "/home/wemisico/virtualenv/wemisipy/3.13/lib/python3.13/site-packages/django/core/handlers/exception.py", line 55, in inner
    response = get_response(request)
  File "/home/wemisico/virtualenv/wemisipy/3.13/lib/python3.13/site-packages/django/utils/deprecation.py", line 133, in __call__
    response = self.process_request(request)
  File "/home/wemisico/virtualenv/wemisipy/3.13/lib/python3.13/site-packages/django/middleware/common.py", line 48, in process_request
    host = request.get_host()
  File "/home/wemisico/virtualenv/wemisipy/3.13/lib/python3.13/site-packages/django/http/request.py", line 150, in get_host
    raise DisallowedHost(msg)
django.core.exceptions.DisallowedHost: Invalid HTTP_HOST header: 'www.wemisi.com'. You may need to add 'www.wemisi.com' to ALLOWED_HOSTS.
Invalid HTTP_HOST header: 'www.wemisi.com'. You may need to add 'www.wemisi.com' to ALLOWED_HOSTS.
Traceback (most recent call last):
  File "/home/wemisico/virtualenv/wemisipy/3.13/lib/python3.13/site-packages/django/core/handlers/exception.py", line 55, in inner
    response = get_response(request)
  File "/home/wemisico/virtualenv/wemisipy/3.13/lib/python3.13/site-packages/django/utils/deprecation.py", line 133, in __call__
    response = self.process_request(request)
  File "/home/wemisico/virtualenv/wemisipy/3.13/lib/python3.13/site-packages/django/middleware/common.py", line 48, in process_request
    host = request.get_host()
  File "/home/wemisico/virtualenv/wemisipy/3.13/lib/python3.13/site-packages/django/http/request.py", line 150, in get_host
    raise DisallowedHost(msg)
django.core.exceptions.DisallowedHost: Invalid HTTP_HOST header: 'www.wemisi.com'. You may need to add 'www.wemisi.com' to ALLOWED_HOSTS.
Invalid HTTP_HOST header: 'www.wemisi.com'. You may need to add 'www.wemisi.com' to ALLOWED_HOSTS.
Traceback (most recent call last):
  File "/home/wemisico/virtualenv/wemisipy/3.13/lib/python3.13/site-packages/django/core/handlers/exception.py", line 55, in inner
    response = get_response(request)
  File "/home/wemisico/virtualenv/wemisipy/3.13/lib/python3.13/site-packages/django/utils/deprecation.py", line 133, in __call__
    response = self.process_request(request)
  File "/home/wemisico/virtualenv/wemisipy/3.13/lib/python3.13/site-packages/django/middleware/common.py", line 48, in process_request
    host = request.get_host()
  File "/home/wemisico/virtualenv/wemisipy/3.13/lib/python3.13/site-packages/django/http/request.py", line 150, in get_host
    raise DisallowedHost(msg)
django.core.exceptions.DisallowedHost: Invalid HTTP_HOST header: 'www.wemisi.com'. You may need to add 'www.wemisi.com' to ALLOWED_HOSTS.
Not Found: /robots.txt
Not Found: /esp.html
Invalid HTTP_HOST header: 'www.wemisi.com'. You may need to add 'www.wemisi.com' to ALLOWED_HOSTS.
Traceback (most recent call last):
  File "/home/wemisico/virtualenv/wemisipy/3.13/lib/python3.13/site-packages/django/core/handlers/exception.py", line 55, in inner
    response = get_response(request)
  File "/home/wemisico/virtualenv/wemisipy/3.13/lib/python3.13/site-packages/django/utils/deprecation.py", line 133, in __call__
    response = self.process_request(request)
  File "/home/wemisico/virtualenv/wemisipy/3.13/lib/python3.13/site-packages/django/middleware/common.py", line 48, in process_request
    host = request.get_host()
  File "/home/wemisico/virtualenv/wemisipy/3.13/lib/python3.13/site-packages/django/http/request.py", line 150, in get_host
    raise DisallowedHost(msg)
django.core.exceptions.DisallowedHost: Invalid HTTP_HOST header: 'www.wemisi.com'. You may need to add 'www.wemisi.com' to ALLOWED_HOSTS.
Not Found: /robots.txt
Invalid HTTP_HOST header: 'www.wemisi.com'. You may need to add 'www.wemisi.com' to ALLOWED_HOSTS.
Traceback (most recent call last):
  File "/home/wemisico/virtualenv/wemisipy/3.13/lib/python3.13/site-packages/django/core/handlers/exception.py", line 55, in inner
    response = get_response(request)
  File "/home/wemisico/virtualenv/wemisipy/3.13/lib/python3.13/site-packages/django/utils/deprecation.py", line 133, in __call__
    response = self.process_request(request)
  File "/home/wemisico/virtualenv/wemisipy/3.13/lib/python3.13/site-packages/django/middleware/common.py", line 48, in process_request
    host = request.get_host()
  File "/home/wemisico/virtualenv/wemisipy/3.13/lib/python3.13/site-packages/django/http/request.py", line 150, in get_host
    raise DisallowedHost(msg)
django.core.exceptions.DisallowedHost: Invalid HTTP_HOST header: 'www.wemisi.com'. You may need to add 'www.wemisi.com' to ALLOWED_HOSTS.
Not Found: /favicon.ico
Not Found: /media/blog_images/1.jpg
Not Found: /coming-soon.html
Invalid HTTP_HOST header: 'www.wemisi.com'. You may need to add 'www.wemisi.com' to ALLOWED_HOSTS.
Traceback (most recent call last):
  File "/home/wemisico/virtualenv/wemisipy/3.13/lib/python3.13/site-packages/django/core/handlers/exception.py", line 55, in inner
    response = get_response(request)
  File "/home/wemisico/virtualenv/wemisipy/3.13/lib/python3.13/site-packages/django/utils/deprecation.py", line 133, in __call__
    response = self.process_request(request)
  File "/home/wemisico/virtualenv/wemisipy/3.13/lib/python3.13/site-packages/django/middleware/common.py", line 48, in process_request
    host = request.get_host()
  File "/home/wemisico/virtualenv/wemisipy/3.13/lib/python3.13/site-packages/django/http/request.py", line 150, in get_host
    raise DisallowedHost(msg)
django.core.exceptions.DisallowedHost: Invalid HTTP_HOST header: 'www.wemisi.com'. You may need to add 'www.wemisi.com' to ALLOWED_HOSTS.
Invalid HTTP_HOST header: 'www.wemisi.com'. You may need to add 'www.wemisi.com' to ALLOWED_HOSTS.
Traceback (most recent call last):
  File "/home/wemisico/virtualenv/wemisipy/3.13/lib/python3.13/site-packages/django/core/handlers/exception.py", line 55, in inner
    response = get_response(request)
  File "/home/wemisico/virtualenv/wemisipy/3.13/lib/python3.13/site-packages/django/utils/deprecation.py", line 133, in __call__
    response = self.process_request(request)
  File "/home/wemisico/virtualenv/wemisipy/3.13/lib/python3.13/site-packages/django/middleware/common.py", line 48, in process_request
    host = request.get_host()
  File "/home/wemisico/virtualenv/wemisipy/3.13/lib/python3.13/site-packages/django/http/request.py", line 150, in get_host
    raise DisallowedHost(msg)
django.core.exceptions.DisallowedHost: Invalid HTTP_HOST header: 'www.wemisi.com'. You may need to add 'www.wemisi.com' to ALLOWED_HOSTS.
Not Found: /fence.html
Not Found: /marble.html
Not Found: /coming-soon.html
Not Found: /granite.html
Not Found: /wp-includes/wlwmanifest.xml
Not Found: /blog/wp-includes/wlwmanifest.xml
Not Found: /web/wp-includes/wlwmanifest.xml
Not Found: /wordpress/wp-includes/wlwmanifest.xml
Not Found: /website/wp-includes/wlwmanifest.xml
Not Found: /wp/wp-includes/wlwmanifest.xml
Not Found: /news/wp-includes/wlwmanifest.xml
Not Found: /2020/wp-includes/wlwmanifest.xml
Not Found: /2019/wp-includes/wlwmanifest.xml
Not Found: /shop/wp-includes/wlwmanifest.xml
Not Found: /wp1/wp-includes/wlwmanifest.xml
Not Found: /test/wp-includes/wlwmanifest.xml
Not Found: /wp2/wp-includes/wlwmanifest.xml
Not Found: /site/wp-includes/wlwmanifest.xml
Not Found: /cms/wp-includes/wlwmanifest.xml
Not Found: /sito/wp-includes/wlwmanifest.xml
Not Found: /wp-content/plugins/hellopress/wp_filemanager.php
Not Found: /neshe
Not Found: /atomlib.php
Not Found: /a.php
Not Found: /v.php
Not Found: /d2.php
Not Found: /snus.php
Not Found: /011i.php
Not Found: /disaos.php
Not Found: /gdn.php
Not Found: /xc.php
Not Found: /g.php
Not Found: /gmo.php
Not Found: /11.php
Not Found: /20.php
Not Found: /f35.php
Not Found: /1.php
Not Found: /c.php
Not Found: /build.php
Not Found: /lock360.php
Not Found: /4.php
Not Found: /about.php
Not Found: /r.php
Not Found: /v4.php
Not Found: /wp-22.php
Not Found: /makeasmtp.php
Not Found: /system_log.php
Not Found: /NewFile.php
Not Found: /t.php
Not Found: /ee.php
Not Found: /2.php
Not Found: /gdn.php
Not Found: /6.php
Not Found: /12.php
Not Found: /0.php
Not Found: /wp-admin/css/wp-conflg.php
Not Found: /02.php
Not Found: /w.php
Not Found: /go.php
Not Found: /ee.php
Not Found: /an.php
Not Found: /dichku.php
Not Found: /h2a2ck.php
Not Found: /y7.PHP
Not Found: /yr.PHP
Not Found: /l3gi0n.php
Not Found: /loads.PhP
Not Found: /mj.php
Not Found: /dichku.php
Not Found: /zsz.php
Not Found: /h2a2ck.php
Not Found: /11.php
Not Found: /fs6.php
Not Found: /byp.php
Not Found: /byp8.php
Not Found: /an.php
Not Found: /gm.php
Not Found: /trplv.php
Not Found: /ext.php
Not Found: /wa.php
Not Found: /file.php
Not Found: /1.php
Not Found: /wp.php
Not Found: /admin.php
Not Found: /admin.php
Not Found: /wp-includes/Text/Diff/Engine/about.php
Not Found: /index/function.php
Not Found: /wp-includes/ID3/rk2.php
Not Found: /license.php
Not Found: /radio.php
Not Found: /info.php
Not Found: /alfanew.php
Not Found: /znz2ra.php
Not Found: /style.php
Not Found: /zc-729.php
Not Found: /wp.php
Not Found: /kk.php
Not Found: /bless.php
Not Found: /content.php
Not Found: /ghreshttryu.php
Not Found: /siln.php
Not Found: /wp-includes/wlwmanifest.xml
Not Found: /blog/wp-includes/wlwmanifest.xml
Not Found: /web/wp-includes/wlwmanifest.xml
Not Found: /wordpress/wp-includes/wlwmanifest.xml
Not Found: /website/wp-includes/wlwmanifest.xml
Not Found: /wp/wp-includes/wlwmanifest.xml
Not Found: /news/wp-includes/wlwmanifest.xml
Not Found: /2020/wp-includes/wlwmanifest.xml
Not Found: /2019/wp-includes/wlwmanifest.xml
Not Found: /shop/wp-includes/wlwmanifest.xml
Not Found: /wp1/wp-includes/wlwmanifest.xml
Not Found: /test/wp-includes/wlwmanifest.xml
Not Found: /wp2/wp-includes/wlwmanifest.xml
Not Found: /site/wp-includes/wlwmanifest.xml
Not Found: /cms/wp-includes/wlwmanifest.xml
Not Found: /sito/wp-includes/wlwmanifest.xml
Not Found: /coming-soon.html
Not Found: /wp-admin/setup-config.php
Not Found: /wp-admin/install.php
Not Found: /wordpress/wp-admin/setup-config.php
Not Found: /wordpress/wp-admin/install.php
Not Found: /wp/wp-admin/setup-config.php
Not Found: /wp/wp-admin/install.php
Not Found: /new/wp-admin/setup-config.php
Not Found: /new/wp-admin/install.php
Not Found: /old/wp-admin/setup-config.php
Not Found: /old/wp-admin/install.php
Not Found: /blog/wp-admin/setup-config.php
Not Found: /blog/wp-admin/install.php
Not Found: /test/wp-admin/setup-config.php
Not Found: /test/wp-admin/install.php
Not Found: /shop/wp-admin/setup-config.php
Not Found: /shop/wp-admin/install.php
Not Found: /robots.txt
Invalid HTTP_HOST header: 'www.wemisi.com'. You may need to add 'www.wemisi.com' to ALLOWED_HOSTS.
Traceback (most recent call last):
  File "/home/wemisico/virtualenv/wemisipy/3.13/lib/python3.13/site-packages/django/core/handlers/exception.py", line 55, in inner
    response = get_response(request)
  File "/home/wemisico/virtualenv/wemisipy/3.13/lib/python3.13/site-packages/django/utils/deprecation.py", line 133, in __call__
    response = self.process_request(request)
  File "/home/wemisico/virtualenv/wemisipy/3.13/lib/python3.13/site-packages/django/middleware/common.py", line 48, in process_request
    host = request.get_host()
  File "/home/wemisico/virtualenv/wemisipy/3.13/lib/python3.13/site-packages/django/http/request.py", line 150, in get_host
    raise DisallowedHost(msg)
django.core.exceptions.DisallowedHost: Invalid HTTP_HOST header: 'www.wemisi.com'. You may need to add 'www.wemisi.com' to ALLOWED_HOSTS.
Not Found: /robots.txt
Not Found: /wp-links-opml.php
Not Found: /autoload_classmap/function.php
Not Found: /browse.php
Not Found: /wp-content/admin-header.php
Not Found: /wp-content/admin.php
Not Found: /wp-content/autoload_classmap.php
Not Found: /wp-includes/sitemaps/autoload_classmap.php
Not Found: /wp-includes/SimplePie/autoload_classmap.php
Not Found: /wp-includes/Text/autoload_classmap.php
Not Found: /wp-admin/js/autoload_classmap.php
Not Found: /wp-content/themes/about.php
Not Found: /wp-content/backups-dup-lite/
Not Found: /wp-content/index.php
Not Found: /wp-content/languages/
Not Found: /wp-content/languages/index.php
Not Found: /wp-content/plugins/admin.php
Not Found: /wp-content/themes/
Not Found: /wp-content/themes/admin.php
Not Found: /wp-content/upgrade/index.php
Not Found: /wp-admin/css/colors/blue/atomlib.php
Not Found: /wp-content/uploads/
Not Found: /wp-content/uploads/2025/
Not Found: /wp-content/uploads/index.php
Not Found: /wp-good.php
Not Found: /wp-includes/ID3/
Not Found: /wp-includes/ID3/simi.php
Not Found: /wp-includes/IXR/
Not Found: /wp-includes/PHPMailer/index.php
Not Found: /wp-includes/Requests/index.php
Not Found: /wp-includes/SimplePie/index.php
Not Found: /wp-includes/Text/
Not Found: /wp-includes/Text/Diff/Engine/
Not Found: /wp-includes/Text/Diff/Renderer/index.php
Not Found: /wp-includes/assets/autoload_classmap.php
Not Found: /wp-includes/bk/index.php
Not Found: /wp-includes/block-bindings/
Not Found: /wp-includes/block-supports/
Not Found: /wp-includes/blocks/code/
Not Found: /wp-includes/certificates/
Not Found: /wp-includes/css/autoload_classmap.php
Not Found: /wp-includes/customize/chosen.php
Not Found: /wp-includes/html-api/index.php
Not Found: /wp-includes/images/
Not Found: /wp-includes/index.php
Not Found: /wp-includes/js/codemirror/index.php
Not Found: /wp-includes/js/crop/
Not Found: /wp-includes/js/dist/
Not Found: /wp-includes/js/dist/development/
Not Found: /wp-includes/pomo/index.php
Not Found: /wp-includes/random_compat/index.php
Not Found: /wp-includes/rest-api/fields/
Not Found: /wp-includes/rest-api/index.php
Not Found: /wp-includes/sitemaps/providers/index.php
Not Found: /wp-includes/style-engine/autoload_classmap.php
Not Found: /wp-includes/style-engine/wp-conflg.php
Not Found: /wp-includes/theme-compat/
Not Found: /wp-login.php
Not Found: /wp-signin.php
Not Found: /wp-user.php
Not Found: /wp.php
Invalid HTTP_HOST header: 'www.wemisi.com'. You may need to add 'www.wemisi.com' to ALLOWED_HOSTS.
Traceback (most recent call last):
  File "/home/wemisico/virtualenv/wemisipy/3.13/lib/python3.13/site-packages/django/core/handlers/exception.py", line 55, in inner
    response = get_response(request)
  File "/home/wemisico/virtualenv/wemisipy/3.13/lib/python3.13/site-packages/django/utils/deprecation.py", line 133, in __call__
    response = self.process_request(request)
  File "/home/wemisico/virtualenv/wemisipy/3.13/lib/python3.13/site-packages/django/middleware/common.py", line 48, in process_request
    host = request.get_host()
  File "/home/wemisico/virtualenv/wemisipy/3.13/lib/python3.13/site-packages/django/http/request.py", line 150, in get_host
    raise DisallowedHost(msg)
django.core.exceptions.DisallowedHost: Invalid HTTP_HOST header: 'www.wemisi.com'. You may need to add 'www.wemisi.com' to ALLOWED_HOSTS.
Not Found: /robots.txt
Not Found: /robots.txt
Not Found: /apps
Not Found: /api/action
Not Found: /api/actions
Not Found: /_next/data
Forbidden (Referer checking failed - no Referer.): /
Invalid HTTP_HOST header: 'www.wemisi.com'. You may need to add 'www.wemisi.com' to ALLOWED_HOSTS.
Traceback (most recent call last):
  File "/home/wemisico/virtualenv/wemisipy/3.13/lib/python3.13/site-packages/django/core/handlers/exception.py", line 55, in inner
    response = get_response(request)
  File "/home/wemisico/virtualenv/wemisipy/3.13/lib/python3.13/site-packages/django/utils/deprecation.py", line 133, in __call__
    response = self.process_request(request)
  File "/home/wemisico/virtualenv/wemisipy/3.13/lib/python3.13/site-packages/django/middleware/common.py", line 48, in process_request
    host = request.get_host()
  File "/home/wemisico/virtualenv/wemisipy/3.13/lib/python3.13/site-packages/django/http/request.py", line 150, in get_host
    raise DisallowedHost(msg)
django.core.exceptions.DisallowedHost: Invalid HTTP_HOST header: 'www.wemisi.com'. You may need to add 'www.wemisi.com' to ALLOWED_HOSTS.
Not Found: /robots.txt
Not Found: /.well-known/index.php
Not Found: /404.php
Not Found: /aa.php
Not Found: /abcd.php
Not Found: /admin.php
Not Found: /about.php
Not Found: /adminfuns.php
Not Found: /ahax.php
Not Found: /akcc.php
Not Found: /alfa.php
Not Found: /assets/images/
Not Found: /autoload_classmap/function.php
Not Found: /av.php
Not Found: /bless.php
Not Found: /bolt.php
Not Found: /buy.php
Not Found: /atomlib.php
Not Found: /cgi-bin/file.php
Not Found: /cgi-bin/index.php
Not Found: /chosen.php
Not Found: /classwithtostring.php
Not Found: /edit.php
Not Found: /elp.php
Not Found: /simple.php
Not Found: /file.php
Not Found: /item.php
Not Found: /files/
Not Found: /gg.php
Not Found: /goods.php
Not Found: /images/
Not Found: /images/install.php
Not Found: /info.php
Not Found: /ioxi-o.php
Not Found: /k.php
Not Found: /mah.php
Not Found: /mah/function.php
Not Found: /manager.php
Not Found: /mini
Not Found: /new.php
Not Found: /dropdown.php
Not Found: /cong.php
Not Found: /public/files/index.php
Not Found: /public/wp-content/index.php
Not Found: /radio.php
Not Found: /themes.php
Not Found: /uploads/index.php
Not Found: /wp-admin/
Not Found: /wp-admin/classwithtostring.php
Not Found: /wp-admin/css/
Not Found: /wp-admin/css/about.php
Not Found: /wp-admin/css/colors/blue/
Not Found: /wp-admin/images/index.php
Not Found: /wp-admin/includes/colour.php
Not Found: /wp-admin/index.php
Not Found: /wp-admin/js/
Not Found: /wp-admin/js/index.php
Not Found: /wp-admin/js/widgets/
Not Found: /wp-admin/network/admin.php
Not Found: /wp-admin/wp-admins.php
Not Found: /wp-blog.php
Not Found: /wp-conflg/function.php
Not Found: /wp-content/plugins/hellopress/wp_filemanager.php
Not Found: /class-t.api.php
Not Found: /vbbn.php
Not Found: /pn.php
Not Found: /fz.php
Not Found: /wl.php
Not Found: /sang.php
Not Found: /0o0.php
Not Found: /zxl.php
Not Found: /dbc.php
Not Found: /mh.php
Not Found: /zwso.php
Not Found: /wp-admin/css/colors/blue/index.php
Not Found: /class19.php
Not Found: /class20.php
Not Found: /admin.php
Not Found: /randkeyword.php
Not Found: /fwe.php
Not Found: /g.php
Not Found: /tx1.php
Not Found: /xv.php
Not Found: /htaccess.php
Not Found: /readme.php
Not Found: /fv.php
Not Found: /file.php
Not Found: /lsd.php
Not Found: /as.php
Not Found: /wsd.php
Not Found: /gtc.php
Not Found: /atx.php
Not Found: /z60.php
Not Found: /403.php
Not Found: /themes.php
Not Found: /wp-admin/maint/about.php
Not Found: /wp-admin/network/wp-conflg.php
Not Found: /click.php
Not Found: /install.php
Not Found: /simple.php
Not Found: /css.php
Not Found: /cong.php
Not Found: /wp-includes/images/wp-login.php
Not Found: /cong.php
Not Found: /w.php
Not Found: /404.php
Not Found: /ioxi-o.php
Not Found: /0x.php
Not Found: /css.php
Not Found: /222.php
Not Found: /wp-content/index.php
Not Found: /admin.php
Not Found: /wp-admin/maint/maint.php
Not Found: /classwithtostring.php
Not Found: /abcd.php
Not Found: /autoload_classmap.php
Not Found: /inputs.php
Not Found: /about.php
Not Found: /themes/twentytwentytwo/index.php
Not Found: /wp-admin/js/wp-conflg.php
Not Found: /wp-admin/wp-conflg.php
Not Found: /wp-admin/css/wp-conflg.php
Not Found: /manager.php
Not Found: /item.php
Not Found: /plugins/Cache/footer.php
Not Found: /404.php
Not Found: /mail.php
Not Found: /wp-content/plugins/index.php
Not Found: /sx.php
Not Found: /wp-admin/maint/admin.php
Not Found: /alfa.php
Not Found: /1.php
Not Found: /wp-trackback.php
Not Found: /.well-known/index.php
Not Found: /wp-admin/network/plugins.php
Not Found: /wp-admin/about.php
Not Found: /gmo.php
Not Found: /wp-includes/ID3/about.php
Not Found: /css/index.php
Not Found: /wp-includes/SimplePie/wp-login.php
Not Found: /wp-content/themes/about.php
Not Found: /filemanager/dialog.php
Not Found: /wp-includes/customize/about.php
Not Found: /index/function.php
Not Found: /uploads/autoload_classmap.php
Not Found: /wp-includes/style-engine/about.php
Not Found: /ww1.php
Not Found: /about/function.php
Not Found: /.well-known/acme-challenge/index.php
Not Found: /css/colors/blue/index.php
Not Found: /security.php
Not Found: /wp-admin/user/about.php
Not Found: /wp-admin/js/index.php
Not Found: /wp-content/upgrade/about.php
Not Found: /wp-includes/assets/index.php
Not Found: /wp-content/radio.php
Not Found: /wp-includes/fonts/index.php
Not Found: /.well-known/admin.php
Not Found: /wp-content/admin.php
Not Found: /wp-content/plugins/admin.php
Not Found: /wp-content/themes/twentytwentytwo/index.php
Not Found: /.well-known/log.php
Not Found: /class.php
Not Found: /bless5.php
Not Found: /wp-includes/js/codemirror/index.php
Not Found: /wp-includes/block-patterns/index.php
Not Found: /lock360.php
Not Found: /f35.php
Not Found: /ioxi-o1.php
Not Found: /ha.php
Not Found: /gg.php
Not Found: /we2.php
Not Found: /04.php
Not Found: /333.php
Not Found: /520.php
Not Found: /ar.php
Not Found: /x.php
Not Found: /xx.php
Not Found: /gifclass4.php
Not Found: /bibil.php
Not Found: /radio.php
Not Found: /files.php
Not Found: /file7.php
Not Found: /gifclass.php
Not Found: /wp-admin/css/colors/midnight/about.php
Not Found: /nox.php
Not Found: /file48.php
Not Found: /info.php
Not Found: /class9.php
Not Found: /la.php
Not Found: /bless11.php
Not Found: /ccou.php
Not Found: /ton.php
Not Found: /403.php
Not Found: /file9.php
Not Found: /ac.php
Not Found: /new4.php
Not Found: /pop.php
Not Found: /az.php
Not Found: /xaz.php
Not Found: /up4.php
Not Found: /vanta-1.php
Not Found: /elp.php
Not Found: /wtz.php
Not Found: /galex.php
Not Found: /xb.php
Not Found: /ova.php
Not Found: /vx.php
Not Found: /rh.php
Not Found: /chosen.php
Not Found: /.well-known/acme-challenge/wp-login.php
Not Found: /wp-good.php
Not Found: /admiin.php
Not Found: /zafir1.php
Not Found: /xse25.php
Not Found: /wp-includes/customize/sx.php
Not Found: /wp-includes/blocks/about.php
Not Found: /cgi-bin/wp-login.php
Not Found: /wp-includes/index.php
Not Found: /wp-signin.php
Not Found: /wp-includes/rest-api/about.php
Not Found: /fm.php
Not Found: /fopen.php
Invalid HTTP_HOST header: 'www.wemisi.com'. You may need to add 'www.wemisi.com' to ALLOWED_HOSTS.
Traceback (most recent call last):
  File "/home/wemisico/virtualenv/wemisipy/3.13/lib/python3.13/site-packages/django/core/handlers/exception.py", line 55, in inner
    response = get_response(request)
  File "/home/wemisico/virtualenv/wemisipy/3.13/lib/python3.13/site-packages/django/utils/deprecation.py", line 133, in __call__
    response = self.process_request(request)
  File "/home/wemisico/virtualenv/wemisipy/3.13/lib/python3.13/site-packages/django/middleware/common.py", line 48, in process_request
    host = request.get_host()
  File "/home/wemisico/virtualenv/wemisipy/3.13/lib/python3.13/site-packages/django/http/request.py", line 150, in get_host
    raise DisallowedHost(msg)
django.core.exceptions.DisallowedHost: Invalid HTTP_HOST header: 'www.wemisi.com'. You may need to add 'www.wemisi.com' to ALLOWED_HOSTS.
Not Found: /wp-links-opml.php
Not Found: /autoload_classmap/function.php
Not Found: /browse.php
Not Found: /wp-content/admin-header.php
Not Found: /wp-content/admin.php
Not Found: /wp-content/autoload_classmap.php
Not Found: /wp-includes/sitemaps/autoload_classmap.php
Not Found: /wp-includes/SimplePie/autoload_classmap.php
Not Found: /wp-includes/Text/autoload_classmap.php
Not Found: /wp-admin/js/autoload_classmap.php
Not Found: /wp-content/themes/about.php
Not Found: /wp-content/backups-dup-lite/
Not Found: /wp-content/index.php
Not Found: /wp-content/languages/
Not Found: /wp-content/languages/index.php
Not Found: /wp-content/plugins/admin.php
Not Found: /wp-content/themes/
Not Found: /wp-content/themes/admin.php
Not Found: /wp-content/upgrade/index.php
Not Found: /wp-admin/css/colors/blue/atomlib.php
Not Found: /wp-content/uploads/
Not Found: /wp-content/uploads/2025/
Not Found: /wp-content/uploads/index.php
Not Found: /wp-good.php
Not Found: /wp-includes/ID3/
Not Found: /wp-includes/ID3/simi.php
Not Found: /wp-includes/IXR/
Not Found: /wp-includes/PHPMailer/index.php
Not Found: /wp-includes/Requests/index.php
Not Found: /wp-includes/SimplePie/index.php
Not Found: /wp-includes/Text/
Not Found: /wp-includes/Text/Diff/Engine/
Not Found: /wp-includes/Text/Diff/Renderer/index.php
Not Found: /wp-includes/assets/autoload_classmap.php
Not Found: /wp-includes/bk/index.php
Not Found: /wp-includes/block-bindings/
Not Found: /wp-includes/block-supports/
Not Found: /wp-includes/blocks/code/
Not Found: /wp-includes/certificates/
Not Found: /wp-includes/css/autoload_classmap.php
Not Found: /wp-includes/customize/chosen.php
Not Found: /wp-includes/html-api/index.php
Not Found: /wp-includes/images/
Not Found: /wp-includes/index.php
Not Found: /wp-includes/js/codemirror/index.php
Not Found: /wp-includes/js/crop/
Not Found: /wp-includes/js/dist/
Not Found: /wp-includes/js/dist/development/
Not Found: /wp-includes/pomo/index.php
Not Found: /wp-includes/random_compat/index.php
Not Found: /wp-includes/rest-api/fields/
Not Found: /wp-includes/rest-api/index.php
Not Found: /wp-includes/sitemaps/providers/index.php
Not Found: /wp-includes/style-engine/autoload_classmap.php
Not Found: /wp-includes/style-engine/wp-conflg.php
Not Found: /wp-includes/theme-compat/
Not Found: /wp-login.php
Not Found: /wp-signin.php
Not Found: /wp-user.php
Not Found: /wp.php
Not Found: /apps
Not Found: /api/action
Not Found: /api/actions
Not Found: /_next/data
Forbidden (Referer checking failed - no Referer.): /
Not Found: /.well-known/index.php
Not Found: /404.php
Not Found: /aa.php
Not Found: /abcd.php
Not Found: /admin.php
Not Found: /about.php
Not Found: /adminfuns.php
Not Found: /ahax.php
Not Found: /akcc.php
Not Found: /alfa.php
Not Found: /assets/images/
Not Found: /autoload_classmap/function.php
Not Found: /av.php
Not Found: /bless.php
Not Found: /bolt.php
Not Found: /buy.php
Not Found: /atomlib.php
Not Found: /cgi-bin/file.php
Not Found: /cgi-bin/index.php
Not Found: /chosen.php
Not Found: /classwithtostring.php
Not Found: /edit.php
Not Found: /elp.php
Not Found: /simple.php
Not Found: /file.php
Not Found: /item.php
Not Found: /files/
Not Found: /gg.php
Not Found: /goods.php
Not Found: /images/
Not Found: /images/install.php
Not Found: /info.php
Not Found: /ioxi-o.php
Not Found: /k.php
Not Found: /mah.php
Not Found: /mah/function.php
Not Found: /manager.php
Not Found: /mini
Not Found: /new.php
Not Found: /dropdown.php
Not Found: /cong.php
Not Found: /public/files/index.php
Not Found: /public/wp-content/index.php
Not Found: /radio.php
Not Found: /themes.php
Not Found: /uploads/index.php
Not Found: /wp-admin/
Not Found: /wp-admin/classwithtostring.php
Not Found: /wp-admin/css/
Not Found: /wp-admin/css/about.php
Not Found: /wp-admin/css/colors/blue/
Not Found: /wp-admin/images/index.php
Not Found: /wp-admin/includes/colour.php
Not Found: /wp-admin/index.php
Not Found: /wp-admin/js/
Not Found: /wp-admin/js/index.php
Not Found: /wp-admin/js/widgets/
Not Found: /wp-admin/network/admin.php
Not Found: /wp-admin/wp-admins.php
Not Found: /wp-blog.php
Not Found: /wp-conflg/function.php
Not Found: /wp-links-opml.php
Not Found: /autoload_classmap/function.php
Not Found: /browse.php
Not Found: /wp-content/admin-header.php
Not Found: /wp-content/admin.php
Not Found: /wp-content/autoload_classmap.php
Not Found: /wp-includes/sitemaps/autoload_classmap.php
Not Found: /wp-includes/SimplePie/autoload_classmap.php
Not Found: /wp-includes/Text/autoload_classmap.php
Not Found: /wp-admin/js/autoload_classmap.php
Not Found: /wp-content/themes/about.php
Not Found: /wp-content/backups-dup-lite/
Not Found: /wp-content/index.php
Not Found: /wp-content/languages/
Not Found: /wp-content/languages/index.php
Not Found: /wp-content/plugins/admin.php
Not Found: /wp-content/themes/
Not Found: /wp-content/themes/admin.php
Not Found: /wp-content/upgrade/index.php
Not Found: /wp-admin/css/colors/blue/atomlib.php
Not Found: /wp-content/uploads/
Not Found: /wp-content/uploads/2025/
Not Found: /wp-content/uploads/index.php
Not Found: /wp-good.php
Not Found: /wp-includes/ID3/
Not Found: /wp-includes/ID3/simi.php
Not Found: /wp-includes/IXR/
Not Found: /wp-includes/PHPMailer/index.php
Not Found: /wp-includes/Requests/index.php
Not Found: /wp-includes/SimplePie/index.php
Not Found: /wp-includes/Text/
Not Found: /wp-includes/Text/Diff/Engine/
Not Found: /wp-includes/Text/Diff/Renderer/index.php
Not Found: /wp-includes/assets/autoload_classmap.php
Not Found: /wp-includes/bk/index.php
Not Found: /wp-includes/block-bindings/
Not Found: /wp-includes/block-supports/
Not Found: /wp-includes/blocks/code/
Not Found: /wp-includes/certificates/
Not Found: /wp-includes/css/autoload_classmap.php
Not Found: /wp-includes/customize/chosen.php
Not Found: /wp-includes/html-api/index.php
Not Found: /wp-includes/images/
Not Found: /wp-includes/index.php
Not Found: /wp-includes/js/codemirror/index.php
Not Found: /wp-includes/js/crop/
Not Found: /wp-includes/js/dist/
Not Found: /wp-includes/js/dist/development/
Not Found: /wp-includes/pomo/index.php
Not Found: /wp-includes/random_compat/index.php
Not Found: /wp-includes/rest-api/fields/
Not Found: /wp-includes/rest-api/index.php
Not Found: /wp-includes/sitemaps/providers/index.php
Not Found: /wp-includes/style-engine/autoload_classmap.php
Not Found: /wp-includes/style-engine/wp-conflg.php
Not Found: /wp-includes/theme-compat/
Not Found: /wp-login.php
Not Found: /wp-signin.php
Not Found: /wp-user.php
Not Found: /wp.php
Forbidden (Referer checking failed - no Referer.): /
Not Found: /robots.txt
Not Found: /robots.txt
Invalid HTTP_HOST header: 'www.wemisi.com'. You may need to add 'www.wemisi.com' to ALLOWED_HOSTS.
Traceback (most recent call last):
  File "/home/wemisico/virtualenv/wemisipy/3.13/lib/python3.13/site-packages/django/core/handlers/exception.py", line 55, in inner
    response = get_response(request)
  File "/home/wemisico/virtualenv/wemisipy/3.13/lib/python3.13/site-packages/django/utils/deprecation.py", line 133, in __call__
    response = self.process_request(request)
  File "/home/wemisico/virtualenv/wemisipy/3.13/lib/python3.13/site-packages/django/middleware/common.py", line 48, in process_request
    host = request.get_host()
  File "/home/wemisico/virtualenv/wemisipy/3.13/lib/python3.13/site-packages/django/http/request.py", line 150, in get_host
    raise DisallowedHost(msg)
django.core.exceptions.DisallowedHost: Invalid HTTP_HOST header: 'www.wemisi.com'. You may need to add 'www.wemisi.com' to ALLOWED_HOSTS.
Invalid HTTP_HOST header: 'www.wemisi.com'. You may need to add 'www.wemisi.com' to ALLOWED_HOSTS.
Traceback (most recent call last):
  File "/home/wemisico/virtualenv/wemisipy/3.13/lib/python3.13/site-packages/django/core/handlers/exception.py", line 55, in inner
    response = get_response(request)
  File "/home/wemisico/virtualenv/wemisipy/3.13/lib/python3.13/site-packages/django/utils/deprecation.py", line 133, in __call__
    response = self.process_request(request)
  File "/home/wemisico/virtualenv/wemisipy/3.13/lib/python3.13/site-packages/django/middleware/common.py", line 48, in process_request
    host = request.get_host()
  File "/home/wemisico/virtualenv/wemisipy/3.13/lib/python3.13/site-packages/django/http/request.py", line 150, in get_host
    raise DisallowedHost(msg)
django.core.exceptions.DisallowedHost: Invalid HTTP_HOST header: 'www.wemisi.com'. You may need to add 'www.wemisi.com' to ALLOWED_HOSTS.
Not Found: /robots.txt
Invalid HTTP_HOST header: 'www.wemisi.com'. You may need to add 'www.wemisi.com' to ALLOWED_HOSTS.
Traceback (most recent call last):
  File "/home/wemisico/virtualenv/wemisipy/3.13/lib/python3.13/site-packages/django/core/handlers/exception.py", line 55, in inner
    response = get_response(request)
  File "/home/wemisico/virtualenv/wemisipy/3.13/lib/python3.13/site-packages/django/utils/deprecation.py", line 133, in __call__
    response = self.process_request(request)
  File "/home/wemisico/virtualenv/wemisipy/3.13/lib/python3.13/site-packages/django/middleware/common.py", line 48, in process_request
    host = request.get_host()
  File "/home/wemisico/virtualenv/wemisipy/3.13/lib/python3.13/site-packages/django/http/request.py", line 150, in get_host
    raise DisallowedHost(msg)
django.core.exceptions.DisallowedHost: Invalid HTTP_HOST header: 'www.wemisi.com'. You may need to add 'www.wemisi.com' to ALLOWED_HOSTS.
Invalid HTTP_HOST header: 'www.wemisi.com'. You may need to add 'www.wemisi.com' to ALLOWED_HOSTS.
Traceback (most recent call last):
  File "/home/wemisico/virtualenv/wemisipy/3.13/lib/python3.13/site-packages/django/core/handlers/exception.py", line 55, in inner
    response = get_response(request)
  File "/home/wemisico/virtualenv/wemisipy/3.13/lib/python3.13/site-packages/django/utils/deprecation.py", line 133, in __call__
    response = self.process_request(request)
  File "/home/wemisico/virtualenv/wemisipy/3.13/lib/python3.13/site-packages/django/middleware/common.py", line 48, in process_request
    host = request.get_host()
  File "/home/wemisico/virtualenv/wemisipy/3.13/lib/python3.13/site-packages/django/http/request.py", line 150, in get_host
    raise DisallowedHost(msg)
django.core.exceptions.DisallowedHost: Invalid HTTP_HOST header: 'www.wemisi.com'. You may need to add 'www.wemisi.com' to ALLOWED_HOSTS.
Not Found: /.well-known/index.php
Not Found: /404.php
Not Found: /aa.php
Not Found: /abcd.php
Not Found: /admin.php
Not Found: /about.php
Not Found: /adminfuns.php
Not Found: /ahax.php
Not Found: /akcc.php
Not Found: /alfa.php
Not Found: /assets/images/
Not Found: /autoload_classmap/function.php
Not Found: /av.php
Not Found: /bless.php
Not Found: /bolt.php
Not Found: /buy.php
Not Found: /atomlib.php
Not Found: /cgi-bin/file.php
Not Found: /cgi-bin/index.php
Not Found: /chosen.php
Not Found: /classwithtostring.php
Not Found: /edit.php
Not Found: /elp.php
Not Found: /simple.php
Not Found: /file.php
Not Found: /item.php
Not Found: /files/
Not Found: /gg.php
Not Found: /goods.php
Not Found: /images/
Not Found: /images/install.php
Not Found: /info.php
Not Found: /ioxi-o.php
Not Found: /k.php
Not Found: /mah.php
Not Found: /mah/function.php
Not Found: /manager.php
Not Found: /mini
Not Found: /new.php
Not Found: /dropdown.php
Not Found: /cong.php
Not Found: /public/files/index.php
Not Found: /public/wp-content/index.php
Not Found: /radio.php
Not Found: /themes.php
Not Found: /uploads/index.php
Not Found: /wp-admin/
Not Found: /wp-admin/classwithtostring.php
Not Found: /wp-admin/css/
Not Found: /wp-admin/css/about.php
Not Found: /wp-admin/css/colors/blue/
Not Found: /wp-admin/images/index.php
Not Found: /wp-admin/includes/colour.php
Not Found: /wp-admin/index.php
Not Found: /wp-admin/js/
Not Found: /wp-admin/js/index.php
Not Found: /wp-admin/js/widgets/
Not Found: /wp-admin/network/admin.php
Not Found: /wp-admin/wp-admins.php
Not Found: /wp-blog.php
Not Found: /wp-conflg/function.php
Not Found: /apps
Not Found: /api/action
Not Found: /api/actions
Not Found: /_next/data
Forbidden (Referer checking failed - no Referer.): /
Not Found: /robots.txt
Not Found: /robots.txt
Invalid HTTP_HOST header: 'www.wemisi.com'. You may need to add 'www.wemisi.com' to ALLOWED_HOSTS.
Traceback (most recent call last):
  File "/home/wemisico/virtualenv/wemisipy/3.13/lib/python3.13/site-packages/django/core/handlers/exception.py", line 55, in inner
    response = get_response(request)
  File "/home/wemisico/virtualenv/wemisipy/3.13/lib/python3.13/site-packages/django/utils/deprecation.py", line 133, in __call__
    response = self.process_request(request)
  File "/home/wemisico/virtualenv/wemisipy/3.13/lib/python3.13/site-packages/django/middleware/common.py", line 48, in process_request
    host = request.get_host()
  File "/home/wemisico/virtualenv/wemisipy/3.13/lib/python3.13/site-packages/django/http/request.py", line 150, in get_host
    raise DisallowedHost(msg)
django.core.exceptions.DisallowedHost: Invalid HTTP_HOST header: 'www.wemisi.com'. You may need to add 'www.wemisi.com' to ALLOWED_HOSTS.
Not Found: /.well-known/index.php
Not Found: /404.php
Not Found: /aa.php
Not Found: /abcd.php
Not Found: /admin.php
Not Found: /about.php
Not Found: /adminfuns.php
Not Found: /ahax.php
Not Found: /akcc.php
Not Found: /alfa.php
Not Found: /assets/images/
Not Found: /autoload_classmap/function.php
Not Found: /av.php
Not Found: /bless.php
Not Found: /bolt.php
Not Found: /buy.php
Not Found: /atomlib.php
Not Found: /cgi-bin/file.php
Not Found: /cgi-bin/index.php
Not Found: /chosen.php
Not Found: /classwithtostring.php
Not Found: /edit.php
Not Found: /elp.php
Not Found: /simple.php
Not Found: /file.php
Not Found: /item.php
Not Found: /files/
Not Found: /gg.php
Not Found: /goods.php
Not Found: /images/
Not Found: /images/install.php
Not Found: /info.php
Not Found: /ioxi-o.php
Not Found: /k.php
Not Found: /mah.php
Not Found: /mah/function.php
Not Found: /manager.php
Not Found: /mini
Not Found: /new.php
Not Found: /dropdown.php
Not Found: /cong.php
Not Found: /public/files/index.php
Not Found: /public/wp-content/index.php
Not Found: /radio.php
Not Found: /themes.php
Not Found: /uploads/index.php
Not Found: /wp-admin/
Not Found: /wp-admin/classwithtostring.php
Not Found: /wp-admin/css/
Not Found: /wp-admin/css/about.php
Not Found: /wp-admin/css/colors/blue/
Not Found: /wp-admin/images/index.php
Not Found: /wp-admin/includes/colour.php
Not Found: /wp-admin/index.php
Not Found: /wp-admin/js/
Not Found: /wp-admin/js/index.php
Not Found: /wp-admin/js/widgets/
Not Found: /wp-admin/network/admin.php
Not Found: /wp-admin/wp-admins.php
Not Found: /wp-blog.php
Not Found: /wp-conflg/function.php
Invalid HTTP_HOST header: 'www.wemisi.com'. You may need to add 'www.wemisi.com' to ALLOWED_HOSTS.
Traceback (most recent call last):
  File "/home/wemisico/virtualenv/wemisipy/3.13/lib/python3.13/site-packages/django/core/handlers/exception.py", line 55, in inner
    response = get_response(request)
  File "/home/wemisico/virtualenv/wemisipy/3.13/lib/python3.13/site-packages/django/utils/deprecation.py", line 133, in __call__
    response = self.process_request(request)
  File "/home/wemisico/virtualenv/wemisipy/3.13/lib/python3.13/site-packages/django/middleware/common.py", line 48, in process_request
    host = request.get_host()
  File "/home/wemisico/virtualenv/wemisipy/3.13/lib/python3.13/site-packages/django/http/request.py", line 150, in get_host
    raise DisallowedHost(msg)
django.core.exceptions.DisallowedHost: Invalid HTTP_HOST header: 'www.wemisi.com'. You may need to add 'www.wemisi.com' to ALLOWED_HOSTS.
Not Found: /apps
Not Found: /api/action
Not Found: /api/actions
Not Found: /_next/data
Forbidden (Referer checking failed - no Referer.): /
Not Found: /robots.txt
Not Found: /.well-known/acme-challenge/file.php
Not Found: /.well-known/index.php
Not Found: /404.php
Not Found: /aa.php
Not Found: /abcd.php
Not Found: /admin.php
Not Found: /about.php
Not Found: /adminfuns.php
Not Found: /ahax.php
Not Found: /akcc.php
Not Found: /alfa.php
Not Found: /assets/images/
Not Found: /autoload_classmap/function.php
Not Found: /av.php
Not Found: /bless.php
Not Found: /bolt.php
Not Found: /buy.php
Not Found: /atomlib.php
Not Found: /cgi-bin/file.php
Not Found: /cgi-bin/index.php
Not Found: /chosen.php
Not Found: /classwithtostring.php
Not Found: /edit.php
Not Found: /elp.php
Not Found: /simple.php
Not Found: /file.php
Not Found: /item.php
Not Found: /files/
Not Found: /gg.php
Not Found: /goods.php
Not Found: /images/
Not Found: /images/install.php
Not Found: /info.php
Not Found: /ioxi-o.php
Not Found: /k.php
Not Found: /mah.php
Not Found: /mah/function.php
Not Found: /manager.php
Not Found: /mini
Not Found: /new.php
Not Found: /dropdown.php
Not Found: /cong.php
Not Found: /public/files/index.php
Not Found: /public/wp-content/index.php
Not Found: /radio.php
Not Found: /themes.php
Not Found: /uploads/index.php
Not Found: /wp-admin/
Not Found: /wp-admin/classwithtostring.php
Not Found: /wp-admin/css/
Not Found: /wp-admin/css/about.php
Not Found: /wp-admin/css/colors/blue/
Not Found: /wp-admin/images/index.php
Not Found: /wp-admin/includes/colour.php
Not Found: /wp-admin/index.php
Not Found: /wp-admin/js/
Not Found: /wp-admin/js/index.php
Not Found: /wp-admin/js/widgets/
Not Found: /wp-admin/network/admin.php
Not Found: /wp-admin/wp-admins.php
Not Found: /wp-blog.php
Not Found: /wp-conflg/function.php
Not Found: /robots.txt
Not Found: /robots.txt
Invalid HTTP_HOST header: 'www.wemisi.com'. You may need to add 'www.wemisi.com' to ALLOWED_HOSTS.
Traceback (most recent call last):
  File "/home/wemisico/virtualenv/wemisipy/3.13/lib/python3.13/site-packages/django/core/handlers/exception.py", line 55, in inner
    response = get_response(request)
  File "/home/wemisico/virtualenv/wemisipy/3.13/lib/python3.13/site-packages/django/utils/deprecation.py", line 133, in __call__
    response = self.process_request(request)
  File "/home/wemisico/virtualenv/wemisipy/3.13/lib/python3.13/site-packages/django/middleware/common.py", line 48, in process_request
    host = request.get_host()
  File "/home/wemisico/virtualenv/wemisipy/3.13/lib/python3.13/site-packages/django/http/request.py", line 150, in get_host
    raise DisallowedHost(msg)
django.core.exceptions.DisallowedHost: Invalid HTTP_HOST header: 'www.wemisi.com'. You may need to add 'www.wemisi.com' to ALLOWED_HOSTS.
Not Found: /num.php
Not Found: /ioxi-o.php
Not Found: /www.php
Not Found: /akcc.php
Not Found: /adminfuns.php
Not Found: /wp-good.php
Invalid HTTP_HOST header: 'www.wemisi.com'. You may need to add 'www.wemisi.com' to ALLOWED_HOSTS.
Traceback (most recent call last):
  File "/home/wemisico/virtualenv/wemisipy/3.13/lib/python3.13/site-packages/django/core/handlers/exception.py", line 55, in inner
    response = get_response(request)
  File "/home/wemisico/virtualenv/wemisipy/3.13/lib/python3.13/site-packages/django/utils/deprecation.py", line 133, in __call__
    response = self.process_request(request)
  File "/home/wemisico/virtualenv/wemisipy/3.13/lib/python3.13/site-packages/django/middleware/common.py", line 48, in process_request
    host = request.get_host()
  File "/home/wemisico/virtualenv/wemisipy/3.13/lib/python3.13/site-packages/django/http/request.py", line 150, in get_host
    raise DisallowedHost(msg)
django.core.exceptions.DisallowedHost: Invalid HTTP_HOST header: 'www.wemisi.com'. You may need to add 'www.wemisi.com' to ALLOWED_HOSTS.
Not Found: /wp-includes/wlwmanifest.xml
Not Found: /blog/wp-includes/wlwmanifest.xml
Not Found: /web/wp-includes/wlwmanifest.xml
Not Found: /wordpress/wp-includes/wlwmanifest.xml
Not Found: /website/wp-includes/wlwmanifest.xml
Not Found: /wp/wp-includes/wlwmanifest.xml
Not Found: /news/wp-includes/wlwmanifest.xml
Not Found: /2018/wp-includes/wlwmanifest.xml
Not Found: /2019/wp-includes/wlwmanifest.xml
Not Found: /shop/wp-includes/wlwmanifest.xml
Not Found: /wp1/wp-includes/wlwmanifest.xml
Not Found: /test/wp-includes/wlwmanifest.xml
Not Found: /media/wp-includes/wlwmanifest.xml
Not Found: /wp2/wp-includes/wlwmanifest.xml
Not Found: /site/wp-includes/wlwmanifest.xml
Not Found: /cms/wp-includes/wlwmanifest.xml
Not Found: /sito/wp-includes/wlwmanifest.xml
Invalid HTTP_HOST header: 'www.wemisi.com'. You may need to add 'www.wemisi.com' to ALLOWED_HOSTS.
Traceback (most recent call last):
  File "/home/wemisico/virtualenv/wemisipy/3.13/lib/python3.13/site-packages/django/core/handlers/exception.py", line 55, in inner
    response = get_response(request)
  File "/home/wemisico/virtualenv/wemisipy/3.13/lib/python3.13/site-packages/django/utils/deprecation.py", line 133, in __call__
    response = self.process_request(request)
  File "/home/wemisico/virtualenv/wemisipy/3.13/lib/python3.13/site-packages/django/middleware/common.py", line 48, in process_request
    host = request.get_host()
  File "/home/wemisico/virtualenv/wemisipy/3.13/lib/python3.13/site-packages/django/http/request.py", line 150, in get_host
    raise DisallowedHost(msg)
django.core.exceptions.DisallowedHost: Invalid HTTP_HOST header: 'www.wemisi.com'. You may need to add 'www.wemisi.com' to ALLOWED_HOSTS.
Invalid HTTP_HOST header: 'www.wemisi.com'. You may need to add 'www.wemisi.com' to ALLOWED_HOSTS.
Traceback (most recent call last):
  File "/home/wemisico/virtualenv/wemisipy/3.13/lib/python3.13/site-packages/django/core/handlers/exception.py", line 55, in inner
    response = get_response(request)
  File "/home/wemisico/virtualenv/wemisipy/3.13/lib/python3.13/site-packages/django/utils/deprecation.py", line 133, in __call__
    response = self.process_request(request)
  File "/home/wemisico/virtualenv/wemisipy/3.13/lib/python3.13/site-packages/django/middleware/common.py", line 48, in process_request
    host = request.get_host()
  File "/home/wemisico/virtualenv/wemisipy/3.13/lib/python3.13/site-packages/django/http/request.py", line 150, in get_host
    raise DisallowedHost(msg)
django.core.exceptions.DisallowedHost: Invalid HTTP_HOST header: 'www.wemisi.com'. You may need to add 'www.wemisi.com' to ALLOWED_HOSTS.
Not Found: /apps
Not Found: /api/action
Not Found: /api/actions
Not Found: /_next/data
Forbidden (Referer checking failed - no Referer.): /
Not Found: /wp-includes/wlwmanifest.xml
Not Found: /blog/wp-includes/wlwmanifest.xml
Not Found: /web/wp-includes/wlwmanifest.xml
Not Found: /wordpress/wp-includes/wlwmanifest.xml
Not Found: /website/wp-includes/wlwmanifest.xml
Not Found: /wp/wp-includes/wlwmanifest.xml
Not Found: /news/wp-includes/wlwmanifest.xml
Not Found: /2018/wp-includes/wlwmanifest.xml
Not Found: /2019/wp-includes/wlwmanifest.xml
Not Found: /shop/wp-includes/wlwmanifest.xml
Not Found: /wp1/wp-includes/wlwmanifest.xml
Not Found: /test/wp-includes/wlwmanifest.xml
Not Found: /media/wp-includes/wlwmanifest.xml
Not Found: /wp2/wp-includes/wlwmanifest.xml
Not Found: /site/wp-includes/wlwmanifest.xml
Not Found: /cms/wp-includes/wlwmanifest.xml
Not Found: /sito/wp-includes/wlwmanifest.xml
Not Found: /autoload_classmap/function.php
Not Found: /num.php
Not Found: /www.php
Not Found: /includes.php
Not Found: /browse.php
Not Found: /wp-content/admin-header.php
Not Found: /wp-content/admin.php
Not Found: /wp-content/autoload_classmap.php
Not Found: /wp-includes/sitemaps/autoload_classmap.php
Not Found: /wp-includes/SimplePie/autoload_classmap.php
Not Found: /wp-includes/Text/autoload_classmap.php
Not Found: /wp-admin/js/autoload_classmap.php
Not Found: /wp-content/themes/about.php
Not Found: /wp-content/backups-dup-lite/
Not Found: /wp-content/index.php
Not Found: /wp-content/languages/
Not Found: /wp-content/languages/index.php
Not Found: /wp-content/plugins/admin.php
Not Found: /wp-content/themes/
Not Found: /wp-content/themes/admin.php
Not Found: /wp-content/upgrade/index.php
Not Found: /wp-admin/css/colors/blue/atomlib.php
Not Found: /wp-content/uploads/
Not Found: /wp-content/uploads/2025/
Not Found: /wp-content/uploads/index.php
Not Found: /wp-good.php
Not Found: /wp-includes/ID3/
Not Found: /wp-includes/ID3/simi.php
Not Found: /wp-includes/IXR/
Not Found: /wp-includes/PHPMailer/index.php
Not Found: /wp-includes/Requests/index.php
Not Found: /wp-includes/SimplePie/index.php
Not Found: /wp-includes/Text/
Not Found: /wp-includes/Text/Diff/Engine/
Not Found: /wp-includes/Text/Diff/Renderer/index.php
Not Found: /wp-includes/assets/autoload_classmap.php
Not Found: /wp-includes/bk/index.php
Not Found: /wp-includes/block-bindings/
Not Found: /wp-includes/block-supports/
Not Found: /wp-includes/blocks/code/
Not Found: /wp-includes/certificates/
Not Found: /wp-includes/css/autoload_classmap.php
Not Found: /wp-includes/customize/chosen.php
Not Found: /wp-includes/html-api/index.php
Not Found: /wp-includes/images/
Not Found: /wp-includes/index.php
Not Found: /wp-includes/js/codemirror/index.php
Not Found: /wp-includes/js/crop/
Not Found: /wp-includes/js/dist/
Not Found: /wp-includes/js/dist/development/
Not Found: /wp-includes/pomo/index.php
Not Found: /wp-includes/random_compat/index.php
Not Found: /wp-includes/rest-api/fields/
Not Found: /wp-includes/rest-api/index.php
Not Found: /wp-includes/sitemaps/providers/index.php
Not Found: /wp-includes/style-engine/autoload_classmap.php
Not Found: /wp-includes/style-engine/wp-conflg.php
Not Found: /wp-includes/theme-compat/
Not Found: /wp-login.php
Not Found: /wp-signin.php
Not Found: /wp-user.php
Not Found: /wp.php
Not Found: /num.php
Not Found: /ioxi-o.php
Not Found: /www.php
Not Found: /akcc.php
Not Found: /adminfuns.php
Not Found: /wp-good.php
Not Found: /robots.txt
Not Found: /favicon.ico
Not Found: /favicon.ico
Not Found: /.well-known/acme-challenge/file.php
Not Found: /.well-known/acme-challenge/wp-login.php
Not Found: /.well-known/pki-validation/index.php
Not Found: /1.php
Not Found: /Sanskrit.php
Not Found: /aa.php
Not Found: /about.php
Not Found: /admin.php
Not Found: /ahax.php
Not Found: /assets/as.php
Not Found: /autoload_classmap/function.php
Not Found: /av.php
Not Found: /bless.php
Not Found: /buy.php
Not Found: /cc.php
Not Found: /chosen.php
Not Found: /css/index.php
Not Found: /css/install.php
Not Found: /elp.php
Not Found: /file5.php
Not Found: /function/function.php
Not Found: /goods.php
Not Found: /images/admin.php
Not Found: /index/function.php
Not Found: /inputs.php
Not Found: /install.php
Not Found: /mah/function.php
Not Found: /manager.php
Not Found: /mini.php
Not Found: /network.php
Not Found: /options-reading.php
Not Found: /simple.php
Not Found: /vendor/phpunit/phpunit/src/Util/PHP/as.php
Not Found: /wp-admin/css/colors/ocean/about.php
Not Found: /wp-admin/images/index.php
Not Found: /wp-admin/network/admin.php
Not Found: /wp-admin/network/index.php
Not Found: /wp-blog.php
Not Found: /wp-content/classwithtostring.php
Not Found: /wp-content/edit.php
Not Found: /wp-content/index.php
Not Found: /wp-content/languages/index.php
Not Found: /wp-content/plugins/admin.php
Not Found: /wp-content/themes/pridmag/install.php
Not Found: /wp-content/themes/tflow/as.php
Not Found: /wp-editor.php
Not Found: /wp-good.php
Not Found: /wp-includes/ID3/about.php
Not Found: /wp-includes/ID3/about.php/wp-content/x/index.php
Not Found: /wp-includes/ID3/simi.php
Not Found: /wp-includes/PHPMailer/index.php
Not Found: /wp-includes/Requests/about.php
Not Found: /wp-includes/SimplePie/index.php
Not Found: /wp-includes/Text/Diff/Renderer/index.php
Not Found: /wp-includes/Text/Diff/index.php
Not Found: /wp-includes/Text/index.php
Not Found: /wp-includes/Text/xwx1.php
Not Found: /wp-includes/assets/about.php
Not Found: /wp-includes/assets/index.php
Not Found: /wp-includes/bk/index.php
Not Found: /wp-includes/block-bindings/radio.php
Not Found: /wp-includes/blocks/calendar/index.php
Not Found: /wp-includes/class-wp-locale-switcher-less.php
Not Found: /wp-includes/css/index.php
Not Found: /wp-includes/customize/chosen.php
Not Found: /wp-includes/customize/class-wp-customize-media-icon-control.php
Not Found: /wp-includes/customize/index.php
Not Found: /wp-includes/customize/sx.php
Not Found: /wp-includes/fonts/admin.php
Not Found: /wp-includes/fonts/index.php
Not Found: /wp-includes/images/smilies/about.php
Not Found: /wp-includes/images/smilies/admin.php
Not Found: /wp-includes/index.php
Not Found: /wp-includes/js/index.php
Not Found: /wp-includes/rest-api/endpoints/index.php
Not Found: /wp-includes/sitemaps/wp-conflg.php
Not Found: /wp-includes/style-engine/index.php
Not Found: /wp-includes/wp-db-array.php
Not Found: /wp-themes.php
Not Found: /wp-user.php
Not Found: /wp.php
Not Found: /x.php
Not Found: /yas.php
Not Found: /abcd.php
Not Found: /akcc.php
Not Found: /xmrlpc.php
Not Found: /num.php
Not Found: /ioxi-o.php
Not Found: /www.php
Not Found: /akcc.php
Not Found: /adminfuns.php
Not Found: /wp-good.php
Not Found: /.well-known/index.php
Not Found: /404.php
Not Found: /aa.php
Not Found: /abcd.php
Not Found: /admin.php
Not Found: /about.php
Not Found: /adminfuns.php
Not Found: /ahax.php
Not Found: /akcc.php
Not Found: /alfa.php
Not Found: /assets/images/
Not Found: /autoload_classmap/function.php
Not Found: /av.php
Not Found: /bless.php
Not Found: /bolt.php
Not Found: /buy.php
Not Found: /atomlib.php
Not Found: /cgi-bin/file.php
Not Found: /cgi-bin/index.php
Not Found: /chosen.php
Not Found: /classwithtostring.php
Not Found: /edit.php
Not Found: /elp.php
Not Found: /simple.php
Not Found: /file.php
Not Found: /item.php
Not Found: /files/
Not Found: /gg.php
Not Found: /goods.php
Not Found: /images/
Not Found: /images/install.php
Not Found: /info.php
Not Found: /ioxi-o.php
Not Found: /k.php
Not Found: /mah.php
Not Found: /mah/function.php
Not Found: /manager.php
Not Found: /mini
Not Found: /new.php
Not Found: /dropdown.php
Not Found: /cong.php
Not Found: /public/files/index.php
Not Found: /public/wp-content/index.php
Not Found: /radio.php
Not Found: /themes.php
Not Found: /uploads/index.php
Not Found: /wp-admin/
Not Found: /wp-admin/classwithtostring.php
Not Found: /wp-admin/css/
Not Found: /wp-admin/css/about.php
Not Found: /wp-admin/css/colors/blue/
Not Found: /wp-admin/images/index.php
Not Found: /wp-admin/includes/colour.php
Not Found: /wp-admin/index.php
Not Found: /wp-admin/js/
Not Found: /wp-admin/js/index.php
Not Found: /wp-admin/js/widgets/
Not Found: /wp-admin/network/admin.php
Not Found: /wp-admin/wp-admins.php
Not Found: /wp-blog.php
Not Found: /wp-conflg/function.php
Not Found: /robots.txt
Forbidden (Referer checking failed - no Referer.): /
[UID:2270][9978] packetLen < 0
Not Found: /num.php
Not Found: /ioxi-o.php
Not Found: /www.php
Not Found: /akcc.php
Not Found: /adminfuns.php
Not Found: /wp-good.php
Not Found: /robots.txt
Not Found: /.well-known/index.php
Not Found: /404.php
Not Found: /aa.php
Not Found: /abcd.php
Not Found: /admin.php
Not Found: /about.php
Not Found: /adminfuns.php
Not Found: /ahax.php
Not Found: /akcc.php
Not Found: /alfa.php
Not Found: /assets/images/
Not Found: /autoload_classmap/function.php
Not Found: /av.php
Not Found: /bless.php
Not Found: /bolt.php
Not Found: /buy.php
Not Found: /atomlib.php
Not Found: /cgi-bin/file.php
Not Found: /cgi-bin/index.php
Not Found: /chosen.php
Not Found: /classwithtostring.php
Not Found: /edit.php
Not Found: /elp.php
Not Found: /simple.php
Not Found: /file.php
Not Found: /item.php
Not Found: /files/
Not Found: /gg.php
Not Found: /goods.php
Not Found: /images/
Not Found: /images/install.php
Not Found: /info.php
Not Found: /ioxi-o.php
Not Found: /k.php
Not Found: /mah.php
Not Found: /mah/function.php
Not Found: /manager.php
Not Found: /mini
Not Found: /new.php
Not Found: /dropdown.php
Not Found: /cong.php
Not Found: /public/files/index.php
Not Found: /public/wp-content/index.php
Not Found: /radio.php
Not Found: /themes.php
Not Found: /uploads/index.php
Not Found: /wp-admin/
Not Found: /wp-admin/classwithtostring.php
Not Found: /wp-admin/css/
Not Found: /wp-admin/css/about.php
Not Found: /wp-admin/css/colors/blue/
Not Found: /wp-admin/images/index.php
Not Found: /wp-admin/includes/colour.php
Not Found: /wp-admin/index.php
Not Found: /wp-admin/js/
Not Found: /wp-admin/js/index.php
Not Found: /wp-admin/js/widgets/
Not Found: /wp-admin/network/admin.php
Not Found: /wp-admin/wp-admins.php
Not Found: /wp-blog.php
Not Found: /wp-conflg/function.php
Invalid HTTP_HOST header: 'www.wemisi.com'. You may need to add 'www.wemisi.com' to ALLOWED_HOSTS.
Traceback (most recent call last):
  File "/home/wemisico/virtualenv/wemisipy/3.13/lib/python3.13/site-packages/django/core/handlers/exception.py", line 55, in inner
    response = get_response(request)
  File "/home/wemisico/virtualenv/wemisipy/3.13/lib/python3.13/site-packages/django/utils/deprecation.py", line 133, in __call__
    response = self.process_request(request)
  File "/home/wemisico/virtualenv/wemisipy/3.13/lib/python3.13/site-packages/django/middleware/common.py", line 48, in process_request
    host = request.get_host()
  File "/home/wemisico/virtualenv/wemisipy/3.13/lib/python3.13/site-packages/django/http/request.py", line 150, in get_host
    raise DisallowedHost(msg)
django.core.exceptions.DisallowedHost: Invalid HTTP_HOST header: 'www.wemisi.com'. You may need to add 'www.wemisi.com' to ALLOWED_HOSTS.
Not Found: /num.php
Not Found: /ioxi-o.php
Not Found: /www.php
Not Found: /akcc.php
Not Found: /adminfuns.php
Not Found: /wp-good.php
Invalid HTTP_HOST header: 'www.wemisi.com'. You may need to add 'www.wemisi.com' to ALLOWED_HOSTS.
Traceback (most recent call last):
  File "/home/wemisico/virtualenv/wemisipy/3.13/lib/python3.13/site-packages/django/core/handlers/exception.py", line 55, in inner
    response = get_response(request)
  File "/home/wemisico/virtualenv/wemisipy/3.13/lib/python3.13/site-packages/django/utils/deprecation.py", line 133, in __call__
    response = self.process_request(request)
  File "/home/wemisico/virtualenv/wemisipy/3.13/lib/python3.13/site-packages/django/middleware/common.py", line 48, in process_request
    host = request.get_host()
  File "/home/wemisico/virtualenv/wemisipy/3.13/lib/python3.13/site-packages/django/http/request.py", line 150, in get_host
    raise DisallowedHost(msg)
django.core.exceptions.DisallowedHost: Invalid HTTP_HOST header: 'www.wemisi.com'. You may need to add 'www.wemisi.com' to ALLOWED_HOSTS.
Invalid HTTP_HOST header: 'www.wemisi.com'. You may need to add 'www.wemisi.com' to ALLOWED_HOSTS.
Traceback (most recent call last):
  File "/home/wemisico/virtualenv/wemisipy/3.13/lib/python3.13/site-packages/django/core/handlers/exception.py", line 55, in inner
    response = get_response(request)
  File "/home/wemisico/virtualenv/wemisipy/3.13/lib/python3.13/site-packages/django/utils/deprecation.py", line 133, in __call__
    response = self.process_request(request)
  File "/home/wemisico/virtualenv/wemisipy/3.13/lib/python3.13/site-packages/django/middleware/common.py", line 48, in process_request
    host = request.get_host()
  File "/home/wemisico/virtualenv/wemisipy/3.13/lib/python3.13/site-packages/django/http/request.py", line 150, in get_host
    raise DisallowedHost(msg)
django.core.exceptions.DisallowedHost: Invalid HTTP_HOST header: 'www.wemisi.com'. You may need to add 'www.wemisi.com' to ALLOWED_HOSTS.
Invalid HTTP_HOST header: 'www.wemisi.com'. You may need to add 'www.wemisi.com' to ALLOWED_HOSTS.
Traceback (most recent call last):
  File "/home/wemisico/virtualenv/wemisipy/3.13/lib/python3.13/site-packages/django/core/handlers/exception.py", line 55, in inner
    response = get_response(request)
  File "/home/wemisico/virtualenv/wemisipy/3.13/lib/python3.13/site-packages/django/utils/deprecation.py", line 133, in __call__
    response = self.process_request(request)
  File "/home/wemisico/virtualenv/wemisipy/3.13/lib/python3.13/site-packages/django/middleware/common.py", line 48, in process_request
    host = request.get_host()
  File "/home/wemisico/virtualenv/wemisipy/3.13/lib/python3.13/site-packages/django/http/request.py", line 150, in get_host
    raise DisallowedHost(msg)
django.core.exceptions.DisallowedHost: Invalid HTTP_HOST header: 'www.wemisi.com'. You may need to add 'www.wemisi.com' to ALLOWED_HOSTS.
Invalid HTTP_HOST header: 'www.wemisi.com'. You may need to add 'www.wemisi.com' to ALLOWED_HOSTS.
Traceback (most recent call last):
  File "/home/wemisico/virtualenv/wemisipy/3.13/lib/python3.13/site-packages/django/core/handlers/exception.py", line 55, in inner
    response = get_response(request)
  File "/home/wemisico/virtualenv/wemisipy/3.13/lib/python3.13/site-packages/django/utils/deprecation.py", line 133, in __call__
    response = self.process_request(request)
  File "/home/wemisico/virtualenv/wemisipy/3.13/lib/python3.13/site-packages/django/middleware/common.py", line 48, in process_request
    host = request.get_host()
  File "/home/wemisico/virtualenv/wemisipy/3.13/lib/python3.13/site-packages/django/http/request.py", line 150, in get_host
    raise DisallowedHost(msg)
django.core.exceptions.DisallowedHost: Invalid HTTP_HOST header: 'www.wemisi.com'. You may need to add 'www.wemisi.com' to ALLOWED_HOSTS.
Not Found: /.well-known/index.php
Not Found: /404.php
Not Found: /aa.php
Not Found: /abcd.php
Not Found: /admin.php
Not Found: /about.php
Not Found: /adminfuns.php
Not Found: /ahax.php
Not Found: /akcc.php
Not Found: /alfa.php
Not Found: /assets/images/
Not Found: /autoload_classmap/function.php
Not Found: /av.php
Not Found: /bless.php
Not Found: /bolt.php
Not Found: /buy.php
Not Found: /atomlib.php
Not Found: /cgi-bin/file.php
Not Found: /cgi-bin/index.php
Not Found: /chosen.php
Not Found: /classwithtostring.php
Not Found: /edit.php
Not Found: /elp.php
Not Found: /simple.php
Not Found: /file.php
Not Found: /item.php
Not Found: /files/
Not Found: /gg.php
Not Found: /goods.php
Not Found: /images/
Not Found: /images/install.php
Not Found: /info.php
Not Found: /ioxi-o.php
Not Found: /k.php
Not Found: /mah.php
Not Found: /mah/function.php
Not Found: /manager.php
Not Found: /mini
Not Found: /new.php
Not Found: /dropdown.php
Not Found: /cong.php
Not Found: /public/files/index.php
Not Found: /public/wp-content/index.php
Not Found: /radio.php
Not Found: /themes.php
Not Found: /uploads/index.php
Not Found: /wp-admin/
Not Found: /wp-admin/classwithtostring.php
Not Found: /wp-admin/css/
Not Found: /wp-admin/css/about.php
Not Found: /wp-admin/css/colors/blue/
Not Found: /wp-admin/images/index.php
Not Found: /wp-admin/includes/colour.php
Not Found: /wp-admin/index.php
Not Found: /wp-admin/js/
Not Found: /wp-admin/js/index.php
Not Found: /wp-admin/js/widgets/
Not Found: /wp-admin/network/admin.php
Not Found: /wp-admin/wp-admins.php
Not Found: /wp-blog.php
Not Found: /wp-conflg/function.php
Not Found: /.well-known/index.php
Not Found: /404.php
Not Found: /aa.php
Not Found: /abcd.php
Not Found: /admin.php
Not Found: /adminfuns.php
Not Found: /ahax.php
Not Found: /akcc.php
Not Found: /alfa.php
Not Found: /assets/images/
Not Found: /autoload_classmap/function.php
Not Found: /av.php
Not Found: /bless.php
Not Found: /bolt.php
Not Found: /buy.php
Not Found: /cgi-bin/file.php
Not Found: /cgi-bin/index.php
Not Found: /chosen.php
Not Found: /classwithtostring.php
Not Found: /edit.php
Not Found: /elp.php
Not Found: /file.php
Not Found: /files/
Not Found: /gg.php
Not Found: /goods.php
Not Found: /images/
Not Found: /images/install.php
Not Found: /info.php
Not Found: /ioxi-o.php
Not Found: /k.php
Not Found: /mah.php
Not Found: /mah/function.php
Not Found: /manager.php
Not Found: /mini
Not Found: /modules/mod_simplefileuploadv1.3/elements/index.php
Not Found: /new.php
Not Found: /public/files/index.php
Not Found: /public/wp-content/index.php
Not Found: /radio.php
Not Found: /themes.php
Not Found: /uploads/index.php
Not Found: /wp-admin/
Not Found: /wp-admin/classwithtostring.php
Not Found: /wp-admin/css/
Not Found: /wp-admin/css/about.php
Not Found: /wp-admin/css/colors/blue/
Not Found: /wp-admin/images/index.php
Not Found: /wp-admin/includes/colour.php
Not Found: /wp-admin/index.php
Not Found: /wp-admin/js/
Not Found: /wp-admin/js/index.php
Not Found: /wp-admin/js/widgets/
Not Found: /wp-admin/network/admin.php
Not Found: /wp-admin/wp-admins.php
Not Found: /wp-blog.php
Not Found: /wp-conflg/function.php
Not Found: /wp-content/admin-header.php
Not Found: /wp-content/admin.php
Not Found: /wp-content/autoload_classmap.php
Not Found: /wp-content/backups-dup-lite/
Not Found: /wp-content/index.php
Not Found: /wp-content/languages/
Not Found: /wp-content/languages/index.php
Not Found: /wp-content/plugins/admin.php
Not Found: /wp-content/themes/
Not Found: /wp-content/themes/about.php
Not Found: /wp-content/themes/admin.php
Not Found: /wp-content/upgrade/index.php
Not Found: /wp-content/uploads/
Not Found: /wp-content/uploads/2025/
Not Found: /wp-content/uploads/index.php
Not Found: /wp-good.php
Not Found: /wp-includes/ID3/
Not Found: /wp-includes/ID3/simi.php
Not Found: /wp-includes/IXR/
Not Found: /wp-includes/PHPMailer/index.php
Not Found: /wp-includes/Requests/index.php
Not Found: /wp-includes/SimplePie/autoload_classmap.php
Not Found: /wp-includes/SimplePie/index.php
Not Found: /wp-includes/Text/
Not Found: /wp-includes/Text/Diff/Engine/
Not Found: /wp-includes/Text/Diff/Renderer/index.php
Not Found: /wp-includes/assets/autoload_classmap.php
Not Found: /wp-includes/bk/index.php
Not Found: /wp-includes/block-bindings/
Not Found: /wp-includes/block-supports/
Not Found: /wp-includes/blocks/code/
Not Found: /wp-includes/certificates/
Not Found: /wp-includes/css/autoload_classmap.php
Not Found: /wp-includes/customize/chosen.php
Not Found: /wp-includes/html-api/index.php
Not Found: /wp-includes/images/
Not Found: /wp-includes/index.php
Not Found: /wp-includes/js/codemirror/index.php
Not Found: /wp-includes/js/crop/
Not Found: /wp-includes/js/dist/
Not Found: /wp-includes/js/dist/development/
Not Found: /wp-includes/pomo/index.php
Not Found: /wp-includes/random_compat/index.php
Not Found: /wp-includes/rest-api/fields/
Not Found: /wp-includes/rest-api/index.php
Not Found: /wp-includes/sitemaps/autoload_classmap.php
Not Found: /wp-includes/sitemaps/providers/index.php
Not Found: /wp-includes/style-engine/autoload_classmap.php
Not Found: /wp-includes/style-engine/wp-conflg.php
Not Found: /wp-includes/theme-compat/
Not Found: /wp-login.php
Not Found: /wp-signin.php
Not Found: /wp-user.php
Not Found: /wp.php
Invalid HTTP_HOST header: 'www.wemisi.com'. You may need to add 'www.wemisi.com' to ALLOWED_HOSTS.
Traceback (most recent call last):
  File "/home/wemisico/virtualenv/wemisipy/3.13/lib/python3.13/site-packages/django/core/handlers/exception.py", line 55, in inner
    response = get_response(request)
  File "/home/wemisico/virtualenv/wemisipy/3.13/lib/python3.13/site-packages/django/utils/deprecation.py", line 133, in __call__
    response = self.process_request(request)
  File "/home/wemisico/virtualenv/wemisipy/3.13/lib/python3.13/site-packages/django/middleware/common.py", line 48, in process_request
    host = request.get_host()
  File "/home/wemisico/virtualenv/wemisipy/3.13/lib/python3.13/site-packages/django/http/request.py", line 150, in get_host
    raise DisallowedHost(msg)
django.core.exceptions.DisallowedHost: Invalid HTTP_HOST header: 'www.wemisi.com'. You may need to add 'www.wemisi.com' to ALLOWED_HOSTS.
Invalid HTTP_HOST header: 'www.wemisi.com'. You may need to add 'www.wemisi.com' to ALLOWED_HOSTS.
Traceback (most recent call last):
  File "/home/wemisico/virtualenv/wemisipy/3.13/lib/python3.13/site-packages/django/core/handlers/exception.py", line 55, in inner
    response = get_response(request)
  File "/home/wemisico/virtualenv/wemisipy/3.13/lib/python3.13/site-packages/django/utils/deprecation.py", line 133, in __call__
    response = self.process_request(request)
  File "/home/wemisico/virtualenv/wemisipy/3.13/lib/python3.13/site-packages/django/middleware/common.py", line 48, in process_request
    host = request.get_host()
  File "/home/wemisico/virtualenv/wemisipy/3.13/lib/python3.13/site-packages/django/http/request.py", line 150, in get_host
    raise DisallowedHost(msg)
django.core.exceptions.DisallowedHost: Invalid HTTP_HOST header: 'www.wemisi.com'. You may need to add 'www.wemisi.com' to ALLOWED_HOSTS.
Invalid HTTP_HOST header: 'www.wemisi.com'. You may need to add 'www.wemisi.com' to ALLOWED_HOSTS.
Traceback (most recent call last):
  File "/home/wemisico/virtualenv/wemisipy/3.13/lib/python3.13/site-packages/django/core/handlers/exception.py", line 55, in inner
    response = get_response(request)
  File "/home/wemisico/virtualenv/wemisipy/3.13/lib/python3.13/site-packages/django/utils/deprecation.py", line 133, in __call__
    response = self.process_request(request)
  File "/home/wemisico/virtualenv/wemisipy/3.13/lib/python3.13/site-packages/django/middleware/common.py", line 48, in process_request
    host = request.get_host()
  File "/home/wemisico/virtualenv/wemisipy/3.13/lib/python3.13/site-packages/django/http/request.py", line 150, in get_host
    raise DisallowedHost(msg)
django.core.exceptions.DisallowedHost: Invalid HTTP_HOST header: 'www.wemisi.com'. You may need to add 'www.wemisi.com' to ALLOWED_HOSTS.
Invalid HTTP_HOST header: 'www.wemisi.com'. You may need to add 'www.wemisi.com' to ALLOWED_HOSTS.
Traceback (most recent call last):
  File "/home/wemisico/virtualenv/wemisipy/3.13/lib/python3.13/site-packages/django/core/handlers/exception.py", line 55, in inner
    response = get_response(request)
  File "/home/wemisico/virtualenv/wemisipy/3.13/lib/python3.13/site-packages/django/utils/deprecation.py", line 133, in __call__
    response = self.process_request(request)
  File "/home/wemisico/virtualenv/wemisipy/3.13/lib/python3.13/site-packages/django/middleware/common.py", line 48, in process_request
    host = request.get_host()
  File "/home/wemisico/virtualenv/wemisipy/3.13/lib/python3.13/site-packages/django/http/request.py", line 150, in get_host
    raise DisallowedHost(msg)
django.core.exceptions.DisallowedHost: Invalid HTTP_HOST header: 'www.wemisi.com'. You may need to add 'www.wemisi.com' to ALLOWED_HOSTS.
Invalid HTTP_HOST header: 'www.wemisi.com'. You may need to add 'www.wemisi.com' to ALLOWED_HOSTS.
Traceback (most recent call last):
  File "/home/wemisico/virtualenv/wemisipy/3.13/lib/python3.13/site-packages/django/core/handlers/exception.py", line 55, in inner
    response = get_response(request)
  File "/home/wemisico/virtualenv/wemisipy/3.13/lib/python3.13/site-packages/django/utils/deprecation.py", line 133, in __call__
    response = self.process_request(request)
  File "/home/wemisico/virtualenv/wemisipy/3.13/lib/python3.13/site-packages/django/middleware/common.py", line 48, in process_request
    host = request.get_host()
  File "/home/wemisico/virtualenv/wemisipy/3.13/lib/python3.13/site-packages/django/http/request.py", line 150, in get_host
    raise DisallowedHost(msg)
django.core.exceptions.DisallowedHost: Invalid HTTP_HOST header: 'www.wemisi.com'. You may need to add 'www.wemisi.com' to ALLOWED_HOSTS.
Invalid HTTP_HOST header: 'www.wemisi.com'. You may need to add 'www.wemisi.com' to ALLOWED_HOSTS.
Traceback (most recent call last):
  File "/home/wemisico/virtualenv/wemisipy/3.13/lib/python3.13/site-packages/django/core/handlers/exception.py", line 55, in inner
    response = get_response(request)
  File "/home/wemisico/virtualenv/wemisipy/3.13/lib/python3.13/site-packages/django/utils/deprecation.py", line 133, in __call__
    response = self.process_request(request)
  File "/home/wemisico/virtualenv/wemisipy/3.13/lib/python3.13/site-packages/django/middleware/common.py", line 48, in process_request
    host = request.get_host()
  File "/home/wemisico/virtualenv/wemisipy/3.13/lib/python3.13/site-packages/django/http/request.py", line 150, in get_host
    raise DisallowedHost(msg)
django.core.exceptions.DisallowedHost: Invalid HTTP_HOST header: 'www.wemisi.com'. You may need to add 'www.wemisi.com' to ALLOWED_HOSTS.
Invalid HTTP_HOST header: 'www.wemisi.com'. You may need to add 'www.wemisi.com' to ALLOWED_HOSTS.
Traceback (most recent call last):
  File "/home/wemisico/virtualenv/wemisipy/3.13/lib/python3.13/site-packages/django/core/handlers/exception.py", line 55, in inner
    response = get_response(request)
  File "/home/wemisico/virtualenv/wemisipy/3.13/lib/python3.13/site-packages/django/utils/deprecation.py", line 133, in __call__
    response = self.process_request(request)
  File "/home/wemisico/virtualenv/wemisipy/3.13/lib/python3.13/site-packages/django/middleware/common.py", line 48, in process_request
    host = request.get_host()
  File "/home/wemisico/virtualenv/wemisipy/3.13/lib/python3.13/site-packages/django/http/request.py", line 150, in get_host
    raise DisallowedHost(msg)
django.core.exceptions.DisallowedHost: Invalid HTTP_HOST header: 'www.wemisi.com'. You may need to add 'www.wemisi.com' to ALLOWED_HOSTS.
Invalid HTTP_HOST header: 'www.wemisi.com'. You may need to add 'www.wemisi.com' to ALLOWED_HOSTS.
Traceback (most recent call last):
  File "/home/wemisico/virtualenv/wemisipy/3.13/lib/python3.13/site-packages/django/core/handlers/exception.py", line 55, in inner
    response = get_response(request)
  File "/home/wemisico/virtualenv/wemisipy/3.13/lib/python3.13/site-packages/django/utils/deprecation.py", line 133, in __call__
    response = self.process_request(request)
  File "/home/wemisico/virtualenv/wemisipy/3.13/lib/python3.13/site-packages/django/middleware/common.py", line 48, in process_request
    host = request.get_host()
  File "/home/wemisico/virtualenv/wemisipy/3.13/lib/python3.13/site-packages/django/http/request.py", line 150, in get_host
    raise DisallowedHost(msg)
django.core.exceptions.DisallowedHost: Invalid HTTP_HOST header: 'www.wemisi.com'. You may need to add 'www.wemisi.com' to ALLOWED_HOSTS.
Invalid HTTP_HOST header: 'www.wemisi.com'. You may need to add 'www.wemisi.com' to ALLOWED_HOSTS.
Traceback (most recent call last):
  File "/home/wemisico/virtualenv/wemisipy/3.13/lib/python3.13/site-packages/django/core/handlers/exception.py", line 55, in inner
    response = get_response(request)
  File "/home/wemisico/virtualenv/wemisipy/3.13/lib/python3.13/site-packages/django/utils/deprecation.py", line 133, in __call__
    response = self.process_request(request)
  File "/home/wemisico/virtualenv/wemisipy/3.13/lib/python3.13/site-packages/django/middleware/common.py", line 48, in process_request
    host = request.get_host()
  File "/home/wemisico/virtualenv/wemisipy/3.13/lib/python3.13/site-packages/django/http/request.py", line 150, in get_host
    raise DisallowedHost(msg)
django.core.exceptions.DisallowedHost: Invalid HTTP_HOST header: 'www.wemisi.com'. You may need to add 'www.wemisi.com' to ALLOWED_HOSTS.
Invalid HTTP_HOST header: 'www.wemisi.com'. You may need to add 'www.wemisi.com' to ALLOWED_HOSTS.
Traceback (most recent call last):
  File "/home/wemisico/virtualenv/wemisipy/3.13/lib/python3.13/site-packages/django/core/handlers/exception.py", line 55, in inner
    response = get_response(request)
  File "/home/wemisico/virtualenv/wemisipy/3.13/lib/python3.13/site-packages/django/utils/deprecation.py", line 133, in __call__
    response = self.process_request(request)
  File "/home/wemisico/virtualenv/wemisipy/3.13/lib/python3.13/site-packages/django/middleware/common.py", line 48, in process_request
    host = request.get_host()
  File "/home/wemisico/virtualenv/wemisipy/3.13/lib/python3.13/site-packages/django/http/request.py", line 150, in get_host
    raise DisallowedHost(msg)
django.core.exceptions.DisallowedHost: Invalid HTTP_HOST header: 'www.wemisi.com'. You may need to add 'www.wemisi.com' to ALLOWED_HOSTS.
Invalid HTTP_HOST header: 'www.wemisi.com'. You may need to add 'www.wemisi.com' to ALLOWED_HOSTS.
Traceback (most recent call last):
  File "/home/wemisico/virtualenv/wemisipy/3.13/lib/python3.13/site-packages/django/core/handlers/exception.py", line 55, in inner
    response = get_response(request)
  File "/home/wemisico/virtualenv/wemisipy/3.13/lib/python3.13/site-packages/django/utils/deprecation.py", line 133, in __call__
    response = self.process_request(request)
  File "/home/wemisico/virtualenv/wemisipy/3.13/lib/python3.13/site-packages/django/middleware/common.py", line 48, in process_request
    host = request.get_host()
  File "/home/wemisico/virtualenv/wemisipy/3.13/lib/python3.13/site-packages/django/http/request.py", line 150, in get_host
    raise DisallowedHost(msg)
django.core.exceptions.DisallowedHost: Invalid HTTP_HOST header: 'www.wemisi.com'. You may need to add 'www.wemisi.com' to ALLOWED_HOSTS.
Invalid HTTP_HOST header: 'www.wemisi.com'. You may need to add 'www.wemisi.com' to ALLOWED_HOSTS.
Traceback (most recent call last):
  File "/home/wemisico/virtualenv/wemisipy/3.13/lib/python3.13/site-packages/django/core/handlers/exception.py", line 55, in inner
    response = get_response(request)
  File "/home/wemisico/virtualenv/wemisipy/3.13/lib/python3.13/site-packages/django/utils/deprecation.py", line 133, in __call__
    response = self.process_request(request)
  File "/home/wemisico/virtualenv/wemisipy/3.13/lib/python3.13/site-packages/django/middleware/common.py", line 48, in process_request
    host = request.get_host()
  File "/home/wemisico/virtualenv/wemisipy/3.13/lib/python3.13/site-packages/django/http/request.py", line 150, in get_host
    raise DisallowedHost(msg)
django.core.exceptions.DisallowedHost: Invalid HTTP_HOST header: 'www.wemisi.com'. You may need to add 'www.wemisi.com' to ALLOWED_HOSTS.
Invalid HTTP_HOST header: 'www.wemisi.com'. You may need to add 'www.wemisi.com' to ALLOWED_HOSTS.
Traceback (most recent call last):
  File "/home/wemisico/virtualenv/wemisipy/3.13/lib/python3.13/site-packages/django/core/handlers/exception.py", line 55, in inner
    response = get_response(request)
  File "/home/wemisico/virtualenv/wemisipy/3.13/lib/python3.13/site-packages/django/utils/deprecation.py", line 133, in __call__
    response = self.process_request(request)
  File "/home/wemisico/virtualenv/wemisipy/3.13/lib/python3.13/site-packages/django/middleware/common.py", line 48, in process_request
    host = request.get_host()
  File "/home/wemisico/virtualenv/wemisipy/3.13/lib/python3.13/site-packages/django/http/request.py", line 150, in get_host
    raise DisallowedHost(msg)
django.core.exceptions.DisallowedHost: Invalid HTTP_HOST header: 'www.wemisi.com'. You may need to add 'www.wemisi.com' to ALLOWED_HOSTS.
Invalid HTTP_HOST header: 'www.wemisi.com'. You may need to add 'www.wemisi.com' to ALLOWED_HOSTS.
Traceback (most recent call last):
  File "/home/wemisico/virtualenv/wemisipy/3.13/lib/python3.13/site-packages/django/core/handlers/exception.py", line 55, in inner
    response = get_response(request)
  File "/home/wemisico/virtualenv/wemisipy/3.13/lib/python3.13/site-packages/django/utils/deprecation.py", line 133, in __call__
    response = self.process_request(request)
  File "/home/wemisico/virtualenv/wemisipy/3.13/lib/python3.13/site-packages/django/middleware/common.py", line 48, in process_request
    host = request.get_host()
  File "/home/wemisico/virtualenv/wemisipy/3.13/lib/python3.13/site-packages/django/http/request.py", line 150, in get_host
    raise DisallowedHost(msg)
django.core.exceptions.DisallowedHost: Invalid HTTP_HOST header: 'www.wemisi.com'. You may need to add 'www.wemisi.com' to ALLOWED_HOSTS.
Invalid HTTP_HOST header: 'www.wemisi.com'. You may need to add 'www.wemisi.com' to ALLOWED_HOSTS.
Traceback (most recent call last):
  File "/home/wemisico/virtualenv/wemisipy/3.13/lib/python3.13/site-packages/django/core/handlers/exception.py", line 55, in inner
    response = get_response(request)
  File "/home/wemisico/virtualenv/wemisipy/3.13/lib/python3.13/site-packages/django/utils/deprecation.py", line 133, in __call__
    response = self.process_request(request)
  File "/home/wemisico/virtualenv/wemisipy/3.13/lib/python3.13/site-packages/django/middleware/common.py", line 48, in process_request
    host = request.get_host()
  File "/home/wemisico/virtualenv/wemisipy/3.13/lib/python3.13/site-packages/django/http/request.py", line 150, in get_host
    raise DisallowedHost(msg)
django.core.exceptions.DisallowedHost: Invalid HTTP_HOST header: 'www.wemisi.com'. You may need to add 'www.wemisi.com' to ALLOWED_HOSTS.
Invalid HTTP_HOST header: 'www.wemisi.com'. You may need to add 'www.wemisi.com' to ALLOWED_HOSTS.
Traceback (most recent call last):
  File "/home/wemisico/virtualenv/wemisipy/3.13/lib/python3.13/site-packages/django/core/handlers/exception.py", line 55, in inner
    response = get_response(request)
  File "/home/wemisico/virtualenv/wemisipy/3.13/lib/python3.13/site-packages/django/utils/deprecation.py", line 133, in __call__
    response = self.process_request(request)
  File "/home/wemisico/virtualenv/wemisipy/3.13/lib/python3.13/site-packages/django/middleware/common.py", line 48, in process_request
    host = request.get_host()
  File "/home/wemisico/virtualenv/wemisipy/3.13/lib/python3.13/site-packages/django/http/request.py", line 150, in get_host
    raise DisallowedHost(msg)
django.core.exceptions.DisallowedHost: Invalid HTTP_HOST header: 'www.wemisi.com'. You may need to add 'www.wemisi.com' to ALLOWED_HOSTS.
Invalid HTTP_HOST header: 'www.wemisi.com'. You may need to add 'www.wemisi.com' to ALLOWED_HOSTS.
Traceback (most recent call last):
  File "/home/wemisico/virtualenv/wemisipy/3.13/lib/python3.13/site-packages/django/core/handlers/exception.py", line 55, in inner
    response = get_response(request)
  File "/home/wemisico/virtualenv/wemisipy/3.13/lib/python3.13/site-packages/django/utils/deprecation.py", line 133, in __call__
    response = self.process_request(request)
  File "/home/wemisico/virtualenv/wemisipy/3.13/lib/python3.13/site-packages/django/middleware/common.py", line 48, in process_request
    host = request.get_host()
  File "/home/wemisico/virtualenv/wemisipy/3.13/lib/python3.13/site-packages/django/http/request.py", line 150, in get_host
    raise DisallowedHost(msg)
django.core.exceptions.DisallowedHost: Invalid HTTP_HOST header: 'www.wemisi.com'. You may need to add 'www.wemisi.com' to ALLOWED_HOSTS.
Invalid HTTP_HOST header: 'www.wemisi.com'. You may need to add 'www.wemisi.com' to ALLOWED_HOSTS.
Traceback (most recent call last):
  File "/home/wemisico/virtualenv/wemisipy/3.13/lib/python3.13/site-packages/django/core/handlers/exception.py", line 55, in inner
    response = get_response(request)
  File "/home/wemisico/virtualenv/wemisipy/3.13/lib/python3.13/site-packages/django/utils/deprecation.py", line 133, in __call__
    response = self.process_request(request)
  File "/home/wemisico/virtualenv/wemisipy/3.13/lib/python3.13/site-packages/django/middleware/common.py", line 48, in process_request
    host = request.get_host()
  File "/home/wemisico/virtualenv/wemisipy/3.13/lib/python3.13/site-packages/django/http/request.py", line 150, in get_host
    raise DisallowedHost(msg)
django.core.exceptions.DisallowedHost: Invalid HTTP_HOST header: 'www.wemisi.com'. You may need to add 'www.wemisi.com' to ALLOWED_HOSTS.
Invalid HTTP_HOST header: 'www.wemisi.com'. You may need to add 'www.wemisi.com' to ALLOWED_HOSTS.
Traceback (most recent call last):
  File "/home/wemisico/virtualenv/wemisipy/3.13/lib/python3.13/site-packages/django/core/handlers/exception.py", line 55, in inner
    response = get_response(request)
  File "/home/wemisico/virtualenv/wemisipy/3.13/lib/python3.13/site-packages/django/utils/deprecation.py", line 133, in __call__
    response = self.process_request(request)
  File "/home/wemisico/virtualenv/wemisipy/3.13/lib/python3.13/site-packages/django/middleware/common.py", line 48, in process_request
    host = request.get_host()
  File "/home/wemisico/virtualenv/wemisipy/3.13/lib/python3.13/site-packages/django/http/request.py", line 150, in get_host
    raise DisallowedHost(msg)
django.core.exceptions.DisallowedHost: Invalid HTTP_HOST header: 'www.wemisi.com'. You may need to add 'www.wemisi.com' to ALLOWED_HOSTS.
Invalid HTTP_HOST header: 'www.wemisi.com'. You may need to add 'www.wemisi.com' to ALLOWED_HOSTS.
Traceback (most recent call last):
  File "/home/wemisico/virtualenv/wemisipy/3.13/lib/python3.13/site-packages/django/core/handlers/exception.py", line 55, in inner
    response = get_response(request)
  File "/home/wemisico/virtualenv/wemisipy/3.13/lib/python3.13/site-packages/django/utils/deprecation.py", line 133, in __call__
    response = self.process_request(request)
  File "/home/wemisico/virtualenv/wemisipy/3.13/lib/python3.13/site-packages/django/middleware/common.py", line 48, in process_request
    host = request.get_host()
  File "/home/wemisico/virtualenv/wemisipy/3.13/lib/python3.13/site-packages/django/http/request.py", line 150, in get_host
    raise DisallowedHost(msg)
django.core.exceptions.DisallowedHost: Invalid HTTP_HOST header: 'www.wemisi.com'. You may need to add 'www.wemisi.com' to ALLOWED_HOSTS.
Invalid HTTP_HOST header: 'www.wemisi.com'. You may need to add 'www.wemisi.com' to ALLOWED_HOSTS.
Traceback (most recent call last):
  File "/home/wemisico/virtualenv/wemisipy/3.13/lib/python3.13/site-packages/django/core/handlers/exception.py", line 55, in inner
    response = get_response(request)
  File "/home/wemisico/virtualenv/wemisipy/3.13/lib/python3.13/site-packages/django/utils/deprecation.py", line 133, in __call__
    response = self.process_request(request)
  File "/home/wemisico/virtualenv/wemisipy/3.13/lib/python3.13/site-packages/django/middleware/common.py", line 48, in process_request
    host = request.get_host()
  File "/home/wemisico/virtualenv/wemisipy/3.13/lib/python3.13/site-packages/django/http/request.py", line 150, in get_host
    raise DisallowedHost(msg)
django.core.exceptions.DisallowedHost: Invalid HTTP_HOST header: 'www.wemisi.com'. You may need to add 'www.wemisi.com' to ALLOWED_HOSTS.
Invalid HTTP_HOST header: 'www.wemisi.com'. You may need to add 'www.wemisi.com' to ALLOWED_HOSTS.
Traceback (most recent call last):
  File "/home/wemisico/virtualenv/wemisipy/3.13/lib/python3.13/site-packages/django/core/handlers/exception.py", line 55, in inner
    response = get_response(request)
  File "/home/wemisico/virtualenv/wemisipy/3.13/lib/python3.13/site-packages/django/utils/deprecation.py", line 133, in __call__
    response = self.process_request(request)
  File "/home/wemisico/virtualenv/wemisipy/3.13/lib/python3.13/site-packages/django/middleware/common.py", line 48, in process_request
    host = request.get_host()
  File "/home/wemisico/virtualenv/wemisipy/3.13/lib/python3.13/site-packages/django/http/request.py", line 150, in get_host
    raise DisallowedHost(msg)
django.core.exceptions.DisallowedHost: Invalid HTTP_HOST header: 'www.wemisi.com'. You may need to add 'www.wemisi.com' to ALLOWED_HOSTS.
Invalid HTTP_HOST header: 'www.wemisi.com'. You may need to add 'www.wemisi.com' to ALLOWED_HOSTS.
Traceback (most recent call last):
  File "/home/wemisico/virtualenv/wemisipy/3.13/lib/python3.13/site-packages/django/core/handlers/exception.py", line 55, in inner
    response = get_response(request)
  File "/home/wemisico/virtualenv/wemisipy/3.13/lib/python3.13/site-packages/django/utils/deprecation.py", line 133, in __call__
    response = self.process_request(request)
  File "/home/wemisico/virtualenv/wemisipy/3.13/lib/python3.13/site-packages/django/middleware/common.py", line 48, in process_request
    host = request.get_host()
  File "/home/wemisico/virtualenv/wemisipy/3.13/lib/python3.13/site-packages/django/http/request.py", line 150, in get_host
    raise DisallowedHost(msg)
django.core.exceptions.DisallowedHost: Invalid HTTP_HOST header: 'www.wemisi.com'. You may need to add 'www.wemisi.com' to ALLOWED_HOSTS.
Not Found: /num.php
Not Found: /ioxi-o.php
Not Found: /www.php
Not Found: /akcc.php
Not Found: /adminfuns.php
Not Found: /wp-good.php
Not Found: /num.php
Not Found: /ioxi-o.php
Not Found: /www.php
Not Found: /akcc.php
Not Found: /adminfuns.php
Not Found: /wp-good.php
Not Found: /.well-known/index.php
Not Found: /404.php
Not Found: /aa.php
Not Found: /abcd.php
Not Found: /admin.php
Not Found: /adminfuns.php
Not Found: /ahax.php
Not Found: /akcc.php
Not Found: /alfa.php
Not Found: /assets/images/
Not Found: /autoload_classmap/function.php
Not Found: /av.php
Not Found: /bless.php
Not Found: /bolt.php
Not Found: /buy.php
Not Found: /cgi-bin/file.php
Not Found: /cgi-bin/index.php
Not Found: /chosen.php
Not Found: /classwithtostring.php
Not Found: /edit.php
Not Found: /elp.php
Not Found: /file.php
Not Found: /files/
Not Found: /gg.php
Not Found: /goods.php
Not Found: /images/
Not Found: /images/install.php
Not Found: /info.php
Not Found: /ioxi-o.php
Not Found: /k.php
Not Found: /mah.php
Not Found: /mah/function.php
Not Found: /manager.php
Not Found: /mini
Not Found: /modules/mod_simplefileuploadv1.3/elements/index.php
Not Found: /new.php
Not Found: /public/files/index.php
Not Found: /public/wp-content/index.php
Not Found: /radio.php
Not Found: /themes.php
Not Found: /uploads/index.php
Not Found: /wp-admin/
Not Found: /wp-admin/classwithtostring.php
Not Found: /wp-admin/css/
Not Found: /wp-admin/css/about.php
Not Found: /wp-admin/css/colors/blue/
Not Found: /wp-admin/images/index.php
Not Found: /wp-admin/includes/colour.php
Not Found: /wp-admin/index.php
Not Found: /wp-admin/js/
Not Found: /wp-admin/js/index.php
Not Found: /wp-admin/js/widgets/
Not Found: /wp-admin/network/admin.php
Not Found: /wp-admin/wp-admins.php
Not Found: /wp-blog.php
Not Found: /wp-conflg/function.php
Not Found: /wp-content/admin-header.php
Not Found: /wp-content/admin.php
Not Found: /wp-content/autoload_classmap.php
Not Found: /wp-content/backups-dup-lite/
Not Found: /wp-content/index.php
Not Found: /wp-content/languages/
Not Found: /wp-content/languages/index.php
Not Found: /wp-content/plugins/admin.php
Not Found: /wp-content/themes/
Not Found: /wp-content/themes/about.php
Not Found: /wp-content/themes/admin.php
Not Found: /wp-content/upgrade/index.php
Not Found: /wp-content/uploads/
Not Found: /wp-content/uploads/2025/
Not Found: /wp-content/uploads/index.php
Not Found: /wp-good.php
Not Found: /wp-includes/ID3/
Not Found: /wp-includes/ID3/simi.php
Not Found: /wp-includes/IXR/
Not Found: /wp-includes/PHPMailer/index.php
Not Found: /wp-includes/Requests/index.php
Not Found: /wp-includes/SimplePie/autoload_classmap.php
Not Found: /wp-includes/SimplePie/index.php
Not Found: /wp-includes/Text/
Not Found: /wp-includes/Text/Diff/Engine/
Not Found: /wp-includes/Text/Diff/Renderer/index.php
Not Found: /wp-includes/assets/autoload_classmap.php
Not Found: /wp-includes/bk/index.php
Not Found: /wp-includes/block-bindings/
Not Found: /wp-includes/block-supports/
Not Found: /wp-includes/blocks/code/
Not Found: /wp-includes/certificates/
Not Found: /wp-includes/css/autoload_classmap.php
Not Found: /robots.txt
Not Found: /robots.txt
Not Found: /wp-content/plugins/acf-extended/readme.txt
Not Found: /wp-content/plugins/sneeit-framework/readme.txt
Not Found: /wp-content/plugins/waveplayer/readme.txt
Not Found: /wp-content/plugins/ecab-taxi-booking-manager/readme.txt
Not Found: /wp-content/plugins/cpi-wp-migration/readme.txt
Not Found: /wp-content/plugins/king-addons/readme.txt
Not Found: /wp-content/plugins/ai-engine/readme.txt
Not Found: /wp-content/plugins/post-smtp/readme.txt
Not Found: /wp-content/plugins/wc-designer-pro/changelog.txt
Not Found: /wp-content/themes/miraculous/style.css
Not Found: /wp-content/plugins/uni-woo-custom-product-options-premium/readme.txt
Not Found: /wp-content/plugins/podlove-podcasting-plugin-for-wordpress/readme.txt
Not Found: /wp-content/plugins/WooCommerce-Multi-Locations-Inventory-Management/readme.txt
Not Found: /wp-content/plugins/wp-event-solution/readme.txt
Not Found: /wp-content/themes/freeio/style.css
Not Found: /wp-content/themes/em4u/style.css
Not Found: /wp-content/plugins/wp-marketing-automations/readme.txt
Not Found: /wp-content/plugins/order-delivery-date/readme.txt
Not Found: /wp-content/themes/noo-jobmonster/style.css
Not Found: /wp-content/themes/service-finder/style.css
Not Found: /wp-content/themes/litho/style.css
Not Found: /wp-content/plugins/wp-registration/readme.txt
Not Found: /wp-content/plugins/ht-contactform/readme.txt
Not Found: /wp-content/themes/alone/style.css
Invalid HTTP_HOST header: 'www.wemisi.com'. You may need to add 'www.wemisi.com' to ALLOWED_HOSTS.
Traceback (most recent call last):
  File "/home/wemisico/virtualenv/wemisipy/3.13/lib/python3.13/site-packages/django/core/handlers/exception.py", line 55, in inner
    response = get_response(request)
  File "/home/wemisico/virtualenv/wemisipy/3.13/lib/python3.13/site-packages/django/utils/deprecation.py", line 133, in __call__
    response = self.process_request(request)
  File "/home/wemisico/virtualenv/wemisipy/3.13/lib/python3.13/site-packages/django/middleware/common.py", line 48, in process_request
    host = request.get_host()
  File "/home/wemisico/virtualenv/wemisipy/3.13/lib/python3.13/site-packages/django/http/request.py", line 150, in get_host
    raise DisallowedHost(msg)
django.core.exceptions.DisallowedHost: Invalid HTTP_HOST header: 'www.wemisi.com'. You may need to add 'www.wemisi.com' to ALLOWED_HOSTS.
Not Found: /robots.txt
Invalid HTTP_HOST header: 'www.wemisi.com'. You may need to add 'www.wemisi.com' to ALLOWED_HOSTS.
Traceback (most recent call last):
  File "/home/wemisico/virtualenv/wemisipy/3.13/lib/python3.13/site-packages/django/core/handlers/exception.py", line 55, in inner
    response = get_response(request)
  File "/home/wemisico/virtualenv/wemisipy/3.13/lib/python3.13/site-packages/django/utils/deprecation.py", line 133, in __call__
    response = self.process_request(request)
  File "/home/wemisico/virtualenv/wemisipy/3.13/lib/python3.13/site-packages/django/middleware/common.py", line 48, in process_request
    host = request.get_host()
  File "/home/wemisico/virtualenv/wemisipy/3.13/lib/python3.13/site-packages/django/http/request.py", line 150, in get_host
    raise DisallowedHost(msg)
django.core.exceptions.DisallowedHost: Invalid HTTP_HOST header: 'www.wemisi.com'. You may need to add 'www.wemisi.com' to ALLOWED_HOSTS.
Invalid HTTP_HOST header: 'www.wemisi.com'. You may need to add 'www.wemisi.com' to ALLOWED_HOSTS.
Traceback (most recent call last):
  File "/home/wemisico/virtualenv/wemisipy/3.13/lib/python3.13/site-packages/django/core/handlers/exception.py", line 55, in inner
    response = get_response(request)
  File "/home/wemisico/virtualenv/wemisipy/3.13/lib/python3.13/site-packages/django/utils/deprecation.py", line 133, in __call__
    response = self.process_request(request)
  File "/home/wemisico/virtualenv/wemisipy/3.13/lib/python3.13/site-packages/django/middleware/common.py", line 48, in process_request
    host = request.get_host()
  File "/home/wemisico/virtualenv/wemisipy/3.13/lib/python3.13/site-packages/django/http/request.py", line 150, in get_host
    raise DisallowedHost(msg)
django.core.exceptions.DisallowedHost: Invalid HTTP_HOST header: 'www.wemisi.com'. You may need to add 'www.wemisi.com' to ALLOWED_HOSTS.
Not Found: /robots.txt
Invalid HTTP_HOST header: 'www.wemisi.com'. You may need to add 'www.wemisi.com' to ALLOWED_HOSTS.
Traceback (most recent call last):
  File "/home/wemisico/virtualenv/wemisipy/3.13/lib/python3.13/site-packages/django/core/handlers/exception.py", line 55, in inner
    response = get_response(request)
  File "/home/wemisico/virtualenv/wemisipy/3.13/lib/python3.13/site-packages/django/utils/deprecation.py", line 133, in __call__
    response = self.process_request(request)
  File "/home/wemisico/virtualenv/wemisipy/3.13/lib/python3.13/site-packages/django/middleware/common.py", line 48, in process_request
    host = request.get_host()
  File "/home/wemisico/virtualenv/wemisipy/3.13/lib/python3.13/site-packages/django/http/request.py", line 150, in get_host
    raise DisallowedHost(msg)
django.core.exceptions.DisallowedHost: Invalid HTTP_HOST header: 'www.wemisi.com'. You may need to add 'www.wemisi.com' to ALLOWED_HOSTS.
Invalid HTTP_HOST header: 'www.wemisi.com'. You may need to add 'www.wemisi.com' to ALLOWED_HOSTS.
Traceback (most recent call last):
  File "/home/wemisico/virtualenv/wemisipy/3.13/lib/python3.13/site-packages/django/core/handlers/exception.py", line 55, in inner
    response = get_response(request)
  File "/home/wemisico/virtualenv/wemisipy/3.13/lib/python3.13/site-packages/django/utils/deprecation.py", line 133, in __call__
    response = self.process_request(request)
  File "/home/wemisico/virtualenv/wemisipy/3.13/lib/python3.13/site-packages/django/middleware/common.py", line 48, in process_request
    host = request.get_host()
  File "/home/wemisico/virtualenv/wemisipy/3.13/lib/python3.13/site-packages/django/http/request.py", line 150, in get_host
    raise DisallowedHost(msg)
django.core.exceptions.DisallowedHost: Invalid HTTP_HOST header: 'www.wemisi.com'. You may need to add 'www.wemisi.com' to ALLOWED_HOSTS.
Invalid HTTP_HOST header: 'www.wemisi.com'. You may need to add 'www.wemisi.com' to ALLOWED_HOSTS.
Traceback (most recent call last):
  File "/home/wemisico/virtualenv/wemisipy/3.13/lib/python3.13/site-packages/django/core/handlers/exception.py", line 55, in inner
    response = get_response(request)
  File "/home/wemisico/virtualenv/wemisipy/3.13/lib/python3.13/site-packages/django/utils/deprecation.py", line 133, in __call__
    response = self.process_request(request)
  File "/home/wemisico/virtualenv/wemisipy/3.13/lib/python3.13/site-packages/django/middleware/common.py", line 48, in process_request
    host = request.get_host()
  File "/home/wemisico/virtualenv/wemisipy/3.13/lib/python3.13/site-packages/django/http/request.py", line 150, in get_host
    raise DisallowedHost(msg)
django.core.exceptions.DisallowedHost: Invalid HTTP_HOST header: 'www.wemisi.com'. You may need to add 'www.wemisi.com' to ALLOWED_HOSTS.
Invalid HTTP_HOST header: 'www.wemisi.com'. You may need to add 'www.wemisi.com' to ALLOWED_HOSTS.
Traceback (most recent call last):
  File "/home/wemisico/virtualenv/wemisipy/3.13/lib/python3.13/site-packages/django/core/handlers/exception.py", line 55, in inner
    response = get_response(request)
  File "/home/wemisico/virtualenv/wemisipy/3.13/lib/python3.13/site-packages/django/utils/deprecation.py", line 133, in __call__
    response = self.process_request(request)
  File "/home/wemisico/virtualenv/wemisipy/3.13/lib/python3.13/site-packages/django/middleware/common.py", line 48, in process_request
    host = request.get_host()
  File "/home/wemisico/virtualenv/wemisipy/3.13/lib/python3.13/site-packages/django/http/request.py", line 150, in get_host
    raise DisallowedHost(msg)
django.core.exceptions.DisallowedHost: Invalid HTTP_HOST header: 'www.wemisi.com'. You may need to add 'www.wemisi.com' to ALLOWED_HOSTS.
Not Found: /robots.txt
Not Found: /robots.txt
Not Found: /robots.txt
Invalid HTTP_HOST header: 'www.wemisi.com'. You may need to add 'www.wemisi.com' to ALLOWED_HOSTS.
Traceback (most recent call last):
  File "/home/wemisico/virtualenv/wemisipy/3.13/lib/python3.13/site-packages/django/core/handlers/exception.py", line 55, in inner
    response = get_response(request)
  File "/home/wemisico/virtualenv/wemisipy/3.13/lib/python3.13/site-packages/django/utils/deprecation.py", line 133, in __call__
    response = self.process_request(request)
  File "/home/wemisico/virtualenv/wemisipy/3.13/lib/python3.13/site-packages/django/middleware/common.py", line 48, in process_request
    host = request.get_host()
  File "/home/wemisico/virtualenv/wemisipy/3.13/lib/python3.13/site-packages/django/http/request.py", line 150, in get_host
    raise DisallowedHost(msg)
django.core.exceptions.DisallowedHost: Invalid HTTP_HOST header: 'www.wemisi.com'. You may need to add 'www.wemisi.com' to ALLOWED_HOSTS.
Not Found: /robots.txt
Not Found: /wp-content/plugins/hellopress/wp_filemanager.php
Not Found: /neshe
Not Found: /1.php
Not Found: /t.php
Not Found: /admin.php
Not Found: /file.php
Not Found: /bless.php
Not Found: /wp-includes/Text/Diff/Engine/about.php
Not Found: /index/function.php
Not Found: /wp-includes/ID3/rk2.php
Not Found: /license.php
Not Found: /info.php
Not Found: /alfanew.php
Not Found: /inputs.php
Not Found: /wp-includes/assets/index.php
Not Found: /wp-admin/images/index.php
Not Found: /default.php
Not Found: /lv.php
Not Found: /wp-content/themes/wp-pridmag/init.php
Not Found: /wp-includes/autoload_classmap.php
Not Found: /wp-content/403.php
Not Found: /css.php
Not Found: /wp-admin/user/about.php
Not Found: /about.php
Not Found: /1.php
Not Found: /about/function.php
Not Found: /simple.php
Not Found: /goat1.php
Not Found: /chosen.php
Not Found: /wp-cron.php
Not Found: /yanz.php
Not Found: /config.php
Not Found: /network.php
Not Found: /wp-2019.php
Not Found: /bypass.php
Not Found: /wp-includes/IXR/admin.php
Not Found: /wp-includes/theme-compat/wp-login.php
Not Found: /tiny.php
Not Found: /lock.php
Not Found: /mail.php
Not Found: /wp-includes/system_log.php
Not Found: /file.php
Not Found: /as.php
Not Found: /.well-known/acme-challenge/index.php
Not Found: /wp-content/themes/wp-pridmag/init.php
Not Found: /manager.php
Not Found: /wp-configs.php
Not Found: /wp-includes/html-api/wp-conflg.php
Not Found: /wp-includes/js/crop/zmFM.php
Not Found: /wp-includes/rest-api/fields/index.php
Not Found: /index/fucku.php
Not Found: /upload/wp-info.php
Not Found: /post.php
Not Found: /.well-known/acme-challenge/admin.php
Not Found: /loads.PhP
Not Found: /mj.php
Not Found: /dichku.php
Not Found: /zsz.php
Not Found: /h2a2ck.php
Not Found: /11.php
Not Found: /fs6.php
Not Found: /byp.php
Not Found: /byp8.php
Not Found: /an.php
Not Found: /gm.php
Not Found: /trplv.php
Not Found: /ext.php
Not Found: /wa.php
Not Found: /file.php
Not Found: /1.php
Not Found: /mc.php
Not Found: /article.php
Not Found: /moon.php
Not Found: /ff.php
Not Found: /if.php
Not Found: /av.php
Not Found: /ini.php
Not Found: /geck.php
Not Found: /avaa.php
Not Found: /yanz.php
Not Found: /bypass.php
Not Found: /wp-includes/rk2.php
Not Found: /wp-includes/js/js420.php
Invalid HTTP_HOST header: 'www.wemisi.com'. You may need to add 'www.wemisi.com' to ALLOWED_HOSTS.
Traceback (most recent call last):
  File "/home/wemisico/virtualenv/wemisipy/3.13/lib/python3.13/site-packages/django/core/handlers/exception.py", line 55, in inner
    response = get_response(request)
  File "/home/wemisico/virtualenv/wemisipy/3.13/lib/python3.13/site-packages/django/utils/deprecation.py", line 133, in __call__
    response = self.process_request(request)
  File "/home/wemisico/virtualenv/wemisipy/3.13/lib/python3.13/site-packages/django/middleware/common.py", line 48, in process_request
    host = request.get_host()
  File "/home/wemisico/virtualenv/wemisipy/3.13/lib/python3.13/site-packages/django/http/request.py", line 150, in get_host
    raise DisallowedHost(msg)
django.core.exceptions.DisallowedHost: Invalid HTTP_HOST header: 'www.wemisi.com'. You may need to add 'www.wemisi.com' to ALLOWED_HOSTS.
Not Found: /robots.txt
Invalid HTTP_HOST header: 'www.wemisi.com'. You may need to add 'www.wemisi.com' to ALLOWED_HOSTS.
Traceback (most recent call last):
  File "/home/wemisico/virtualenv/wemisipy/3.13/lib/python3.13/site-packages/django/core/handlers/exception.py", line 55, in inner
    response = get_response(request)
  File "/home/wemisico/virtualenv/wemisipy/3.13/lib/python3.13/site-packages/django/utils/deprecation.py", line 133, in __call__
    response = self.process_request(request)
  File "/home/wemisico/virtualenv/wemisipy/3.13/lib/python3.13/site-packages/django/middleware/common.py", line 48, in process_request
    host = request.get_host()
  File "/home/wemisico/virtualenv/wemisipy/3.13/lib/python3.13/site-packages/django/http/request.py", line 150, in get_host
    raise DisallowedHost(msg)
django.core.exceptions.DisallowedHost: Invalid HTTP_HOST header: 'www.wemisi.com'. You may need to add 'www.wemisi.com' to ALLOWED_HOSTS.
Not Found: /robots.txt
Not Found: /index.html
Not Found: /robots.txt
Not Found: /robots.txt
Invalid HTTP_HOST header: 'www.wemisi.com'. You may need to add 'www.wemisi.com' to ALLOWED_HOSTS.
Traceback (most recent call last):
  File "/home/wemisico/virtualenv/wemisipy/3.13/lib/python3.13/site-packages/django/core/handlers/exception.py", line 55, in inner
    response = get_response(request)
  File "/home/wemisico/virtualenv/wemisipy/3.13/lib/python3.13/site-packages/django/utils/deprecation.py", line 133, in __call__
    response = self.process_request(request)
  File "/home/wemisico/virtualenv/wemisipy/3.13/lib/python3.13/site-packages/django/middleware/common.py", line 48, in process_request
    host = request.get_host()
  File "/home/wemisico/virtualenv/wemisipy/3.13/lib/python3.13/site-packages/django/http/request.py", line 150, in get_host
    raise DisallowedHost(msg)
django.core.exceptions.DisallowedHost: Invalid HTTP_HOST header: 'www.wemisi.com'. You may need to add 'www.wemisi.com' to ALLOWED_HOSTS.
Invalid HTTP_HOST header: 'www.wemisi.com'. You may need to add 'www.wemisi.com' to ALLOWED_HOSTS.
Traceback (most recent call last):
  File "/home/wemisico/virtualenv/wemisipy/3.13/lib/python3.13/site-packages/django/core/handlers/exception.py", line 55, in inner
    response = get_response(request)
  File "/home/wemisico/virtualenv/wemisipy/3.13/lib/python3.13/site-packages/django/utils/deprecation.py", line 133, in __call__
    response = self.process_request(request)
  File "/home/wemisico/virtualenv/wemisipy/3.13/lib/python3.13/site-packages/django/middleware/common.py", line 48, in process_request
    host = request.get_host()
  File "/home/wemisico/virtualenv/wemisipy/3.13/lib/python3.13/site-packages/django/http/request.py", line 150, in get_host
    raise DisallowedHost(msg)
django.core.exceptions.DisallowedHost: Invalid HTTP_HOST header: 'www.wemisi.com'. You may need to add 'www.wemisi.com' to ALLOWED_HOSTS.
Not Found: /.well-known/index.php
Not Found: /404.php
Not Found: /aa.php
Not Found: /abcd.php
Not Found: /admin.php
Not Found: /about.php
Not Found: /adminfuns.php
Not Found: /ahax.php
Not Found: /akcc.php
Not Found: /alfa.php
Not Found: /assets/images/
Not Found: /autoload_classmap/function.php
Not Found: /av.php
Not Found: /bless.php
Not Found: /bolt.php
Not Found: /buy.php
Not Found: /atomlib.php
Not Found: /cgi-bin/file.php
Not Found: /cgi-bin/index.php
Not Found: /chosen.php
Not Found: /classwithtostring.php
Not Found: /edit.php
Not Found: /elp.php
Not Found: /simple.php
Not Found: /file.php
Not Found: /item.php
Not Found: /files/
Not Found: /gg.php
Not Found: /goods.php
Not Found: /images/
Not Found: /images/install.php
Not Found: /info.php
Not Found: /ioxi-o.php
Not Found: /k.php
Not Found: /mah.php
Not Found: /mah/function.php
Not Found: /manager.php
Not Found: /mini
Not Found: /new.php
Not Found: /dropdown.php
Not Found: /cong.php
Not Found: /public/files/index.php
Not Found: /public/wp-content/index.php
Not Found: /radio.php
Not Found: /themes.php
Not Found: /uploads/index.php
Not Found: /wp-admin/
Not Found: /wp-admin/classwithtostring.php
Not Found: /wp-admin/css/
Not Found: /wp-admin/css/about.php
Not Found: /wp-admin/css/colors/blue/
Not Found: /wp-admin/images/index.php
Not Found: /wp-admin/includes/colour.php
Not Found: /wp-admin/index.php
Not Found: /wp-admin/js/
Not Found: /wp-admin/js/index.php
Not Found: /wp-admin/js/widgets/
Not Found: /wp-admin/network/admin.php
Not Found: /wp-admin/wp-admins.php
Not Found: /wp-blog.php
Not Found: /wp-conflg/function.php
Not Found: /robots.txt
Not Found: /robots.txt
Not Found: /favicon.ico
Not Found: /favicon.ico
Invalid HTTP_HOST header: 'www.wemisi.com'. You may need to add 'www.wemisi.com' to ALLOWED_HOSTS.
Traceback (most recent call last):
  File "/home/wemisico/virtualenv/wemisipy/3.13/lib/python3.13/site-packages/django/core/handlers/exception.py", line 55, in inner
    response = get_response(request)
  File "/home/wemisico/virtualenv/wemisipy/3.13/lib/python3.13/site-packages/django/utils/deprecation.py", line 133, in __call__
    response = self.process_request(request)
  File "/home/wemisico/virtualenv/wemisipy/3.13/lib/python3.13/site-packages/django/middleware/common.py", line 48, in process_request
    host = request.get_host()
  File "/home/wemisico/virtualenv/wemisipy/3.13/lib/python3.13/site-packages/django/http/request.py", line 150, in get_host
    raise DisallowedHost(msg)
django.core.exceptions.DisallowedHost: Invalid HTTP_HOST header: 'www.wemisi.com'. You may need to add 'www.wemisi.com' to ALLOWED_HOSTS.
Not Found: /wp-good.php
Not Found: /ioxi-o.php
Not Found: /file.php
Not Found: /wp-admin/css/colors/blue
Not Found: /wp-signin.php
Not Found: /abcd.php
Not Found: /wp-includes/block-bindings
Not Found: /about.php
Not Found: /bless.php
Not Found: /images/install.php
Not Found: /num.php
Not Found: /txets.php
Not Found: /wp-blog.php
Not Found: /wp-content/admin-header.php
Not Found: /wp-content/themes/about.php
Not Found: /wp-includes/js/dist
Not Found: /wp-includes/rest-api/fields
Not Found: /wp.php
Not Found: /admin.php
Not Found: /adminfuns.php
Not Found: /chosen.php
Not Found: /classwithtostring.php
Not Found: /edit.php
Not Found: /goods.php
Not Found: /k.php
Not Found: /mah/function.php
Not Found: /wp-conflg/function.php
Not Found: /wp-content/admin.php
Not Found: /wp-content/languages/index.php
Not Found: /wp-includes/PHPMailer/index.php
Not Found: /wp-includes/images
Not Found: /wp-includes/images/index.php
Not Found: /wp-includes/js/dist/development
Not Found: /wp-user.php
Not Found: /404.php
Not Found: /akcc.php
Not Found: /gg.php
Not Found: /mah.php
Not Found: /new.php
Not Found: /themes.php
Not Found: /uploads/index.php
Not Found: /wp-admin
Not Found: /wp-admin/classwithtostring.php
Not Found: /wp-admin/css
Not Found: /wp-admin/css/about.php
Not Found: /wp-admin/includes/colour.php
Not Found: /wp-admin/js
Not Found: /wp-admin/js/autoload_classmap.php
Not Found: /wp-admin/js/widgets
Not Found: /wp-content/autoload_classmap.php
Not Found: /wp-content/backups-dup-lite
Not Found: /wp-content/languages
Not Found: /wp-content/plugins/admin.php
Not Found: /wp-content/themes/admin.php
Not Found: /wp-content/uploads
Not Found: /wp-content/uploads/2025
Not Found: /wp-includes/IXR
Not Found: /wp-includes/IXR/index.php
Not Found: /wp-includes/SimplePie/index.php
Not Found: /wp-includes/Text
Not Found: /wp-includes/Text/Diff/Engine
Not Found: /wp-includes/block-bindings/index.php
Not Found: /wp-includes/block-supports
Not Found: /wp-includes/blocks/code
Not Found: /wp-includes/customize/chosen.php
Not Found: /wp-includes/html-api/index.php
Not Found: /wp-includes/index.php
Not Found: /wp-includes/js/dist/development/index.php
Not Found: /wp-includes/pomo/index.php
Not Found: /wp-includes/rest-api
Not Found: /wp-includes/sitemaps/autoload_classmap.php
Not Found: /wp-includes/theme-compat
Not Found: /favicon.ico
Not Found: /robots.txt
Not Found: /favicon.ico
Not Found: /wp-includes/wlwmanifest.xml
Not Found: /blog/wp-includes/wlwmanifest.xml
Not Found: /web/wp-includes/wlwmanifest.xml
Not Found: /wordpress/wp-includes/wlwmanifest.xml
Not Found: /website/wp-includes/wlwmanifest.xml
Not Found: /wp/wp-includes/wlwmanifest.xml
Not Found: /news/wp-includes/wlwmanifest.xml
Not Found: /2018/wp-includes/wlwmanifest.xml
Not Found: /2019/wp-includes/wlwmanifest.xml
Not Found: /shop/wp-includes/wlwmanifest.xml
Not Found: /wp1/wp-includes/wlwmanifest.xml
Not Found: /test/wp-includes/wlwmanifest.xml
Not Found: /media/wp-includes/wlwmanifest.xml
Not Found: /wp2/wp-includes/wlwmanifest.xml
Not Found: /site/wp-includes/wlwmanifest.xml
Not Found: /cms/wp-includes/wlwmanifest.xml
Not Found: /sito/wp-includes/wlwmanifest.xml
Not Found: /autoload_classmap/function.php
Not Found: /num.php
Not Found: /www.php
Not Found: /includes.php
Not Found: /browse.php
Not Found: /wp-content/admin-header.php
Not Found: /wp-content/admin.php
Not Found: /wp-content/autoload_classmap.php
Not Found: /wp-includes/sitemaps/autoload_classmap.php
Not Found: /wp-includes/SimplePie/autoload_classmap.php
Not Found: /wp-includes/Text/autoload_classmap.php
Not Found: /wp-admin/js/autoload_classmap.php
Not Found: /wp-content/themes/about.php
Not Found: /wp-content/backups-dup-lite/
Not Found: /wp-content/index.php
Not Found: /wp-content/languages/
Not Found: /wp-content/languages/index.php
Not Found: /wp-content/plugins/admin.php
Not Found: /wp-content/themes/
Not Found: /wp-content/themes/admin.php
Not Found: /wp-content/upgrade/index.php
Not Found: /wp-admin/css/colors/blue/atomlib.php
Not Found: /wp-content/uploads/
Not Found: /wp-content/uploads/2025/
Not Found: /wp-content/uploads/index.php
Not Found: /wp-good.php
Not Found: /wp-includes/ID3/
Not Found: /wp-includes/ID3/simi.php
Not Found: /wp-includes/IXR/
Not Found: /wp-includes/PHPMailer/index.php
Not Found: /wp-includes/Requests/index.php
Not Found: /wp-includes/SimplePie/index.php
Not Found: /wp-includes/Text/
Not Found: /wp-includes/Text/Diff/Engine/
Not Found: /wp-includes/Text/Diff/Renderer/index.php
Not Found: /wp-includes/assets/autoload_classmap.php
Not Found: /wp-includes/bk/index.php
Not Found: /wp-includes/block-bindings/
Not Found: /wp-includes/block-supports/
Not Found: /wp-includes/blocks/code/
Not Found: /wp-includes/certificates/
Not Found: /wp-includes/css/autoload_classmap.php
Not Found: /wp-includes/customize/chosen.php
Not Found: /wp-includes/html-api/index.php
Not Found: /wp-includes/images/
Not Found: /wp-includes/index.php
Not Found: /wp-includes/js/codemirror/index.php
Not Found: /wp-includes/js/crop/
Not Found: /wp-includes/js/dist/
Not Found: /wp-includes/js/dist/development/
Not Found: /wp-includes/pomo/index.php
Not Found: /wp-includes/random_compat/index.php
Not Found: /wp-includes/rest-api/fields/
Not Found: /wp-includes/rest-api/index.php
Not Found: /wp-includes/sitemaps/providers/index.php
Not Found: /wp-includes/style-engine/autoload_classmap.php
Not Found: /wp-includes/style-engine/wp-conflg.php
Not Found: /wp-includes/theme-compat/
Not Found: /wp-login.php
Not Found: /wp-signin.php
Not Found: /wp-user.php
Not Found: /wp.php
Not Found: /wp-includes/wlwmanifest.xml
Not Found: /blog/wp-includes/wlwmanifest.xml
Not Found: /web/wp-includes/wlwmanifest.xml
Not Found: /wordpress/wp-includes/wlwmanifest.xml
Not Found: /website/wp-includes/wlwmanifest.xml
Not Found: /wp/wp-includes/wlwmanifest.xml
Not Found: /news/wp-includes/wlwmanifest.xml
Not Found: /2018/wp-includes/wlwmanifest.xml
Not Found: /2019/wp-includes/wlwmanifest.xml
Not Found: /shop/wp-includes/wlwmanifest.xml
Not Found: /wp1/wp-includes/wlwmanifest.xml
Not Found: /test/wp-includes/wlwmanifest.xml
Not Found: /media/wp-includes/wlwmanifest.xml
Not Found: /wp2/wp-includes/wlwmanifest.xml
Not Found: /site/wp-includes/wlwmanifest.xml
Not Found: /cms/wp-includes/wlwmanifest.xml
Not Found: /sito/wp-includes/wlwmanifest.xml
Not Found: /esp.html
Not Found: /wp-content/plugins/hellopress/wp_filemanager.php
Not Found: /wp-includes/rest-api/alfa-rex.php7
Not Found: /widgets.php
Not Found: /b.php
Not Found: /admin.php
Not Found: /autoload_classmap.php
Not Found: /wp-activate.php
Not Found: /db.php
Not Found: /bless.php
Not Found: /blurbs.php
Not Found: /cord.php
Not Found: /axx.php
Not Found: /wp-mail.php
Not Found: /minik.php
Not Found: /OK.php
Not Found: /alfanew.php
Not Found: /zsec.php
Not Found: /arig.php
Not Found: /admin1.php
Not Found: /we2.php
Not Found: /af32.php
Not Found: /rz.php
Not Found: /let.php
Not Found: /w.php
Not Found: /k.php
Not Found: /pn.php
Not Found: /gecko.php
Not Found: /abe.php
Not Found: /bs1.php
Not Found: /cc.php
Not Found: /css.php
Not Found: /cloud.php
Not Found: /bless.php
Not Found: /radio.php
Not Found: /cong.php
Not Found: /bak.php
Not Found: /as.php
Not Found: /404.php
Not Found: /link.php
Not Found: /makeasmtp.php
Not Found: /file.php
Not Found: /chosen.php
Not Found: /wp.php
Not Found: /uana.php
Not Found: /lock360.php
Not Found: /a.php
Not Found: /api.php
Not Found: /inc.php
Not Found: /atomlib.php
Not Found: /ioxi-rex4.php7
Not Found: /moon.php
Not Found: /wp-info.php
Not Found: /warm.PhP7
Not Found: /ws.php7
Not Found: /rss.php
Not Found: /pekok.php
Not Found: /elp.php
Not Found: /wp-aa.php
Not Found: /cart.php
Not Found: /compare.php
Not Found: /shop.php
Not Found: /api.php
Not Found: /222.php
Not Found: /atom.php
Not Found: /case.php
Not Found: /docs.php
Not Found: /ios.php
Not Found: /click.php
Not Found: /lv.php
Not Found: /inputs.php
Not Found: /alfa.php
Not Found: /byp.php
Not Found: /goat1.php
Not Found: /f.php
Not Found: /max.php
Not Found: /m.php
Not Found: /as.php
Not Found: /v.php
Not Found: /bless.php
Not Found: /vv.php
Not Found: /0.php
Not Found: /jp.php
Not Found: /2.php
Not Found: /goods.php
Not Found: /manager.php
Not Found: /new.php
Not Found: /info.php
Not Found: /doc.php
Not Found: /go.php
Not Found: /mail.php
Not Found: /11.php
Not Found: /conflg.php
Not Found: /xmrlpc.php
Not Found: /asas.php
Not Found: /ioxi-o.php
Not Found: /about.php
Not Found: /akcc.php
Not Found: /zxl.php
Not Found: /r.php
Not Found: /ar.php
Not Found: /js.php
Not Found: /file1.php
Not Found: /123.php
Not Found: /321.php
Not Found: /simple.php
Not Found: /classwithtostring.php
Not Found: /al.php
Not Found: /xx.php
Not Found: /jga.php
Not Found: /num.php
Not Found: /ty.php
Not Found: /buy.php
Not Found: /abcd.php
Not Found: /c.php
Not Found: /xo.php
Not Found: /dlu.php
Not Found: /rk2.php
Not Found: /we.php
Not Found: /karak.php
Not Found: /content.php
Not Found: /406.php
Not Found: /mariju.php
Not Found: /k.php
Not Found: /cache.php
Not Found: /zfile.php
Not Found: /NewFile.php
Not Found: /des.php
Not Found: /ant.php
Not Found: /jlex.php
Not Found: /mini.php
Not Found: /fm.php
Not Found: /1.php
Not Found: /wpc.php
Not Found: /lc.php
Not Found: /mlex.php
Not Found: /nc4.php
Not Found: /class.php
Not Found: /mpvloi.php
Not Found: /v1.php
Not Found: /v2.php
Not Found: /dex.php
Not Found: /angelV2.php
Invalid HTTP_HOST header: 'www.wemisi.com'. You may need to add 'www.wemisi.com' to ALLOWED_HOSTS.
Traceback (most recent call last):
  File "/home/wemisico/virtualenv/wemisipy/3.13/lib/python3.13/site-packages/django/core/handlers/exception.py", line 55, in inner
    response = get_response(request)
  File "/home/wemisico/virtualenv/wemisipy/3.13/lib/python3.13/site-packages/django/utils/deprecation.py", line 133, in __call__
    response = self.process_request(request)
  File "/home/wemisico/virtualenv/wemisipy/3.13/lib/python3.13/site-packages/django/middleware/common.py", line 48, in process_request
    host = request.get_host()
  File "/home/wemisico/virtualenv/wemisipy/3.13/lib/python3.13/site-packages/django/http/request.py", line 150, in get_host
    raise DisallowedHost(msg)
django.core.exceptions.DisallowedHost: Invalid HTTP_HOST header: 'www.wemisi.com'. You may need to add 'www.wemisi.com' to ALLOWED_HOSTS.
Invalid HTTP_HOST header: 'www.wemisi.com'. You may need to add 'www.wemisi.com' to ALLOWED_HOSTS.
Traceback (most recent call last):
  File "/home/wemisico/virtualenv/wemisipy/3.13/lib/python3.13/site-packages/django/core/handlers/exception.py", line 55, in inner
    response = get_response(request)
  File "/home/wemisico/virtualenv/wemisipy/3.13/lib/python3.13/site-packages/django/utils/deprecation.py", line 133, in __call__
    response = self.process_request(request)
  File "/home/wemisico/virtualenv/wemisipy/3.13/lib/python3.13/site-packages/django/middleware/common.py", line 48, in process_request
    host = request.get_host()
  File "/home/wemisico/virtualenv/wemisipy/3.13/lib/python3.13/site-packages/django/http/request.py", line 150, in get_host
    raise DisallowedHost(msg)
django.core.exceptions.DisallowedHost: Invalid HTTP_HOST header: 'www.wemisi.com'. You may need to add 'www.wemisi.com' to ALLOWED_HOSTS.
Invalid HTTP_HOST header: 'www.wemisi.com'. You may need to add 'www.wemisi.com' to ALLOWED_HOSTS.
Traceback (most recent call last):
  File "/home/wemisico/virtualenv/wemisipy/3.13/lib/python3.13/site-packages/django/core/handlers/exception.py", line 55, in inner
    response = get_response(request)
  File "/home/wemisico/virtualenv/wemisipy/3.13/lib/python3.13/site-packages/django/utils/deprecation.py", line 133, in __call__
    response = self.process_request(request)
  File "/home/wemisico/virtualenv/wemisipy/3.13/lib/python3.13/site-packages/django/middleware/common.py", line 48, in process_request
    host = request.get_host()
  File "/home/wemisico/virtualenv/wemisipy/3.13/lib/python3.13/site-packages/django/http/request.py", line 150, in get_host
    raise DisallowedHost(msg)
django.core.exceptions.DisallowedHost: Invalid HTTP_HOST header: 'www.wemisi.com'. You may need to add 'www.wemisi.com' to ALLOWED_HOSTS.
Invalid HTTP_HOST header: 'www.wemisi.com'. You may need to add 'www.wemisi.com' to ALLOWED_HOSTS.
Traceback (most recent call last):
  File "/home/wemisico/virtualenv/wemisipy/3.13/lib/python3.13/site-packages/django/core/handlers/exception.py", line 55, in inner
    response = get_response(request)
  File "/home/wemisico/virtualenv/wemisipy/3.13/lib/python3.13/site-packages/django/utils/deprecation.py", line 133, in __call__
    response = self.process_request(request)
  File "/home/wemisico/virtualenv/wemisipy/3.13/lib/python3.13/site-packages/django/middleware/common.py", line 48, in process_request
    host = request.get_host()
  File "/home/wemisico/virtualenv/wemisipy/3.13/lib/python3.13/site-packages/django/http/request.py", line 150, in get_host
    raise DisallowedHost(msg)
django.core.exceptions.DisallowedHost: Invalid HTTP_HOST header: 'www.wemisi.com'. You may need to add 'www.wemisi.com' to ALLOWED_HOSTS.
Invalid HTTP_HOST header: 'www.wemisi.com'. You may need to add 'www.wemisi.com' to ALLOWED_HOSTS.
Traceback (most recent call last):
  File "/home/wemisico/virtualenv/wemisipy/3.13/lib/python3.13/site-packages/django/core/handlers/exception.py", line 55, in inner
    response = get_response(request)
  File "/home/wemisico/virtualenv/wemisipy/3.13/lib/python3.13/site-packages/django/utils/deprecation.py", line 133, in __call__
    response = self.process_request(request)
  File "/home/wemisico/virtualenv/wemisipy/3.13/lib/python3.13/site-packages/django/middleware/common.py", line 48, in process_request
    host = request.get_host()
  File "/home/wemisico/virtualenv/wemisipy/3.13/lib/python3.13/site-packages/django/http/request.py", line 150, in get_host
    raise DisallowedHost(msg)
django.core.exceptions.DisallowedHost: Invalid HTTP_HOST header: 'www.wemisi.com'. You may need to add 'www.wemisi.com' to ALLOWED_HOSTS.
Not Found: /favicon.ico
Not Found: /robots.txt
Invalid HTTP_HOST header: 'www.wemisi.com'. You may need to add 'www.wemisi.com' to ALLOWED_HOSTS.
Traceback (most recent call last):
  File "/home/wemisico/virtualenv/wemisipy/3.13/lib/python3.13/site-packages/django/core/handlers/exception.py", line 55, in inner
    response = get_response(request)
  File "/home/wemisico/virtualenv/wemisipy/3.13/lib/python3.13/site-packages/django/utils/deprecation.py", line 133, in __call__
    response = self.process_request(request)
  File "/home/wemisico/virtualenv/wemisipy/3.13/lib/python3.13/site-packages/django/middleware/common.py", line 48, in process_request
    host = request.get_host()
  File "/home/wemisico/virtualenv/wemisipy/3.13/lib/python3.13/site-packages/django/http/request.py", line 150, in get_host
    raise DisallowedHost(msg)
django.core.exceptions.DisallowedHost: Invalid HTTP_HOST header: 'www.wemisi.com'. You may need to add 'www.wemisi.com' to ALLOWED_HOSTS.
Invalid HTTP_HOST header: 'www.wemisi.com'. You may need to add 'www.wemisi.com' to ALLOWED_HOSTS.
Traceback (most recent call last):
  File "/home/wemisico/virtualenv/wemisipy/3.13/lib/python3.13/site-packages/django/core/handlers/exception.py", line 55, in inner
    response = get_response(request)
  File "/home/wemisico/virtualenv/wemisipy/3.13/lib/python3.13/site-packages/django/utils/deprecation.py", line 133, in __call__
    response = self.process_request(request)
  File "/home/wemisico/virtualenv/wemisipy/3.13/lib/python3.13/site-packages/django/middleware/common.py", line 48, in process_request
    host = request.get_host()
  File "/home/wemisico/virtualenv/wemisipy/3.13/lib/python3.13/site-packages/django/http/request.py", line 150, in get_host
    raise DisallowedHost(msg)
django.core.exceptions.DisallowedHost: Invalid HTTP_HOST header: 'www.wemisi.com'. You may need to add 'www.wemisi.com' to ALLOWED_HOSTS.
Invalid HTTP_HOST header: 'www.wemisi.com'. You may need to add 'www.wemisi.com' to ALLOWED_HOSTS.
Traceback (most recent call last):
  File "/home/wemisico/virtualenv/wemisipy/3.13/lib/python3.13/site-packages/django/core/handlers/exception.py", line 55, in inner
    response = get_response(request)
  File "/home/wemisico/virtualenv/wemisipy/3.13/lib/python3.13/site-packages/django/utils/deprecation.py", line 133, in __call__
    response = self.process_request(request)
  File "/home/wemisico/virtualenv/wemisipy/3.13/lib/python3.13/site-packages/django/middleware/common.py", line 48, in process_request
    host = request.get_host()
  File "/home/wemisico/virtualenv/wemisipy/3.13/lib/python3.13/site-packages/django/http/request.py", line 150, in get_host
    raise DisallowedHost(msg)
django.core.exceptions.DisallowedHost: Invalid HTTP_HOST header: 'www.wemisi.com'. You may need to add 'www.wemisi.com' to ALLOWED_HOSTS.
Not Found: /robots.txt
Not Found: /userfuns.php
Not Found: /userfuns.php
Not Found: /postnews.php
Not Found: /postnews.php
Not Found: /_next
Not Found: /_next
Forbidden (CSRF cookie not set.): /
Not Found: /_next
Not Found: /_next
Forbidden (CSRF cookie not set.): /
Not Found: /_next
Not Found: /_next
Forbidden (CSRF cookie not set.): /
Not Found: /_next
Not Found: /_next
Forbidden (CSRF cookie not set.): /
Not Found: /_next
Not Found: /_next
Forbidden (CSRF cookie not set.): /
Not Found: /_next
Not Found: /z0f76a1d14fd21a8fb5fd0d03e0fdc3d3cedae52f
Not Found: /.well-known/index.php
Not Found: /404.php
Not Found: /aa.php
Not Found: /abcd.php
Not Found: /admin.php
Not Found: /about.php
Not Found: /adminfuns.php
Not Found: /ahax.php
Not Found: /akcc.php
Not Found: /alfa.php
Not Found: /assets/images/
Not Found: /autoload_classmap/function.php
Not Found: /av.php
Not Found: /bless.php
Not Found: /bolt.php
Not Found: /buy.php
Not Found: /atomlib.php
Not Found: /cgi-bin/file.php
Not Found: /cgi-bin/index.php
Not Found: /chosen.php
Not Found: /classwithtostring.php
Not Found: /edit.php
Not Found: /elp.php
Not Found: /simple.php
Not Found: /file.php
Not Found: /item.php
Not Found: /files/
Not Found: /gg.php
Not Found: /goods.php
Not Found: /images/
Not Found: /images/install.php
Not Found: /info.php
Not Found: /ioxi-o.php
Not Found: /k.php
Not Found: /mah.php
Not Found: /mah/function.php
Not Found: /manager.php
Not Found: /mini
Not Found: /new.php
Not Found: /dropdown.php
Not Found: /cong.php
Not Found: /public/files/index.php
Not Found: /public/wp-content/index.php
Not Found: /radio.php
Not Found: /themes.php
Not Found: /uploads/index.php
Not Found: /wp-admin/
Not Found: /wp-admin/classwithtostring.php
Not Found: /wp-admin/css/
Not Found: /wp-admin/css/about.php
Not Found: /wp-admin/css/colors/blue/
Not Found: /wp-admin/images/index.php
Not Found: /wp-admin/includes/colour.php
Not Found: /wp-admin/index.php
Not Found: /wp-admin/js/
Not Found: /wp-admin/js/index.php
Not Found: /wp-admin/js/widgets/
Not Found: /wp-admin/network/admin.php
Not Found: /wp-admin/wp-admins.php
Not Found: /wp-blog.php
Not Found: /wp-conflg/function.php
Not Found: /robots.txt
Not Found: /_next
Not Found: /_next
Not Found: /robots.txt
Not Found: /robots.txt
Not Found: /robots.txt
Not Found: /ads.txt
Not Found: /llms.txt
Not Found: /robots.txt
Invalid HTTP_HOST header: 'www.wemisi.com'. You may need to add 'www.wemisi.com' to ALLOWED_HOSTS.
Traceback (most recent call last):
  File "/home/wemisico/virtualenv/wemisipy/3.13/lib/python3.13/site-packages/django/core/handlers/exception.py", line 55, in inner
    response = get_response(request)
  File "/home/wemisico/virtualenv/wemisipy/3.13/lib/python3.13/site-packages/django/utils/deprecation.py", line 133, in __call__
    response = self.process_request(request)
  File "/home/wemisico/virtualenv/wemisipy/3.13/lib/python3.13/site-packages/django/middleware/common.py", line 48, in process_request
    host = request.get_host()
  File "/home/wemisico/virtualenv/wemisipy/3.13/lib/python3.13/site-packages/django/http/request.py", line 150, in get_host
    raise DisallowedHost(msg)
django.core.exceptions.DisallowedHost: Invalid HTTP_HOST header: 'www.wemisi.com'. You may need to add 'www.wemisi.com' to ALLOWED_HOSTS.
Invalid HTTP_HOST header: 'www.wemisi.com'. You may need to add 'www.wemisi.com' to ALLOWED_HOSTS.
Traceback (most recent call last):
  File "/home/wemisico/virtualenv/wemisipy/3.13/lib/python3.13/site-packages/django/core/handlers/exception.py", line 55, in inner
    response = get_response(request)
  File "/home/wemisico/virtualenv/wemisipy/3.13/lib/python3.13/site-packages/django/utils/deprecation.py", line 133, in __call__
    response = self.process_request(request)
  File "/home/wemisico/virtualenv/wemisipy/3.13/lib/python3.13/site-packages/django/middleware/common.py", line 48, in process_request
    host = request.get_host()
  File "/home/wemisico/virtualenv/wemisipy/3.13/lib/python3.13/site-packages/django/http/request.py", line 150, in get_host
    raise DisallowedHost(msg)
django.core.exceptions.DisallowedHost: Invalid HTTP_HOST header: 'www.wemisi.com'. You may need to add 'www.wemisi.com' to ALLOWED_HOSTS.
Not Found: /robots.txt
Invalid HTTP_HOST header: 'www.wemisi.com'. You may need to add 'www.wemisi.com' to ALLOWED_HOSTS.
Traceback (most recent call last):
  File "/home/wemisico/virtualenv/wemisipy/3.13/lib/python3.13/site-packages/django/core/handlers/exception.py", line 55, in inner
    response = get_response(request)
  File "/home/wemisico/virtualenv/wemisipy/3.13/lib/python3.13/site-packages/django/utils/deprecation.py", line 133, in __call__
    response = self.process_request(request)
  File "/home/wemisico/virtualenv/wemisipy/3.13/lib/python3.13/site-packages/django/middleware/common.py", line 48, in process_request
    host = request.get_host()
  File "/home/wemisico/virtualenv/wemisipy/3.13/lib/python3.13/site-packages/django/http/request.py", line 150, in get_host
    raise DisallowedHost(msg)
django.core.exceptions.DisallowedHost: Invalid HTTP_HOST header: 'www.wemisi.com'. You may need to add 'www.wemisi.com' to ALLOWED_HOSTS.
Invalid HTTP_HOST header: 'www.wemisi.com'. You may need to add 'www.wemisi.com' to ALLOWED_HOSTS.
Traceback (most recent call last):
  File "/home/wemisico/virtualenv/wemisipy/3.13/lib/python3.13/site-packages/django/core/handlers/exception.py", line 55, in inner
    response = get_response(request)
  File "/home/wemisico/virtualenv/wemisipy/3.13/lib/python3.13/site-packages/django/utils/deprecation.py", line 133, in __call__
    response = self.process_request(request)
  File "/home/wemisico/virtualenv/wemisipy/3.13/lib/python3.13/site-packages/django/middleware/common.py", line 48, in process_request
    host = request.get_host()
  File "/home/wemisico/virtualenv/wemisipy/3.13/lib/python3.13/site-packages/django/http/request.py", line 150, in get_host
    raise DisallowedHost(msg)
django.core.exceptions.DisallowedHost: Invalid HTTP_HOST header: 'www.wemisi.com'. You may need to add 'www.wemisi.com' to ALLOWED_HOSTS.
Invalid HTTP_HOST header: 'www.wemisi.com'. You may need to add 'www.wemisi.com' to ALLOWED_HOSTS.
Traceback (most recent call last):
  File "/home/wemisico/virtualenv/wemisipy/3.13/lib/python3.13/site-packages/django/core/handlers/exception.py", line 55, in inner
    response = get_response(request)
  File "/home/wemisico/virtualenv/wemisipy/3.13/lib/python3.13/site-packages/django/utils/deprecation.py", line 133, in __call__
    response = self.process_request(request)
  File "/home/wemisico/virtualenv/wemisipy/3.13/lib/python3.13/site-packages/django/middleware/common.py", line 48, in process_request
    host = request.get_host()
  File "/home/wemisico/virtualenv/wemisipy/3.13/lib/python3.13/site-packages/django/http/request.py", line 150, in get_host
    raise DisallowedHost(msg)
django.core.exceptions.DisallowedHost: Invalid HTTP_HOST header: 'www.wemisi.com'. You may need to add 'www.wemisi.com' to ALLOWED_HOSTS.
Not Found: /favicon.ico
Not Found: /robots.txt
Not Found: /wp-admin/autoload_classmap.php
Not Found: /autoload_classmap/function.php
Not Found: /wp-content/autoload_classmap.php
Not Found: /wp-includes/sitemaps/autoload_classmap.php
Not Found: /wp-includes/SimplePie/autoload_classmap.php
Not Found: /wp-includes/Text/autoload_classmap.php
Not Found: /wp-admin/js/autoload_classmap.php
Not Found: /wp-includes/SimplePie/chosen.php
Not Found: /wp-includes/assets/autoload_classmap.php
Not Found: /wp-includes/css/autoload_classmap.php
Not Found: /wp-includes/fonts/autoload_classmap.php
Not Found: /wp-includes/js/crop/
Not Found: /wp-includes/pomo/
Not Found: /wp-includes/rest-api/search/index.php
Not Found: /wp-includes/style-engine/autoload_classmap.php
Not Found: /wp-includes/style-engine/wp-conflg.php
Not Found: /wp-includes/theme-compat/
Not Found: /wp-includes/widgets/autoload_classmap.php
Not Found: /wp-includes/customize/chosen.php
Not Found: /wp-includes/html-api/index.php
Not Found: /wp-includes/index.php
Not Found: /wp-includes/js/dist/development/index.php
Not Found: /wp-includes/pomo/index.php
Not Found: /wp-includes/rest-api
Not Found: /wp-includes/theme-compat
Not Found: /wp-content/index.php
Not Found: /wp-content/plugins/
Not Found: /wp-content/plugins/HelloDollyV2/
Not Found: /wp-content/plugins/dummyyummy/wp-signup.php
Not Found: /wp-content/themes/
Not Found: /wp-content/themes/index.php
Not Found: /wp-content/themes/themes.php
Not Found: /wp-content/upgrade/
Not Found: /wp-content/upgrade/index.php
Not Found: /wp-content/uploads/
Not Found: /wp-content/uploads/Geforce.php
Not Found: /wp-content/uploads/index.php
Not Found: /wp-includes/
Not Found: /wp-includes/ID3/
Not Found: /wp-includes/ID3/index.php
Not Found: /wp-includes/IXR/
Not Found: /wp-includes/IXR/test1.php
Not Found: /wp-includes/PHPMailer/
Not Found: /wp-includes/Requests/
Not Found: /wp-includes/Requests/Auth/
Not Found: /wp-includes/Requests/index.php
Not Found: /wp-includes/SimplePie/
Not Found: /wp-includes/SimplePie/Content/
Not Found: /wp-includes/Text/
Not Found: /wp-includes/Text/Diff/
Not Found: /wp-includes/Text/Diff/Engine/
Not Found: /wp-includes/Text/Diff/Renderer/
Not Found: /wp-includes/Text/Diff/index.php
Not Found: /wp-includes/Text/wp-conflg.php
Not Found: /wp-includes/assets/
Not Found: /wp-includes/bk/index.php
Not Found: /wp-includes/block-bindings/
Not Found: /wp-includes/block-patterns/
Not Found: /wp-includes/block-supports/
Not Found: /wp-includes/blocks/shortcode/index.php
Not Found: /wp-includes/certificates/
Not Found: /wp-includes/css/
Not Found: /wp-includes/css/dist/alam.php
Not Found: /wp-includes/customize/
Not Found: /wp-includes/customize/index.php
Not Found: /wp-content/cache/
Not Found: /wp-content/w3tc/
Not Found: /wp-content/et-cache/
Not Found: /wp-content/cache/supercache/
Not Found: /wp-content/wflogs/
Not Found: /wp-content/updraft/
Not Found: /wp-content/ai1wm-backups/
Not Found: /wp-content/backups-dup-lite/
Not Found: /wp-content/backup-db/
Not Found: /wp-content/uploads/woocommerce_uploads/
Not Found: /wp-content/uploads/woocommerce/
Not Found: /wp-content/uploads/wc-logs/
Not Found: /wp-includes/images/
Not Found: /wp-includes/js/
Not Found: /wp-includes/fonts/
Not Found: /wp-includes/fonts/index.php
Not Found: /wp-includes/html-api/
Not Found: /wp-includes/images/crystal/
Not Found: /wp-includes/images/media/
Not Found: /wp-includes/images/media/index.php
Not Found: /wp-includes/images/smilies/
Not Found: /wp-includes/images/wlw/
Not Found: /wp-includes/js/codemirror/
Not Found: /wp-includes/js/jcrop/jcrop.php
Not Found: /wp-includes/php-compat/
Not Found: /wp-includes/random_compat/
Not Found: /wp-includes/rest-api/
Not Found: /wp-includes/rest-api/endpoints/
Not Found: /wp-includes/rest-api/fields/
Not Found: /wp-includes/rest-api/search/
Not Found: /wp-includes/sitemaps/
Not Found: /wp-includes/sitemaps/providers/
Not Found: /wp-includes/sodium_compat/
Not Found: /wp-includes/sodium_compat/index.php
Not Found: /wp-includes/sodium_compat/src/
Not Found: /wp-includes/style-engine/index.php
Not Found: /robots.txt
Invalid HTTP_HOST header: 'www.wemisi.com'. You may need to add 'www.wemisi.com' to ALLOWED_HOSTS.
Traceback (most recent call last):
  File "/home/wemisico/virtualenv/wemisipy/3.13/lib/python3.13/site-packages/django/core/handlers/exception.py", line 55, in inner
    response = get_response(request)
  File "/home/wemisico/virtualenv/wemisipy/3.13/lib/python3.13/site-packages/django/utils/deprecation.py", line 133, in __call__
    response = self.process_request(request)
  File "/home/wemisico/virtualenv/wemisipy/3.13/lib/python3.13/site-packages/django/middleware/common.py", line 48, in process_request
    host = request.get_host()
  File "/home/wemisico/virtualenv/wemisipy/3.13/lib/python3.13/site-packages/django/http/request.py", line 150, in get_host
    raise DisallowedHost(msg)
django.core.exceptions.DisallowedHost: Invalid HTTP_HOST header: 'www.wemisi.com'. You may need to add 'www.wemisi.com' to ALLOWED_HOSTS.
Not Found: /wp-login.php
Not Found: /wp-admin/
Not Found: /administrator/
Not Found: /user/login
Not Found: /login
Not Found: /register
Not Found: /login
Not Found: /autoload_classmap/function.php
Not Found: /num.php
Not Found: /www.php
Not Found: /includes.php
Not Found: /browse.php
Not Found: /wp-content/admin-header.php
Not Found: /wp-content/admin.php
Not Found: /wp-content/autoload_classmap.php
Not Found: /wp-includes/sitemaps/autoload_classmap.php
Not Found: /wp-includes/SimplePie/autoload_classmap.php
Not Found: /wp-includes/Text/autoload_classmap.php
Not Found: /wp-admin/js/autoload_classmap.php
Not Found: /wp-content/themes/about.php
Not Found: /wp-content/backups-dup-lite/
Not Found: /wp-content/index.php
Not Found: /wp-content/languages/
Not Found: /wp-content/languages/index.php
Not Found: /wp-content/plugins/admin.php
Not Found: /wp-content/themes/
Not Found: /wp-content/themes/admin.php
Not Found: /wp-content/upgrade/index.php
Not Found: /wp-admin/css/colors/blue/atomlib.php
Not Found: /wp-content/uploads/
Not Found: /wp-content/uploads/2025/
Not Found: /wp-content/uploads/index.php
Not Found: /wp-good.php
Not Found: /wp-includes/ID3/
Not Found: /wp-includes/ID3/simi.php
Not Found: /wp-includes/IXR/
Not Found: /wp-includes/PHPMailer/index.php
Not Found: /wp-includes/Requests/index.php
Not Found: /wp-includes/SimplePie/index.php
Not Found: /wp-includes/Text/
Not Found: /wp-includes/Text/Diff/Engine/
Not Found: /wp-includes/Text/Diff/Renderer/index.php
Not Found: /wp-includes/assets/autoload_classmap.php
Not Found: /wp-includes/bk/index.php
Not Found: /wp-includes/block-bindings/
Not Found: /wp-includes/block-supports/
Not Found: /wp-includes/blocks/code/
Not Found: /wp-includes/certificates/
Not Found: /wp-includes/css/autoload_classmap.php
Not Found: /wp-includes/customize/chosen.php
Not Found: /wp-includes/html-api/index.php
Not Found: /wp-includes/images/
Not Found: /wp-includes/index.php
Not Found: /wp-includes/js/codemirror/index.php
Not Found: /wp-includes/js/crop/
Not Found: /wp-includes/js/dist/
Not Found: /wp-includes/js/dist/development/
Not Found: /wp-includes/pomo/index.php
Not Found: /wp-includes/random_compat/index.php
Not Found: /wp-includes/rest-api/fields/
Not Found: /wp-includes/rest-api/index.php
Not Found: /wp-includes/sitemaps/providers/index.php
Not Found: /wp-includes/style-engine/autoload_classmap.php
Not Found: /wp-includes/style-engine/wp-conflg.php
Not Found: /wp-includes/theme-compat/
Not Found: /wp-login.php
Not Found: /wp-signin.php
Not Found: /wp-user.php
Not Found: /wp.php
Invalid HTTP_HOST header: 'www.wemisi.com'. You may need to add 'www.wemisi.com' to ALLOWED_HOSTS.
Traceback (most recent call last):
  File "/home/wemisico/virtualenv/wemisipy/3.13/lib/python3.13/site-packages/django/core/handlers/exception.py", line 55, in inner
    response = get_response(request)
  File "/home/wemisico/virtualenv/wemisipy/3.13/lib/python3.13/site-packages/django/utils/deprecation.py", line 133, in __call__
    response = self.process_request(request)
  File "/home/wemisico/virtualenv/wemisipy/3.13/lib/python3.13/site-packages/django/middleware/common.py", line 48, in process_request
    host = request.get_host()
  File "/home/wemisico/virtualenv/wemisipy/3.13/lib/python3.13/site-packages/django/http/request.py", line 150, in get_host
    raise DisallowedHost(msg)
django.core.exceptions.DisallowedHost: Invalid HTTP_HOST header: 'www.wemisi.com'. You may need to add 'www.wemisi.com' to ALLOWED_HOSTS.
Not Found: /robots.txt
Not Found: /wp-admin/autoload_classmap.php
Not Found: /autoload_classmap/function.php
Not Found: /wp-content/autoload_classmap.php
Not Found: /wp-includes/sitemaps/autoload_classmap.php
Not Found: /wp-includes/SimplePie/autoload_classmap.php
Not Found: /wp-includes/Text/autoload_classmap.php
Not Found: /wp-admin/js/autoload_classmap.php
Not Found: /wp-includes/SimplePie/chosen.php
Not Found: /wp-includes/assets/autoload_classmap.php
Not Found: /wp-includes/css/autoload_classmap.php
Not Found: /wp-includes/fonts/autoload_classmap.php
Not Found: /wp-includes/js/crop/
Not Found: /wp-includes/pomo/
Not Found: /wp-includes/rest-api/search/index.php
Not Found: /wp-includes/style-engine/autoload_classmap.php
Not Found: /wp-includes/style-engine/wp-conflg.php
Not Found: /wp-includes/theme-compat/
Not Found: /wp-includes/widgets/autoload_classmap.php
Not Found: /wp-includes/customize/chosen.php
Not Found: /wp-includes/html-api/index.php
Not Found: /wp-includes/index.php
Not Found: /wp-includes/js/dist/development/index.php
Not Found: /wp-includes/pomo/index.php
Not Found: /wp-includes/rest-api
Not Found: /wp-includes/theme-compat
Not Found: /wp-content/index.php
Not Found: /wp-content/plugins/
Not Found: /wp-content/plugins/HelloDollyV2/
Not Found: /wp-content/plugins/dummyyummy/wp-signup.php
Not Found: /wp-content/themes/
Not Found: /wp-content/themes/index.php
Not Found: /wp-content/themes/themes.php
Not Found: /wp-content/upgrade/
Not Found: /wp-content/upgrade/index.php
Not Found: /wp-content/uploads/
Not Found: /wp-content/uploads/Geforce.php
Not Found: /wp-content/uploads/index.php
Not Found: /wp-includes/
Not Found: /wp-includes/ID3/
Not Found: /wp-includes/ID3/index.php
Not Found: /wp-includes/IXR/
Not Found: /wp-includes/IXR/test1.php
Not Found: /wp-includes/PHPMailer/
Not Found: /wp-includes/Requests/
Not Found: /wp-includes/Requests/Auth/
Not Found: /wp-includes/Requests/index.php
Not Found: /wp-includes/SimplePie/
Not Found: /wp-includes/SimplePie/Content/
Not Found: /wp-includes/Text/
Not Found: /wp-includes/Text/Diff/
Not Found: /wp-includes/Text/Diff/Engine/
Not Found: /wp-includes/Text/Diff/Renderer/
Not Found: /wp-includes/Text/Diff/index.php
Not Found: /wp-includes/Text/wp-conflg.php
Not Found: /wp-includes/assets/
Not Found: /wp-includes/bk/index.php
Not Found: /wp-includes/block-bindings/
Not Found: /wp-includes/block-patterns/
Not Found: /wp-includes/block-supports/
Not Found: /wp-includes/blocks/shortcode/index.php
Not Found: /wp-includes/certificates/
Not Found: /wp-includes/css/
Not Found: /wp-includes/css/dist/alam.php
Not Found: /wp-includes/customize/
Not Found: /wp-includes/customize/index.php
Not Found: /wp-content/cache/
Not Found: /wp-content/w3tc/
Not Found: /wp-content/et-cache/
Not Found: /wp-content/cache/supercache/
Not Found: /wp-content/wflogs/
Not Found: /wp-content/updraft/
Not Found: /wp-content/ai1wm-backups/
Not Found: /wp-content/backups-dup-lite/
Not Found: /wp-content/backup-db/
Not Found: /wp-content/uploads/woocommerce_uploads/
Not Found: /wp-content/uploads/woocommerce/
Not Found: /wp-content/uploads/wc-logs/
Not Found: /wp-includes/images/
Not Found: /wp-includes/js/
Not Found: /wp-includes/fonts/
Not Found: /wp-includes/fonts/index.php
Not Found: /wp-includes/html-api/
Not Found: /wp-includes/images/crystal/
Not Found: /wp-includes/images/media/
Not Found: /wp-includes/images/media/index.php
Not Found: /wp-includes/images/smilies/
Not Found: /wp-includes/images/wlw/
Not Found: /wp-includes/js/codemirror/
Not Found: /wp-includes/js/jcrop/jcrop.php
Not Found: /wp-includes/php-compat/
Not Found: /wp-includes/random_compat/
Not Found: /wp-includes/rest-api/
Not Found: /wp-includes/rest-api/endpoints/
Not Found: /wp-includes/rest-api/fields/
Not Found: /wp-includes/rest-api/search/
Not Found: /wp-includes/sitemaps/
Not Found: /wp-includes/sitemaps/providers/
Not Found: /wp-includes/sodium_compat/
Not Found: /wp-includes/sodium_compat/index.php
Not Found: /wp-includes/sodium_compat/src/
Not Found: /wp-includes/style-engine/index.php
Not Found: /apps
Not Found: /api/action
Not Found: /api/actions
Not Found: /_next/data
Forbidden (Referer checking failed - no Referer.): /
Not Found: /wp-login.php
Not Found: /robots.txt
Not Found: /robots.txt
Not Found: /index.html
Not Found: /cart.html
Not Found: /robots.txt
Not Found: /robots.txt
Not Found: /list.html
Not Found: /robots.txt
Not Found: /robots.txt
Not Found: /.well-known/index.php
Not Found: /404.php
Not Found: /aa.php
Not Found: /abcd.php
Not Found: /admin.php
Not Found: /about.php
Not Found: /adminfuns.php
Not Found: /ahax.php
Not Found: /akcc.php
Not Found: /alfa.php
Not Found: /assets/images/
Not Found: /autoload_classmap/function.php
Not Found: /av.php
Not Found: /bless.php
Not Found: /bolt.php
Not Found: /buy.php
Not Found: /atomlib.php
Not Found: /cgi-bin/file.php
Not Found: /cgi-bin/index.php
Not Found: /chosen.php
Not Found: /classwithtostring.php
Not Found: /edit.php
Not Found: /elp.php
Not Found: /simple.php
Not Found: /file.php
Not Found: /item.php
Not Found: /files/
Not Found: /gg.php
Not Found: /goods.php
Not Found: /images/
Not Found: /images/install.php
Not Found: /info.php
Not Found: /ioxi-o.php
Not Found: /k.php
Not Found: /mah.php
Not Found: /mah/function.php
Not Found: /manager.php
Not Found: /mini
Not Found: /new.php
Not Found: /dropdown.php
Not Found: /cong.php
Not Found: /public/files/index.php
Not Found: /public/wp-content/index.php
Not Found: /radio.php
Not Found: /themes.php
Not Found: /uploads/index.php
Not Found: /wp-admin/
Not Found: /wp-admin/classwithtostring.php
Not Found: /wp-admin/css/
Not Found: /wp-admin/css/about.php
Not Found: /wp-admin/css/colors/blue/
Not Found: /wp-admin/images/index.php
Not Found: /wp-admin/includes/colour.php
Not Found: /wp-admin/index.php
Not Found: /wp-admin/js/
Not Found: /wp-admin/js/index.php
Not Found: /wp-admin/js/widgets/
Not Found: /wp-admin/network/admin.php
Not Found: /wp-admin/wp-admins.php
Not Found: /wp-blog.php
Not Found: /wp-conflg/function.php
Not Found: /robots.txt
Not Found: /robots.txt
Not Found: /robots.txt
Not Found: /index.html
Invalid HTTP_HOST header: 'www.wemisi.com'. You may need to add 'www.wemisi.com' to ALLOWED_HOSTS.
Traceback (most recent call last):
  File "/home/wemisico/virtualenv/wemisipy/3.13/lib/python3.13/site-packages/django/core/handlers/exception.py", line 55, in inner
    response = get_response(request)
  File "/home/wemisico/virtualenv/wemisipy/3.13/lib/python3.13/site-packages/django/utils/deprecation.py", line 133, in __call__
    response = self.process_request(request)
  File "/home/wemisico/virtualenv/wemisipy/3.13/lib/python3.13/site-packages/django/middleware/common.py", line 48, in process_request
    host = request.get_host()
  File "/home/wemisico/virtualenv/wemisipy/3.13/lib/python3.13/site-packages/django/http/request.py", line 150, in get_host
    raise DisallowedHost(msg)
django.core.exceptions.DisallowedHost: Invalid HTTP_HOST header: 'www.wemisi.com'. You may need to add 'www.wemisi.com' to ALLOWED_HOSTS.
Invalid HTTP_HOST header: 'www.wemisi.com'. You may need to add 'www.wemisi.com' to ALLOWED_HOSTS.
Traceback (most recent call last):
  File "/home/wemisico/virtualenv/wemisipy/3.13/lib/python3.13/site-packages/django/core/handlers/exception.py", line 55, in inner
    response = get_response(request)
  File "/home/wemisico/virtualenv/wemisipy/3.13/lib/python3.13/site-packages/django/utils/deprecation.py", line 133, in __call__
    response = self.process_request(request)
  File "/home/wemisico/virtualenv/wemisipy/3.13/lib/python3.13/site-packages/django/middleware/common.py", line 48, in process_request
    host = request.get_host()
  File "/home/wemisico/virtualenv/wemisipy/3.13/lib/python3.13/site-packages/django/http/request.py", line 150, in get_host
    raise DisallowedHost(msg)
django.core.exceptions.DisallowedHost: Invalid HTTP_HOST header: 'www.wemisi.com'. You may need to add 'www.wemisi.com' to ALLOWED_HOSTS.
Not Found: /robots.txt
Not Found: /robots.txt
Not Found: /esp.html
Invalid HTTP_HOST header: 'www.wemisi.com'. You may need to add 'www.wemisi.com' to ALLOWED_HOSTS.
Traceback (most recent call last):
  File "/home/wemisico/virtualenv/wemisipy/3.13/lib/python3.13/site-packages/django/core/handlers/exception.py", line 55, in inner
    response = get_response(request)
  File "/home/wemisico/virtualenv/wemisipy/3.13/lib/python3.13/site-packages/django/utils/deprecation.py", line 133, in __call__
    response = self.process_request(request)
  File "/home/wemisico/virtualenv/wemisipy/3.13/lib/python3.13/site-packages/django/middleware/common.py", line 48, in process_request
    host = request.get_host()
  File "/home/wemisico/virtualenv/wemisipy/3.13/lib/python3.13/site-packages/django/http/request.py", line 150, in get_host
    raise DisallowedHost(msg)
django.core.exceptions.DisallowedHost: Invalid HTTP_HOST header: 'www.wemisi.com'. You may need to add 'www.wemisi.com' to ALLOWED_HOSTS.
Invalid HTTP_HOST header: 'www.wemisi.com'. You may need to add 'www.wemisi.com' to ALLOWED_HOSTS.
Traceback (most recent call last):
  File "/home/wemisico/virtualenv/wemisipy/3.13/lib/python3.13/site-packages/django/core/handlers/exception.py", line 55, in inner
    response = get_response(request)
  File "/home/wemisico/virtualenv/wemisipy/3.13/lib/python3.13/site-packages/django/utils/deprecation.py", line 133, in __call__
    response = self.process_request(request)
  File "/home/wemisico/virtualenv/wemisipy/3.13/lib/python3.13/site-packages/django/middleware/common.py", line 48, in process_request
    host = request.get_host()
  File "/home/wemisico/virtualenv/wemisipy/3.13/lib/python3.13/site-packages/django/http/request.py", line 150, in get_host
    raise DisallowedHost(msg)
django.core.exceptions.DisallowedHost: Invalid HTTP_HOST header: 'www.wemisi.com'. You may need to add 'www.wemisi.com' to ALLOWED_HOSTS.
Invalid HTTP_HOST header: 'www.wemisi.com'. You may need to add 'www.wemisi.com' to ALLOWED_HOSTS.
Traceback (most recent call last):
  File "/home/wemisico/virtualenv/wemisipy/3.13/lib/python3.13/site-packages/django/core/handlers/exception.py", line 55, in inner
    response = get_response(request)
  File "/home/wemisico/virtualenv/wemisipy/3.13/lib/python3.13/site-packages/django/utils/deprecation.py", line 133, in __call__
    response = self.process_request(request)
  File "/home/wemisico/virtualenv/wemisipy/3.13/lib/python3.13/site-packages/django/middleware/common.py", line 48, in process_request
    host = request.get_host()
  File "/home/wemisico/virtualenv/wemisipy/3.13/lib/python3.13/site-packages/django/http/request.py", line 150, in get_host
    raise DisallowedHost(msg)
django.core.exceptions.DisallowedHost: Invalid HTTP_HOST header: 'www.wemisi.com'. You may need to add 'www.wemisi.com' to ALLOWED_HOSTS.
Invalid HTTP_HOST header: 'www.wemisi.com'. You may need to add 'www.wemisi.com' to ALLOWED_HOSTS.
Traceback (most recent call last):
  File "/home/wemisico/virtualenv/wemisipy/3.13/lib/python3.13/site-packages/django/core/handlers/exception.py", line 55, in inner
    response = get_response(request)
  File "/home/wemisico/virtualenv/wemisipy/3.13/lib/python3.13/site-packages/django/utils/deprecation.py", line 133, in __call__
    response = self.process_request(request)
  File "/home/wemisico/virtualenv/wemisipy/3.13/lib/python3.13/site-packages/django/middleware/common.py", line 48, in process_request
    host = request.get_host()
  File "/home/wemisico/virtualenv/wemisipy/3.13/lib/python3.13/site-packages/django/http/request.py", line 150, in get_host
    raise DisallowedHost(msg)
django.core.exceptions.DisallowedHost: Invalid HTTP_HOST header: 'www.wemisi.com'. You may need to add 'www.wemisi.com' to ALLOWED_HOSTS.
Invalid HTTP_HOST header: 'www.wemisi.com'. You may need to add 'www.wemisi.com' to ALLOWED_HOSTS.
Traceback (most recent call last):
  File "/home/wemisico/virtualenv/wemisipy/3.13/lib/python3.13/site-packages/django/core/handlers/exception.py", line 55, in inner
    response = get_response(request)
  File "/home/wemisico/virtualenv/wemisipy/3.13/lib/python3.13/site-packages/django/utils/deprecation.py", line 133, in __call__
    response = self.process_request(request)
  File "/home/wemisico/virtualenv/wemisipy/3.13/lib/python3.13/site-packages/django/middleware/common.py", line 48, in process_request
    host = request.get_host()
  File "/home/wemisico/virtualenv/wemisipy/3.13/lib/python3.13/site-packages/django/http/request.py", line 150, in get_host
    raise DisallowedHost(msg)
django.core.exceptions.DisallowedHost: Invalid HTTP_HOST header: 'www.wemisi.com'. You may need to add 'www.wemisi.com' to ALLOWED_HOSTS.
Invalid HTTP_HOST header: 'www.wemisi.com'. You may need to add 'www.wemisi.com' to ALLOWED_HOSTS.
Traceback (most recent call last):
  File "/home/wemisico/virtualenv/wemisipy/3.13/lib/python3.13/site-packages/django/core/handlers/exception.py", line 55, in inner
    response = get_response(request)
  File "/home/wemisico/virtualenv/wemisipy/3.13/lib/python3.13/site-packages/django/utils/deprecation.py", line 133, in __call__
    response = self.process_request(request)
  File "/home/wemisico/virtualenv/wemisipy/3.13/lib/python3.13/site-packages/django/middleware/common.py", line 48, in process_request
    host = request.get_host()
  File "/home/wemisico/virtualenv/wemisipy/3.13/lib/python3.13/site-packages/django/http/request.py", line 150, in get_host
    raise DisallowedHost(msg)
django.core.exceptions.DisallowedHost: Invalid HTTP_HOST header: 'www.wemisi.com'. You may need to add 'www.wemisi.com' to ALLOWED_HOSTS.
Invalid HTTP_HOST header: 'www.wemisi.com'. You may need to add 'www.wemisi.com' to ALLOWED_HOSTS.
Traceback (most recent call last):
  File "/home/wemisico/virtualenv/wemisipy/3.13/lib/python3.13/site-packages/django/core/handlers/exception.py", line 55, in inner
    response = get_response(request)
  File "/home/wemisico/virtualenv/wemisipy/3.13/lib/python3.13/site-packages/django/utils/deprecation.py", line 133, in __call__
    response = self.process_request(request)
  File "/home/wemisico/virtualenv/wemisipy/3.13/lib/python3.13/site-packages/django/middleware/common.py", line 48, in process_request
    host = request.get_host()
  File "/home/wemisico/virtualenv/wemisipy/3.13/lib/python3.13/site-packages/django/http/request.py", line 150, in get_host
    raise DisallowedHost(msg)
django.core.exceptions.DisallowedHost: Invalid HTTP_HOST header: 'www.wemisi.com'. You may need to add 'www.wemisi.com' to ALLOWED_HOSTS.
Invalid HTTP_HOST header: 'www.wemisi.com'. You may need to add 'www.wemisi.com' to ALLOWED_HOSTS.
Traceback (most recent call last):
  File "/home/wemisico/virtualenv/wemisipy/3.13/lib/python3.13/site-packages/django/core/handlers/exception.py", line 55, in inner
    response = get_response(request)
  File "/home/wemisico/virtualenv/wemisipy/3.13/lib/python3.13/site-packages/django/utils/deprecation.py", line 133, in __call__
    response = self.process_request(request)
  File "/home/wemisico/virtualenv/wemisipy/3.13/lib/python3.13/site-packages/django/middleware/common.py", line 48, in process_request
    host = request.get_host()
  File "/home/wemisico/virtualenv/wemisipy/3.13/lib/python3.13/site-packages/django/http/request.py", line 150, in get_host
    raise DisallowedHost(msg)
django.core.exceptions.DisallowedHost: Invalid HTTP_HOST header: 'www.wemisi.com'. You may need to add 'www.wemisi.com' to ALLOWED_HOSTS.
Not Found: /.well-known/index.php
Not Found: /404.php
Not Found: /aa.php
Not Found: /abcd.php
Not Found: /admin.php
Not Found: /adminfuns.php
Not Found: /ahax.php
Not Found: /akcc.php
Not Found: /alfa.php
Not Found: /assets/images/
Not Found: /autoload_classmap/function.php
Not Found: /av.php
Not Found: /bless.php
Not Found: /bolt.php
Not Found: /buy.php
Not Found: /cgi-bin/file.php
Not Found: /cgi-bin/index.php
Not Found: /chosen.php
Not Found: /classwithtostring.php
Not Found: /edit.php
Not Found: /elp.php
Not Found: /file.php
Not Found: /files/
Not Found: /gg.php
Not Found: /goods.php
Not Found: /images/
Not Found: /images/install.php
Not Found: /info.php
Not Found: /ioxi-o.php
Not Found: /k.php
Not Found: /mah.php
Not Found: /mah/function.php
Not Found: /manager.php
Not Found: /mini
Not Found: /modules/mod_simplefileuploadv1.3/elements/index.php
Not Found: /new.php
Not Found: /public/files/index.php
Not Found: /public/wp-content/index.php
Not Found: /radio.php
Not Found: /themes.php
Not Found: /uploads/index.php
Not Found: /wp-admin/
Not Found: /wp-admin/classwithtostring.php
Not Found: /wp-admin/css/
Not Found: /wp-admin/css/about.php
Not Found: /wp-admin/css/colors/blue/
Not Found: /wp-admin/images/index.php
Not Found: /wp-admin/includes/colour.php
Not Found: /wp-admin/index.php
Not Found: /wp-admin/js/
Not Found: /wp-admin/js/index.php
Not Found: /wp-admin/js/widgets/
Not Found: /wp-admin/network/admin.php
Not Found: /wp-admin/wp-admins.php
Not Found: /wp-blog.php
Not Found: /wp-conflg/function.php
Not Found: /wp-content/admin-header.php
Not Found: /wp-content/admin.php
Not Found: /wp-content/autoload_classmap.php
Not Found: /wp-content/backups-dup-lite/
Not Found: /wp-content/index.php
Not Found: /wp-content/languages/
Not Found: /wp-content/languages/index.php
Not Found: /wp-content/plugins/admin.php
Not Found: /wp-content/themes/
Not Found: /wp-content/themes/about.php
Not Found: /wp-content/themes/admin.php
Not Found: /wp-content/upgrade/index.php
Not Found: /wp-content/uploads/
Not Found: /wp-content/uploads/2025/
Not Found: /wp-content/uploads/index.php
Not Found: /wp-good.php
Not Found: /wp-includes/ID3/
Not Found: /wp-includes/ID3/simi.php
Not Found: /wp-includes/IXR/
Not Found: /wp-includes/PHPMailer/index.php
Not Found: /wp-includes/Requests/index.php
Not Found: /wp-includes/SimplePie/autoload_classmap.php
Not Found: /wp-includes/SimplePie/index.php
Not Found: /wp-includes/Text/
Not Found: /wp-includes/Text/Diff/Engine/
Not Found: /wp-includes/Text/Diff/Renderer/index.php
Not Found: /wp-includes/assets/autoload_classmap.php
Not Found: /wp-includes/bk/index.php
Not Found: /wp-includes/block-bindings/
Not Found: /wp-includes/block-supports/
Not Found: /wp-includes/blocks/code/
Not Found: /wp-includes/certificates/
Not Found: /wp-includes/css/autoload_classmap.php
Not Found: /wp-includes/customize/chosen.php
Not Found: /wp-includes/html-api/index.php
Not Found: /wp-includes/images/
Not Found: /wp-includes/index.php
Not Found: /wp-includes/js/codemirror/index.php
Not Found: /wp-includes/js/crop/
Not Found: /wp-includes/js/dist/
Not Found: /wp-includes/js/dist/development/
Not Found: /wp-includes/pomo/index.php
Not Found: /wp-includes/random_compat/index.php
Not Found: /wp-includes/rest-api/fields/
Not Found: /wp-includes/rest-api/index.php
Not Found: /wp-includes/sitemaps/autoload_classmap.php
Not Found: /wp-includes/sitemaps/providers/index.php
Not Found: /wp-includes/style-engine/autoload_classmap.php
Not Found: /wp-includes/style-engine/wp-conflg.php
Not Found: /wp-includes/theme-compat/
Not Found: /wp-login.php
Not Found: /wp-signin.php
Not Found: /wp-user.php
Not Found: /wp.php
Not Found: /favicon.ico
Not Found: /favicon.ico
Not Found: /https%3A/fonts.googleapis.com/css2%3Ffamily%3DInter%3Awght%40300%3B400%3B600%3B700%26display%3Dswap
Not Found: /https%3A/fonts.googleapis.com/css2%3Ffamily%3DInter%3Awght%40300%3B400%3B600%3B700%26display%3Dswap
Not Found: /product/3/https%3A/fonts.googleapis.com/css2%3Ffamily%3DInter%3Awght%40300%3B400%3B600%3B700%26display%3Dswap
[UID:2270][1713384] Reached max children process limit: 6, extra: 2, current: 8, busy: 7, please increase LSAPI_CHILDREN.
[UID:2270][1713384] Reached max children process limit: 6, extra: 2, current: 8, busy: 8, please increase LSAPI_CHILDREN.
[UID:2270][1713384] Reached max children process limit: 6, extra: 2, current: 8, busy: 8, please increase LSAPI_CHILDREN.
[UID:2270][1713384] Reached max children process limit: 6, extra: 2, current: 8, busy: 8, please increase LSAPI_CHILDREN.
[UID:2270][1713384] Reached max children process limit: 6, extra: 2, current: 8, busy: 8, please increase LSAPI_CHILDREN.
[UID:2270][1713384] Reached max children process limit: 6, extra: 2, current: 8, busy: 8, please increase LSAPI_CHILDREN.
[UID:2270][1713384] Reached max children process limit: 6, extra: 2, current: 8, busy: 8, please increase LSAPI_CHILDREN.
[UID:2270][1713384] Reached max children process limit: 6, extra: 2, current: 8, busy: 8, please increase LSAPI_CHILDREN.
[UID:2270][1713384] Reached max children process limit: 6, extra: 2, current: 8, busy: 8, please increase LSAPI_CHILDREN.
[UID:2270][1713384] Reached max children process limit: 6, extra: 2, current: 8, busy: 8, please increase LSAPI_CHILDREN.
[UID:2270][1713384] Reached max children process limit: 6, extra: 2, current: 8, busy: 8, please increase LSAPI_CHILDREN.
[UID:2270][1713384] Reached max children process limit: 6, extra: 2, current: 8, busy: 8, please increase LSAPI_CHILDREN.
[UID:2270][1713384] Reached max children process limit: 6, extra: 2, current: 8, busy: 8, please increase LSAPI_CHILDREN.
[UID:2270][1713384] Reached max children process limit: 6, extra: 2, current: 8, busy: 8, please increase LSAPI_CHILDREN.
[UID:2270][1713384] Reached max children process limit: 6, extra: 2, current: 8, busy: 8, please increase LSAPI_CHILDREN.
[UID:2270][1713384] Reached max children process limit: 6, extra: 2, current: 8, busy: 8, please increase LSAPI_CHILDREN.
[UID:2270][1713384] Reached max children process limit: 6, extra: 2, current: 8, busy: 8, please increase LSAPI_CHILDREN.
[UID:2270][1713384] Reached max children process limit: 6, extra: 2, current: 8, busy: 8, please increase LSAPI_CHILDREN.
[UID:2270][1713384] Reached max children process limit: 6, extra: 2, current: 8, busy: 8, please increase LSAPI_CHILDREN.
[UID:2270][1713384] Reached max children process limit: 6, extra: 2, current: 8, busy: 8, please increase LSAPI_CHILDREN.
[UID:2270][1713384] Reached max children process limit: 6, extra: 2, current: 8, busy: 8, please increase LSAPI_CHILDREN.
[UID:2270][1713384] Reached max children process limit: 6, extra: 2, current: 8, busy: 8, please increase LSAPI_CHILDREN.
Not Found: /category/quartz/https%3A/fonts.googleapis.com/css2%3Ffamily%3DInter%3Awght%40300%3B400%3B600%3B700%26display%3Dswap
Not Found: /category/marble/https%3A/fonts.googleapis.com/css2%3Ffamily%3DInter%3Awght%40300%3B400%3B600%3B700%26display%3Dswap
Not Found: /category/granite/https%3A/fonts.googleapis.com/css2%3Ffamily%3DInter%3Awght%40300%3B400%3B600%3B700%26display%3Dswap
Not Found: /accounts/login/%3Fnext%3D/product/3/
Not Found: /product/3/https%3A/fonts.googleapis.com/css2%3Ffamily%3DInter%3Awght%40300%3B400%3B600%3B700%26display%3Dswap
Not Found: /category/marble/https%3A/fonts.googleapis.com/css2%3Ffamily%3DInter%3Awght%40300%3B400%3B600%3B700%26display%3Dswap
Not Found: /category/quartz/https%3A/fonts.googleapis.com/css2%3Ffamily%3DInter%3Awght%40300%3B400%3B600%3B700%26display%3Dswap
Not Found: /category/granite/https%3A/fonts.googleapis.com/css2%3Ffamily%3DInter%3Awght%40300%3B400%3B600%3B700%26display%3Dswap
Not Found: /accounts/login/%3Fnext%3D/product/3/
Not Found: /blog/https%3A/fonts.googleapis.com/css2%3Ffamily%3DInter%3Awght%40300%3B400%3B600%3B700%26display%3Dswap
Not Found: /wp-includes/wlwmanifest.xml
Not Found: /blog/wp-includes/wlwmanifest.xml
Not Found: /web/wp-includes/wlwmanifest.xml
Not Found: /wordpress/wp-includes/wlwmanifest.xml
Not Found: /website/wp-includes/wlwmanifest.xml
Not Found: /wp/wp-includes/wlwmanifest.xml
Not Found: /news/wp-includes/wlwmanifest.xml
Not Found: /2020/wp-includes/wlwmanifest.xml
Not Found: /2019/wp-includes/wlwmanifest.xml
Not Found: /shop/wp-includes/wlwmanifest.xml
Not Found: /wp1/wp-includes/wlwmanifest.xml
Not Found: /test/wp-includes/wlwmanifest.xml
Not Found: /wp2/wp-includes/wlwmanifest.xml
Not Found: /site/wp-includes/wlwmanifest.xml
Not Found: /cms/wp-includes/wlwmanifest.xml
Not Found: /sito/wp-includes/wlwmanifest.xml
Not Found: /media/system/js/core.js
Not Found: /wp-includes/js/jquery/jquery.js
Not Found: /.well-known/acme-challenge/file.php
Not Found: /.well-known/acme-challenge/wp-login.php
Not Found: /.well-known/pki-validation/index.php
Not Found: /1.php
Not Found: /aa.php
Not Found: /abcd.php
Not Found: /about.php
Not Found: /.well-known/index.php
Not Found: /admin.php
Not Found: /adminfuns.php
Not Found: /alfa.php
Not Found: /api.php
Not Found: /autoload_classmap/function.php
Not Found: /bless.php
Not Found: /cgi-bin/index.php
Not Found: /classwithtostring.php
Not Found: /edit.php
Not Found: /file.php
Not Found: /goods.php
Not Found: /info.php
Not Found: /ioxi-o.php
Not Found: /manager.php
Not Found: /mini
Not Found: /wp-user.php
Not Found: /wp.php
Not Found: /xmrlpc.php
Not Found: /ahax.php
Not Found: /akcc.php
Not Found: /assets/
Not Found: /assets/images/
Not Found: /av.php
Not Found: /buy.php
Not Found: /cgi-bin/
Not Found: /chosen.php
Not Found: /css/index.php
Not Found: /elp.php
Not Found: /images/
Not Found: /index/function.php
Not Found: /inputs.php
Not Found: /mah.php
Not Found: /mah/function.php
Not Found: /mini.php
Not Found: /modules/mod_simplefileuploadv1.3/elements/
Not Found: /new.php
Not Found: /options-reading.php
Not Found: /simple.php
Not Found: /uploads/
Not Found: /modules/mod_simplefileuploadv1.3/elements/index.php
Not Found: /new.php
Not Found: /public/files/index.php
Not Found: /public/wp-content/index.php
Not Found: /radio.php
Not Found: /wp-admin/classwithtostring.php
Not Found: /wp-admin/includes/colour.php
Not Found: /wp-admin/index.php
Not Found: /wp-admin/js/index.php
Not Found: /wp-admin/js/widgets/
Not Found: /wp-admin/wp-admins.php
Not Found: /wp-blog.php
Not Found: /wp-content/admin.php
Not Found: /wp-content/et-cache/
Not Found: /wp-content/index.php
Not Found: /wp-content/upgrade/index.php
Not Found: /wp-content/uploads/
Not Found: /wp-content/uploads/index.php
Not Found: /wp-good.php
Not Found: /wp-includes/Requests/index.php
Not Found: /wp-includes/SimplePie/autoload_classmap.php
Not Found: /wp-includes/Text/Diff/Renderer/index.php
Not Found: /wp-includes/assets/autoload_classmap.php
Not Found: /wp-includes/bk/index.php
Not Found: /wp-includes/customize/chosen.php
Not Found: /wp-includes/index.php
Not Found: /wp-includes/js/codemirror/index.php
Not Found: /wp-includes/random_compat/index.php
Not Found: /wp-includes/rest-api/index.php
Not Found: /wp-includes/sitemaps/providers/index.php
Not Found: /wp-includes/style-engine/wp-conflg.php
Not Found: /wp-admin/
Not Found: /wp-admin/css/
Not Found: /wp-admin/network/admin.php
Not Found: /wp-content/classwithtostring.php
Not Found: /wp-content/languages/index.php
Not Found: /wp-content/plugins/admin.php
Not Found: /wp-content/themes/admin.php
Not Found: /wp-content/uploads/2023/
Not Found: /wp-content/uploads/2024/
Not Found: /wp-content/uploads/2025/
Not Found: /wp-editor.php
Not Found: /wp-includes/ID3/
Not Found: /wp-includes/ID3/simi.php
Not Found: /wp-includes/IXR/
Not Found: /wp-includes/Requests/about.php
Not Found: /wp-includes/Text/xwx1.php
Not Found: /wp-includes/assets/about.php
Not Found: /wp-includes/assets/index.php
Not Found: /wp-includes/block-patterns/
Not Found: /wp-includes/blocks/
Not Found: /wp-includes/blocks/calendar/index.php
Not Found: /wp-includes/certificates/
Not Found: /wp-includes/css/index.php
Not Found: /wp-includes/customize/index.php
Not Found: /wp-includes/fonts/admin.php
Not Found: /wp-includes/html-api/index.php
Not Found: /wp-includes/images/media/
Not Found: /wp-includes/images/smilies/about.php
Not Found: /wp-includes/js/index.php
Not Found: /wp-includes/rest-api/
Not Found: /wp-includes/rest-api/fields/
Not Found: /wp-includes/rest-api/search/index.php
Not Found: /wp-includes/sitemaps/
Not Found: /wp-includes/sitemaps/wp-conflg.php
Not Found: /wp-themes.php
Not Found: /x.php
Not Found: /yas.php
Not Found: /wp-content/plugins/hellopress/wp_filemanager.php
Not Found: /neshe
Not Found: /bless.php
Not Found: /manager.php
Not Found: /default.php
Not Found: /disaos.php
Not Found: /wp-content/themes/wp-pridmag/init.php
Not Found: /upload/wp-info.php
Not Found: /11.php
Not Found: /simple.php
Not Found: /xc.php
Not Found: /index/fucku.php
Not Found: /1.php
Not Found: /inputs.php
Not Found: /wp-admin/user/about.php
Not Found: /about/function.php
Not Found: /1.php
Not Found: /wp-includes/theme-compat/wp-login.php
Not Found: /chosen.php
Not Found: /.well-known/acme-challenge/index.php
Not Found: /c.php
Not Found: /dichku.php
Not Found: /about.php
Not Found: /atomlib.php
Not Found: /a.php
Not Found: /wp-includes/html-api/wp-conflg.php
Not Found: /wp-configs.php
Not Found: /gmo.php
Not Found: /license.php
Not Found: /yanz.php
Not Found: /post.php
Not Found: /error.php
Not Found: /20.php
Not Found: /content.php
Not Found: /goat1.php
Not Found: /alfanew.php
Not Found: /info.php
Not Found: /wp.php
Not Found: /css.php
Not Found: /bypass.php
Not Found: /wp-includes/autoload_classmap.php
Not Found: /lock.php
Not Found: /011i.php
Not Found: /kk.php
Not Found: /wp-includes/assets/index.php
Not Found: /num.php
Not Found: /wp-content/403.php
Not Found: /admin.php
Not Found: /wp-includes/js/crop/zmFM.php
Not Found: /wp-includes/IXR/admin.php
Not Found: /d2.php
Not Found: /css/colors/coffee/index.php
Not Found: /mail.php
Not Found: /g.php
Not Found: /radio.php
Not Found: /wp-cron.php
Not Found: /build.php
Not Found: /wp-admin/images/index.php
Not Found: /admin.php
Not Found: /gdn.php
Not Found: /snus.php
Not Found: /ghreshttryu.php
Not Found: /as.php
Not Found: /file.php
Not Found: /.well-known/acme-challenge/admin.php
Not Found: /tiny.php
Not Found: /wp-includes/rest-api/fields/index.php
Not Found: /f35.php
Not Found: /wp-includes/system_log.php
Not Found: /v.php
Not Found: /lv.php
Not Found: /config.php
Not Found: /robots.txt
Not Found: /cat_ps.html
Not Found: /robots.txt
Invalid HTTP_HOST header: 'www.wemisi.com'. You may need to add 'www.wemisi.com' to ALLOWED_HOSTS.
Traceback (most recent call last):
  File "/home/wemisico/virtualenv/wemisipy/3.13/lib/python3.13/site-packages/django/core/handlers/exception.py", line 55, in inner
    response = get_response(request)
  File "/home/wemisico/virtualenv/wemisipy/3.13/lib/python3.13/site-packages/django/utils/deprecation.py", line 133, in __call__
    response = self.process_request(request)
  File "/home/wemisico/virtualenv/wemisipy/3.13/lib/python3.13/site-packages/django/middleware/common.py", line 48, in process_request
    host = request.get_host()
  File "/home/wemisico/virtualenv/wemisipy/3.13/lib/python3.13/site-packages/django/http/request.py", line 150, in get_host
    raise DisallowedHost(msg)
django.core.exceptions.DisallowedHost: Invalid HTTP_HOST header: 'www.wemisi.com'. You may need to add 'www.wemisi.com' to ALLOWED_HOSTS.
Invalid HTTP_HOST header: 'www.wemisi.com'. You may need to add 'www.wemisi.com' to ALLOWED_HOSTS.
Traceback (most recent call last):
  File "/home/wemisico/virtualenv/wemisipy/3.13/lib/python3.13/site-packages/django/core/handlers/exception.py", line 55, in inner
    response = get_response(request)
  File "/home/wemisico/virtualenv/wemisipy/3.13/lib/python3.13/site-packages/django/utils/deprecation.py", line 133, in __call__
    response = self.process_request(request)
  File "/home/wemisico/virtualenv/wemisipy/3.13/lib/python3.13/site-packages/django/middleware/common.py", line 48, in process_request
    host = request.get_host()
  File "/home/wemisico/virtualenv/wemisipy/3.13/lib/python3.13/site-packages/django/http/request.py", line 150, in get_host
    raise DisallowedHost(msg)
django.core.exceptions.DisallowedHost: Invalid HTTP_HOST header: 'www.wemisi.com'. You may need to add 'www.wemisi.com' to ALLOWED_HOSTS.
Invalid HTTP_HOST header: 'www.wemisi.com'. You may need to add 'www.wemisi.com' to ALLOWED_HOSTS.
Traceback (most recent call last):
  File "/home/wemisico/virtualenv/wemisipy/3.13/lib/python3.13/site-packages/django/core/handlers/exception.py", line 55, in inner
    response = get_response(request)
  File "/home/wemisico/virtualenv/wemisipy/3.13/lib/python3.13/site-packages/django/utils/deprecation.py", line 133, in __call__
    response = self.process_request(request)
  File "/home/wemisico/virtualenv/wemisipy/3.13/lib/python3.13/site-packages/django/middleware/common.py", line 48, in process_request
    host = request.get_host()
  File "/home/wemisico/virtualenv/wemisipy/3.13/lib/python3.13/site-packages/django/http/request.py", line 150, in get_host
    raise DisallowedHost(msg)
django.core.exceptions.DisallowedHost: Invalid HTTP_HOST header: 'www.wemisi.com'. You may need to add 'www.wemisi.com' to ALLOWED_HOSTS.
Not Found: /robots.txt
Invalid HTTP_HOST header: 'www.wemisi.com'. You may need to add 'www.wemisi.com' to ALLOWED_HOSTS.
Traceback (most recent call last):
  File "/home/wemisico/virtualenv/wemisipy/3.13/lib/python3.13/site-packages/django/core/handlers/exception.py", line 55, in inner
    response = get_response(request)
  File "/home/wemisico/virtualenv/wemisipy/3.13/lib/python3.13/site-packages/django/utils/deprecation.py", line 133, in __call__
    response = self.process_request(request)
  File "/home/wemisico/virtualenv/wemisipy/3.13/lib/python3.13/site-packages/django/middleware/common.py", line 48, in process_request
    host = request.get_host()
  File "/home/wemisico/virtualenv/wemisipy/3.13/lib/python3.13/site-packages/django/http/request.py", line 150, in get_host
    raise DisallowedHost(msg)
django.core.exceptions.DisallowedHost: Invalid HTTP_HOST header: 'www.wemisi.com'. You may need to add 'www.wemisi.com' to ALLOWED_HOSTS.
Not Found: /apps
Not Found: /api/action
Not Found: /api/actions
Not Found: /_next/data
Forbidden (Referer checking failed - no Referer.): /
Not Found: /.well-known/acme-challenge/file.php
Not Found: /1.php
Not Found: /403.php
Not Found: /404.php
Not Found: /ALFA_DATA/
Not Found: /aa.php
Not Found: /abcd.php
Not Found: /about.php
Not Found: /admin.php
Not Found: /adminfuns.php
Not Found: /ahax.php
Not Found: /akcc.php
Not Found: /alfa.php
Not Found: /api.php
Not Found: /as.php
Not Found: /assets/
Not Found: /assets/as.php
Not Found: /autoload_classmap.php
Not Found: /bless.php
Not Found: /bolt.php
Not Found: /buy.php
Not Found: /cc.php
Not Found: /cgi-bin/
Not Found: /chosen.php
Not Found: /classwithtostring.php
Not Found: /css/index.php
Not Found: /edit.php
Not Found: /file.php
Not Found: /file5.php
Not Found: /files/
Not Found: /gelay.php
Not Found: /gg.php
Not Found: /god4m.php
Not Found: /goods.php
Not Found: /i.php
Not Found: /info.php
Not Found: /inputs.php
Not Found: /ioxi-o.php
Not Found: /k.php
Not Found: /new.php
Not Found: /num.php
Not Found: /public/assets/
Not Found: /robots.php
Not Found: /uploads/
Not Found: /uploads/vx.php
Not Found: /vx.php
Not Found: /wp-admin.php
Not Found: /wp-admin/
Not Found: /wp-admin/classwithtostring.php
Not Found: /wp-admin/css/colors/
Not Found: /wp-admin/css/colors/blue/
Not Found: /wp-admin/css/colors/ectoplasm/
Not Found: /wp-admin/css/colors/ectoplasm/index.php
Not Found: /wp-admin/css/colors/midnight/
Not Found: /wp-admin/includes/colour.php
Not Found: /wp-admin/js/
Not Found: /wp-admin/js/autoload_classmap.php
Not Found: /wp-admin/js/widgets/
Not Found: /wp-admin/maint/
Not Found: /wp-admin/network/admin.php
Not Found: /wp-blog.php
Not Found: /wp-content/
Not Found: /wp-content/about.php
Not Found: /wp-content/admin-header.php
Not Found: /wp-content/admin.php
Not Found: /wp-content/cache/index.php
Not Found: /wp-content/index.php
Not Found: /wp-content/plugins/admin.php
Not Found: /wp-content/plugins/autoload_classmap.php
Not Found: /wp-content/plugins/beteng13/vx.php
Not Found: /wp-content/plugins/mainhosting/default.php
Not Found: /wp-content/themes/
Not Found: /wp-content/themes/about.php
Not Found: /wp-content/themes/admin.php
Not Found: /wp-content/themes/twentytwentythree/patterns/index.php
Not Found: /wp-content/upgrade/
Not Found: /wp-content/uploads/
Not Found: /wp-content/uploads/2025/
Not Found: /wp-content/vx.php
Not Found: /wp-good.php
Not Found: /wp-includes/
Not Found: /wp-includes/ID3/
Not Found: /wp-includes/ID3/index.php
Not Found: /wp-includes/ID3/simi.php
Not Found: /wp-includes/IXR/
Not Found: /wp-includes/IXR/index.php
Not Found: /wp-includes/PHPMailer/
Not Found: /wp-includes/Requests/
Not Found: /wp-includes/SimplePie/
Not Found: /wp-includes/SimplePie/about.php
Not Found: /wp-includes/SimplePie/autoload_classmap.php
Not Found: /wp-includes/SimplePie/chosen.php
Not Found: /wp-includes/SimplePie/index.php
Not Found: /wp-includes/Text/
Not Found: /wp-includes/Text/Diff/
Not Found: /wp-includes/Text/Diff/Engine/
Not Found: /wp-includes/Text/Diff/Engine/index.php
Not Found: /wp-includes/Text/autoload_classmap.php
Not Found: /wp-includes/Text/wp-conflg.php
Not Found: /wp-includes/assets/
Not Found: /wp-includes/assets/autoload_classmap.php
Not Found: /wp-includes/block-bindings/
Not Found: /wp-includes/block-supports/
Not Found: /wp-includes/blocks/post-author-name/
Not Found: /wp-includes/css/
Not Found: /wp-includes/css/autoload_classmap.php
Not Found: /wp-includes/customize/
Not Found: /wp-includes/customize/chosen.php
Not Found: /wp-includes/fonts/autoload_classmap.php
Not Found: /wp-includes/html-api/
Not Found: /wp-includes/html-api/about.php
Not Found: /wp-includes/html-api/index.php
Not Found: /wp-includes/images/
Not Found: /wp-includes/images/crystal/
Not Found: /wp-includes/images/crystal/index.php
Not Found: /wp-includes/js/
Not Found: /wp-includes/js/crop/
Not Found: /wp-includes/js/crop/index.php
Not Found: /wp-includes/js/dist/
Not Found: /wp-includes/php-compat/
Not Found: /wp-includes/rest-api/endpoints/
Not Found: /wp-includes/rest-api/endpoints/index.php
Not Found: /wp-includes/rest-api/index.php
Not Found: /wp-includes/sitemaps/autoload_classmap.php
Not Found: /wp-includes/sitemaps/providers/
Not Found: /wp-includes/style-engine/
Not Found: /wp-includes/theme-compat/
Not Found: /wp-includes/widgets/autoload_classmap.php
Not Found: /wp-signin.php
Not Found: /wp-user.php
Not Found: /wp.php
Not Found: /ws.php
Not Found: /xmrlpc.php
Not Found: /robots.txt
Invalid HTTP_HOST header: 'www.wemisi.com'. You may need to add 'www.wemisi.com' to ALLOWED_HOSTS.
Traceback (most recent call last):
  File "/home/wemisico/virtualenv/wemisipy/3.13/lib/python3.13/site-packages/django/core/handlers/exception.py", line 55, in inner
    response = get_response(request)
  File "/home/wemisico/virtualenv/wemisipy/3.13/lib/python3.13/site-packages/django/utils/deprecation.py", line 133, in __call__
    response = self.process_request(request)
  File "/home/wemisico/virtualenv/wemisipy/3.13/lib/python3.13/site-packages/django/middleware/common.py", line 48, in process_request
    host = request.get_host()
  File "/home/wemisico/virtualenv/wemisipy/3.13/lib/python3.13/site-packages/django/http/request.py", line 150, in get_host
    raise DisallowedHost(msg)
django.core.exceptions.DisallowedHost: Invalid HTTP_HOST header: 'www.wemisi.com'. You may need to add 'www.wemisi.com' to ALLOWED_HOSTS.
Invalid HTTP_HOST header: 'www.wemisi.com'. You may need to add 'www.wemisi.com' to ALLOWED_HOSTS.
Traceback (most recent call last):
  File "/home/wemisico/virtualenv/wemisipy/3.13/lib/python3.13/site-packages/django/core/handlers/exception.py", line 55, in inner
    response = get_response(request)
  File "/home/wemisico/virtualenv/wemisipy/3.13/lib/python3.13/site-packages/django/utils/deprecation.py", line 133, in __call__
    response = self.process_request(request)
  File "/home/wemisico/virtualenv/wemisipy/3.13/lib/python3.13/site-packages/django/middleware/common.py", line 48, in process_request
    host = request.get_host()
  File "/home/wemisico/virtualenv/wemisipy/3.13/lib/python3.13/site-packages/django/http/request.py", line 150, in get_host
    raise DisallowedHost(msg)
django.core.exceptions.DisallowedHost: Invalid HTTP_HOST header: 'www.wemisi.com'. You may need to add 'www.wemisi.com' to ALLOWED_HOSTS.
Invalid HTTP_HOST header: 'www.wemisi.com'. You may need to add 'www.wemisi.com' to ALLOWED_HOSTS.
Traceback (most recent call last):
  File "/home/wemisico/virtualenv/wemisipy/3.13/lib/python3.13/site-packages/django/core/handlers/exception.py", line 55, in inner
    response = get_response(request)
  File "/home/wemisico/virtualenv/wemisipy/3.13/lib/python3.13/site-packages/django/utils/deprecation.py", line 133, in __call__
    response = self.process_request(request)
  File "/home/wemisico/virtualenv/wemisipy/3.13/lib/python3.13/site-packages/django/middleware/common.py", line 48, in process_request
    host = request.get_host()
  File "/home/wemisico/virtualenv/wemisipy/3.13/lib/python3.13/site-packages/django/http/request.py", line 150, in get_host
    raise DisallowedHost(msg)
django.core.exceptions.DisallowedHost: Invalid HTTP_HOST header: 'www.wemisi.com'. You may need to add 'www.wemisi.com' to ALLOWED_HOSTS.
Invalid HTTP_HOST header: 'www.wemisi.com'. You may need to add 'www.wemisi.com' to ALLOWED_HOSTS.
Traceback (most recent call last):
  File "/home/wemisico/virtualenv/wemisipy/3.13/lib/python3.13/site-packages/django/core/handlers/exception.py", line 55, in inner
    response = get_response(request)
  File "/home/wemisico/virtualenv/wemisipy/3.13/lib/python3.13/site-packages/django/utils/deprecation.py", line 133, in __call__
    response = self.process_request(request)
  File "/home/wemisico/virtualenv/wemisipy/3.13/lib/python3.13/site-packages/django/middleware/common.py", line 48, in process_request
    host = request.get_host()
  File "/home/wemisico/virtualenv/wemisipy/3.13/lib/python3.13/site-packages/django/http/request.py", line 150, in get_host
    raise DisallowedHost(msg)
django.core.exceptions.DisallowedHost: Invalid HTTP_HOST header: 'www.wemisi.com'. You may need to add 'www.wemisi.com' to ALLOWED_HOSTS.
Forbidden (Referer checking failed - no Referer.): /
Not Found: /wp-includes/wlwmanifest.xml
Not Found: /blog/wp-includes/wlwmanifest.xml
Not Found: /web/wp-includes/wlwmanifest.xml
Not Found: /wordpress/wp-includes/wlwmanifest.xml
Not Found: /website/wp-includes/wlwmanifest.xml
Not Found: /wp/wp-includes/wlwmanifest.xml
Not Found: /news/wp-includes/wlwmanifest.xml
Not Found: /2018/wp-includes/wlwmanifest.xml
Not Found: /2019/wp-includes/wlwmanifest.xml
Not Found: /shop/wp-includes/wlwmanifest.xml
Not Found: /wp1/wp-includes/wlwmanifest.xml
Not Found: /test/wp-includes/wlwmanifest.xml
Not Found: /media/wp-includes/wlwmanifest.xml
Not Found: /wp2/wp-includes/wlwmanifest.xml
Not Found: /site/wp-includes/wlwmanifest.xml
Not Found: /cms/wp-includes/wlwmanifest.xml
Not Found: /sito/wp-includes/wlwmanifest.xml
Not Found: /cart.html
Not Found: /apps
Not Found: /api/action
Not Found: /api/actions
Not Found: /_next/data
Forbidden (Referer checking failed - no Referer.): /
Not Found: /robots.txt
Not Found: /robots.txt
Not Found: /robots.txt
Not Found: /sitemap.xml
Not Found: /wp-sitemap.xml
Not Found: /sitemap_index.xml
Not Found: /robots.txt
Not Found: /robots.txt
Not Found: /robots.txt
Not Found: /robots.txt
Not Found: /robots.txt
Not Found: /robots.txt
Not Found: /robots.txt
Not Found: /robots.txt
Not Found: /robots.txt
Not Found: /robots.txt
Not Found: /robots.txt
Not Found: /robots.txt
Not Found: /robots.txt
Not Found: /esp.html
Not Found: /env.production
Not Found: /.env.save
Invalid HTTP_HOST header: 'www.wemisi.com'. You may need to add 'www.wemisi.com' to ALLOWED_HOSTS.
Traceback (most recent call last):
  File "/home/wemisico/virtualenv/wemisipy/3.13/lib/python3.13/site-packages/django/core/handlers/exception.py", line 55, in inner
    response = get_response(request)
  File "/home/wemisico/virtualenv/wemisipy/3.13/lib/python3.13/site-packages/django/utils/deprecation.py", line 133, in __call__
    response = self.process_request(request)
  File "/home/wemisico/virtualenv/wemisipy/3.13/lib/python3.13/site-packages/django/middleware/common.py", line 48, in process_request
    host = request.get_host()
  File "/home/wemisico/virtualenv/wemisipy/3.13/lib/python3.13/site-packages/django/http/request.py", line 150, in get_host
    raise DisallowedHost(msg)
django.core.exceptions.DisallowedHost: Invalid HTTP_HOST header: 'www.wemisi.com'. You may need to add 'www.wemisi.com' to ALLOWED_HOSTS.
Invalid HTTP_HOST header: 'www.wemisi.com'. You may need to add 'www.wemisi.com' to ALLOWED_HOSTS.
Traceback (most recent call last):
  File "/home/wemisico/virtualenv/wemisipy/3.13/lib/python3.13/site-packages/django/core/handlers/exception.py", line 55, in inner
    response = get_response(request)
  File "/home/wemisico/virtualenv/wemisipy/3.13/lib/python3.13/site-packages/django/utils/deprecation.py", line 133, in __call__
    response = self.process_request(request)
  File "/home/wemisico/virtualenv/wemisipy/3.13/lib/python3.13/site-packages/django/middleware/common.py", line 48, in process_request
    host = request.get_host()
  File "/home/wemisico/virtualenv/wemisipy/3.13/lib/python3.13/site-packages/django/http/request.py", line 150, in get_host
    raise DisallowedHost(msg)
django.core.exceptions.DisallowedHost: Invalid HTTP_HOST header: 'www.wemisi.com'. You may need to add 'www.wemisi.com' to ALLOWED_HOSTS.
Not Found: /_next
Not Found: /favicon.ico
Not Found: /wp-content/plugins/hellopress/wp_filemanager.php
Not Found: /amniotic.php
Not Found: /maghrib.php
Not Found: /byby.php
Not Found: /modules.php
Not Found: /home.php
Not Found: /guestbook.php
Not Found: /gastenboek.php
Not Found: /Guestbook.php
Not Found: /jax_guestbook.php
Not Found: /scarbook.php
Not Found: /gaestebuch.php
Not Found: /gb.php
Not Found: /wp-login.php
Not Found: /adminer-4.6.3.php
Not Found: /db.php
Not Found: /olux.php
Not Found: /indoxploit.php
Not Found: /up.php
Not Found: /upload.php
Not Found: /shell.php
Not Found: /adminer-4.6.2.php
Not Found: /adminer-4.6.1.php
Not Found: /adminer-4.6.0.php
Not Found: /adminer.php
Not Found: /adminer-4.5.0.php
Not Found: /adminer-4.4.0.php
Not Found: /adminer-4.3.1.php
Not Found: /adminer-4.3.0.php
Not Found: /adminer-4.2.5.php
Not Found: /adminer-4.2.4.php
Not Found: /adminer-4.2.3.php
Not Found: /adminer-4.2.2.php
Not Found: /adminer-4.2.1.php
Not Found: /adminer-4.2.0.php
Not Found: /adminer-4.1.0.php
Not Found: /adminer-4.0.3.php
Not Found: /adminer-4.0.2.php
Not Found: /adminer-4.0.1.php
Not Found: /adminer-4.0.0.php
Not Found: /adminer-3.7.1.php
Not Found: /adminer-3.7.0.php
Not Found: /adminer-3.6.4.php
Not Found: /adminer-3.6.3.php
Not Found: /adminer-3.6.2.php
Not Found: /adminer-3.6.1.php
Not Found: /adminer-3.6.0.php
Not Found: /ad.php
Not Found: /regpage.php
Not Found: /phpnet1.php
Not Found: /_next
Not Found: /autoload_classmap.php
Not Found: /post.php
Not Found: /1.php
Not Found: /flower.php
Not Found: /admin.php
Not Found: /file.php
Not Found: /meta.php
Not Found: /index.php
Not Found: /about.php
Not Found: /randkeyword.php
Not Found: /hehe.php
Not Found: /yindu.php
Not Found: /wp-admin/class-db.php
Not Found: /baxa1.phP8
Not Found: /baxa1.php
Not Found: /.well-known//index.php
Not Found: /libraries/phpmailer//index.php
Not Found: /wp-admin/autoload_classmap.php
Not Found: /wp-admin/css/colors/blue//1.php
Not Found: /wp-content/plugins//about.php
Not Found: /wp-content/plugins//index.php
Not Found: /wp-content/plugins/about.php
Not Found: /wp-content/uploads/BbUMY/flower.php
Not Found: /wp-includes/ID3//file.php
Not Found: /wp-includes/Text/Diff/Engine//about.php
Not Found: /wp-includes/Text/Diff/Engine//index.php
Not Found: /wp-includes/css//index.php
Not Found: /wp-includes/css//xc.php
Not Found: /wp-includes/images//about.php
Not Found: /wp-includes/images/crystal//index.php
Not Found: /wp//index.php
Not Found: /user.php
Not Found: /wp-2019.php
Not Found: /chosen.php
Not Found: /functions.php
Not Found: /cron.php
Not Found: /edit.php
Not Found: /gecko-new.php
Not Found: /cookie.php
Not Found: /spip.php
Not Found: /22.php
Not Found: /room.php
Not Found: /disagreed.php
Not Found: /text.php
Not Found: /alfa-rex.php
Not Found: /alfa-rex.php7
Not Found: /feeds.php
Not Found: /radio.php
Not Found: /dropdown.php
Not Found: /defaults.php
Not Found: /system.php
Not Found: /wp-includes/wlwmanifest.xml
Not Found: /blog/wp-includes/wlwmanifest.xml
Not Found: /web/wp-includes/wlwmanifest.xml
Not Found: /wordpress/wp-includes/wlwmanifest.xml
Not Found: /website/wp-includes/wlwmanifest.xml
Not Found: /wp/wp-includes/wlwmanifest.xml
Not Found: /news/wp-includes/wlwmanifest.xml
Not Found: /2018/wp-includes/wlwmanifest.xml
Not Found: /2019/wp-includes/wlwmanifest.xml
Not Found: /shop/wp-includes/wlwmanifest.xml
Not Found: /wp1/wp-includes/wlwmanifest.xml
Not Found: /test/wp-includes/wlwmanifest.xml
Not Found: /media/wp-includes/wlwmanifest.xml
Not Found: /wp2/wp-includes/wlwmanifest.xml
Not Found: /site/wp-includes/wlwmanifest.xml
Not Found: /cms/wp-includes/wlwmanifest.xml
Not Found: /sito/wp-includes/wlwmanifest.xml
Not Found: /robots.txt
Invalid HTTP_HOST header: 'www.wemisi.com'. You may need to add 'www.wemisi.com' to ALLOWED_HOSTS.
Traceback (most recent call last):
  File "/home/wemisico/virtualenv/wemisipy/3.13/lib/python3.13/site-packages/django/core/handlers/exception.py", line 55, in inner
    response = get_response(request)
  File "/home/wemisico/virtualenv/wemisipy/3.13/lib/python3.13/site-packages/django/utils/deprecation.py", line 133, in __call__
    response = self.process_request(request)
  File "/home/wemisico/virtualenv/wemisipy/3.13/lib/python3.13/site-packages/django/middleware/common.py", line 48, in process_request
    host = request.get_host()
  File "/home/wemisico/virtualenv/wemisipy/3.13/lib/python3.13/site-packages/django/http/request.py", line 150, in get_host
    raise DisallowedHost(msg)
django.core.exceptions.DisallowedHost: Invalid HTTP_HOST header: 'www.wemisi.com'. You may need to add 'www.wemisi.com' to ALLOWED_HOSTS.
Invalid HTTP_HOST header: 'www.wemisi.com'. You may need to add 'www.wemisi.com' to ALLOWED_HOSTS.
Traceback (most recent call last):
  File "/home/wemisico/virtualenv/wemisipy/3.13/lib/python3.13/site-packages/django/core/handlers/exception.py", line 55, in inner
    response = get_response(request)
  File "/home/wemisico/virtualenv/wemisipy/3.13/lib/python3.13/site-packages/django/utils/deprecation.py", line 133, in __call__
    response = self.process_request(request)
  File "/home/wemisico/virtualenv/wemisipy/3.13/lib/python3.13/site-packages/django/middleware/common.py", line 48, in process_request
    host = request.get_host()
  File "/home/wemisico/virtualenv/wemisipy/3.13/lib/python3.13/site-packages/django/http/request.py", line 150, in get_host
    raise DisallowedHost(msg)
django.core.exceptions.DisallowedHost: Invalid HTTP_HOST header: 'www.wemisi.com'. You may need to add 'www.wemisi.com' to ALLOWED_HOSTS.
Invalid HTTP_HOST header: 'www.wemisi.com'. You may need to add 'www.wemisi.com' to ALLOWED_HOSTS.
Traceback (most recent call last):
  File "/home/wemisico/virtualenv/wemisipy/3.13/lib/python3.13/site-packages/django/core/handlers/exception.py", line 55, in inner
    response = get_response(request)
  File "/home/wemisico/virtualenv/wemisipy/3.13/lib/python3.13/site-packages/django/utils/deprecation.py", line 133, in __call__
    response = self.process_request(request)
  File "/home/wemisico/virtualenv/wemisipy/3.13/lib/python3.13/site-packages/django/middleware/common.py", line 48, in process_request
    host = request.get_host()
  File "/home/wemisico/virtualenv/wemisipy/3.13/lib/python3.13/site-packages/django/http/request.py", line 150, in get_host
    raise DisallowedHost(msg)
django.core.exceptions.DisallowedHost: Invalid HTTP_HOST header: 'www.wemisi.com'. You may need to add 'www.wemisi.com' to ALLOWED_HOSTS.
Not Found: /robots.txt
Invalid HTTP_HOST header: 'www.wemisi.com'. You may need to add 'www.wemisi.com' to ALLOWED_HOSTS.
Traceback (most recent call last):
  File "/home/wemisico/virtualenv/wemisipy/3.13/lib/python3.13/site-packages/django/core/handlers/exception.py", line 55, in inner
    response = get_response(request)
  File "/home/wemisico/virtualenv/wemisipy/3.13/lib/python3.13/site-packages/django/utils/deprecation.py", line 133, in __call__
    response = self.process_request(request)
  File "/home/wemisico/virtualenv/wemisipy/3.13/lib/python3.13/site-packages/django/middleware/common.py", line 48, in process_request
    host = request.get_host()
  File "/home/wemisico/virtualenv/wemisipy/3.13/lib/python3.13/site-packages/django/http/request.py", line 150, in get_host
    raise DisallowedHost(msg)
django.core.exceptions.DisallowedHost: Invalid HTTP_HOST header: 'www.wemisi.com'. You may need to add 'www.wemisi.com' to ALLOWED_HOSTS.
Invalid HTTP_HOST header: 'www.wemisi.com'. You may need to add 'www.wemisi.com' to ALLOWED_HOSTS.
Traceback (most recent call last):
  File "/home/wemisico/virtualenv/wemisipy/3.13/lib/python3.13/site-packages/django/core/handlers/exception.py", line 55, in inner
    response = get_response(request)
  File "/home/wemisico/virtualenv/wemisipy/3.13/lib/python3.13/site-packages/django/utils/deprecation.py", line 133, in __call__
    response = self.process_request(request)
  File "/home/wemisico/virtualenv/wemisipy/3.13/lib/python3.13/site-packages/django/middleware/common.py", line 48, in process_request
    host = request.get_host()
  File "/home/wemisico/virtualenv/wemisipy/3.13/lib/python3.13/site-packages/django/http/request.py", line 150, in get_host
    raise DisallowedHost(msg)
django.core.exceptions.DisallowedHost: Invalid HTTP_HOST header: 'www.wemisi.com'. You may need to add 'www.wemisi.com' to ALLOWED_HOSTS.
Invalid HTTP_HOST header: 'www.wemisi.com'. You may need to add 'www.wemisi.com' to ALLOWED_HOSTS.
Traceback (most recent call last):
  File "/home/wemisico/virtualenv/wemisipy/3.13/lib/python3.13/site-packages/django/core/handlers/exception.py", line 55, in inner
    response = get_response(request)
  File "/home/wemisico/virtualenv/wemisipy/3.13/lib/python3.13/site-packages/django/utils/deprecation.py", line 133, in __call__
    response = self.process_request(request)
  File "/home/wemisico/virtualenv/wemisipy/3.13/lib/python3.13/site-packages/django/middleware/common.py", line 48, in process_request
    host = request.get_host()
  File "/home/wemisico/virtualenv/wemisipy/3.13/lib/python3.13/site-packages/django/http/request.py", line 150, in get_host
    raise DisallowedHost(msg)
django.core.exceptions.DisallowedHost: Invalid HTTP_HOST header: 'www.wemisi.com'. You may need to add 'www.wemisi.com' to ALLOWED_HOSTS.
Invalid HTTP_HOST header: 'www.wemisi.com'. You may need to add 'www.wemisi.com' to ALLOWED_HOSTS.
Traceback (most recent call last):
  File "/home/wemisico/virtualenv/wemisipy/3.13/lib/python3.13/site-packages/django/core/handlers/exception.py", line 55, in inner
    response = get_response(request)
  File "/home/wemisico/virtualenv/wemisipy/3.13/lib/python3.13/site-packages/django/utils/deprecation.py", line 133, in __call__
    response = self.process_request(request)
  File "/home/wemisico/virtualenv/wemisipy/3.13/lib/python3.13/site-packages/django/middleware/common.py", line 48, in process_request
    host = request.get_host()
  File "/home/wemisico/virtualenv/wemisipy/3.13/lib/python3.13/site-packages/django/http/request.py", line 150, in get_host
    raise DisallowedHost(msg)
django.core.exceptions.DisallowedHost: Invalid HTTP_HOST header: 'www.wemisi.com'. You may need to add 'www.wemisi.com' to ALLOWED_HOSTS.
Internal Server Error: /accounts/login/
Traceback (most recent call last):
  File "/home/wemisico/virtualenv/wemisipy/3.13/lib/python3.13/site-packages/django/core/handlers/exception.py", line 55, in inner
    response = get_response(request)
  File "/home/wemisico/virtualenv/wemisipy/3.13/lib/python3.13/site-packages/django/core/handlers/base.py", line 220, in _get_response
    response = response.render()
  File "/home/wemisico/virtualenv/wemisipy/3.13/lib/python3.13/site-packages/django/template/response.py", line 114, in render
    self.content = self.rendered_content
                   ^^^^^^^^^^^^^^^^^^^^^
  File "/home/wemisico/virtualenv/wemisipy/3.13/lib/python3.13/site-packages/django/template/response.py", line 90, in rendered_content
    template = self.resolve_template(self.template_name)
  File "/home/wemisico/virtualenv/wemisipy/3.13/lib/python3.13/site-packages/django/template/response.py", line 72, in resolve_template
    return select_template(template, using=self.using)
  File "/home/wemisico/virtualenv/wemisipy/3.13/lib/python3.13/site-packages/django/template/loader.py", line 47, in select_template
    raise TemplateDoesNotExist(", ".join(template_name_list), chain=chain)
django.template.exceptions.TemplateDoesNotExist: registration/login.html
Invalid HTTP_HOST header: 'www.wemisi.com'. You may need to add 'www.wemisi.com' to ALLOWED_HOSTS.
Traceback (most recent call last):
  File "/home/wemisico/virtualenv/wemisipy/3.13/lib/python3.13/site-packages/django/core/handlers/exception.py", line 55, in inner
    response = get_response(request)
  File "/home/wemisico/virtualenv/wemisipy/3.13/lib/python3.13/site-packages/django/utils/deprecation.py", line 133, in __call__
    response = self.process_request(request)
  File "/home/wemisico/virtualenv/wemisipy/3.13/lib/python3.13/site-packages/django/middleware/common.py", line 48, in process_request
    host = request.get_host()
  File "/home/wemisico/virtualenv/wemisipy/3.13/lib/python3.13/site-packages/django/http/request.py", line 150, in get_host
    raise DisallowedHost(msg)
django.core.exceptions.DisallowedHost: Invalid HTTP_HOST header: 'www.wemisi.com'. You may need to add 'www.wemisi.com' to ALLOWED_HOSTS.
Invalid HTTP_HOST header: 'www.wemisi.com'. You may need to add 'www.wemisi.com' to ALLOWED_HOSTS.
Traceback (most recent call last):
  File "/home/wemisico/virtualenv/wemisipy/3.13/lib/python3.13/site-packages/django/core/handlers/exception.py", line 55, in inner
    response = get_response(request)
  File "/home/wemisico/virtualenv/wemisipy/3.13/lib/python3.13/site-packages/django/utils/deprecation.py", line 133, in __call__
    response = self.process_request(request)
  File "/home/wemisico/virtualenv/wemisipy/3.13/lib/python3.13/site-packages/django/middleware/common.py", line 48, in process_request
    host = request.get_host()
  File "/home/wemisico/virtualenv/wemisipy/3.13/lib/python3.13/site-packages/django/http/request.py", line 150, in get_host
    raise DisallowedHost(msg)
django.core.exceptions.DisallowedHost: Invalid HTTP_HOST header: 'www.wemisi.com'. You may need to add 'www.wemisi.com' to ALLOWED_HOSTS.
Not Found: /robots.txt
Not Found: /robots.txt
Not Found: /.vscode/sftp.json
Not Found: /.ftpconfig
Not Found: /manager.php
Not Found: /bless.php
Not Found: /O-Simple.php
Not Found: /lock360.php
Not Found: /zwso.php
Not Found: /chosen.php
Not Found: /about.php
Not Found: /admin.php
Not Found: /.well-known/login.php
Not Found: /mah.php
Not Found: /core.php
Not Found: /robots.php
Not Found: /inputs.php
Not Found: /mini.php
Not Found: /goods.php
Not Found: /file5.php
Not Found: /ahax.php
Not Found: /f35.php
Not Found: /simple.php
Not Found: /update/f35.php
Not Found: /wp-content/hello.php
Not Found: /wp-admin/maint/bootstrap.php
Not Found: /themes/zMousse/otuz1.php
Not Found: /wp-content/edit-wolf.php
Not Found: /wp-admin/images/bootstrap.php
Not Found: /images/upload.php
Not Found: /wp-content/themes/pridmag/db.php
Not Found: /wp-content/plugins/linkpreview/db.php
Not Found: /modules/mod_simplefileuploadv1.3/elements/udd.php
Not Found: /wp-content/plugins/pwnd-1/pwnd.php
Not Found: /wp-admin/css/colors/midnight/admin.php
Not Found: /vendor/phpunit/phpunit/src/Util/PHP/kill.php
Not Found: /wp-includes/style-engine/worksec.php
Not Found: /wp-admin/images/wp-conflg.php
Not Found: /wp-content/plugins/core-plugin/include.php
Not Found: /wp-content/plugins/envato-css.php
Not Found: /classwithtostring.php
Not Found: /uploads/94056-upload.phtml
Not Found: /index/function.php
Not Found: /tinyfilemanager.php
Not Found: /js/bas.php
Not Found: /.well-known/pki-validation/moon.php
Not Found: /file.php
Not Found: /wp-includes/js/index.php
Not Found: /wp-content/upgrade/item.php
Not Found: /buy.php
Not Found: /wp-content/languages/wp-conflg.php
Not Found: /wp-content/themes/classwithtostring.php
Not Found: /wp-content/plugins/elementor/wp-wjvngrh.php
Not Found: /wp-includes/IXR/fix.php7
Not Found: /wp-includes/widgets/dyqvcfqv.php
Not Found: /wp-includes/images/smilies/about.php
Not Found: /wp-includes/js/crop/admin.php
Not Found: /wp-includes/PHPMailer/wp-conflg.php
Not Found: /wp-includes/PHPMailer/admin.php
Not Found: /wp-includes/widgets/wp-login.php
Not Found: /files/index.php
Not Found: /wp-includes/PHPMailer/options.php
Not Found: /inc.php
Not Found: /wp-content/index.php
Not Found: /filemanager.php
Not Found: /cgi-bin/bypass.php
Not Found: /.well-known/pki-validation/admin.php
Not Found: /wp-includes/IXR/admin.php
Not Found: /wp-admin/js/index.php
Not Found: /function.php
Not Found: /wp-includes/block-supports/autoload_classmap.php
Not Found: /wp-signup.php
Not Found: /wp-admin/network/network.php
Not Found: /wp-blog.php
Not Found: /wp-admin/file.php
Not Found: /wp-content/plugins/admin.php
Not Found: /wp-includes/blocks/table/int/tmpl/index.php
Not Found: /wp-l0gin.php
Not Found: /new.php
Not Found: /wp-content/plugins/pwnd-1/admin.php
Not Found: /wp-includes/defaults.php
Not Found: /images/DJP9.php
Not Found: /wp-includes/customize/index.php
Not Found: /wp-admin/shell20211028.php
Not Found: /natural.php
Not Found: /item.php
Not Found: /function/function.php
Not Found: /wp-includes/SimplePie/index.php
Not Found: /wp-admin/images/admin.php
Not Found: /wp-includes/theme-compat/about.php
Not Found: /about/function.php
Not Found: /wp-includes/Requests/index.php
Not Found: /wp-includes/ID3/about.php/wp-content/x/index.php
Not Found: /wp-includes/ID3/about.php
Not Found: /wp-content/languages/404.php
Not Found: /update/403.php
Not Found: /default.php
Not Found: /wp-includes/assets/info.php
Not Found: /wp-includes/class.api.php
Not Found: /wp-includes/fonts/index.php
Not Found: /wp-admin/chosen.php
Not Found: /autoload_classmap/bypass.php
Not Found: /dropdown.php
Not Found: /images/admin.php
Not Found: /db.php
Not Found: /.well-known/pki-validation/mariju.php
Not Found: /mah/function.php
Not Found: /wp-content/plugins/bypass.php
Not Found: /wp-includes/admin.php
Not Found: /wp-content/themes/tflow/up.php
Not Found: /wp-admin/function.php
Not Found: /templates/beez3/index.php
Not Found: /wp-admin/js/wp-login.php
Not Found: /install.php
Not Found: /wp-admin/css/colors/blue/rk2.php
Not Found: /images/class-config.php
Not Found: /components/com_jea/views/form/tmpl/size.php
Not Found: /templates/beez/index.php
Not Found: /bypass.php
Not Found: /class.php
Not Found: /wp-admin/css/colors/light/profile.php
Not Found: /wp-content/product.php
Not Found: /wp-content/uploads/autoload_classmap.php
Not Found: /vendor/phpunit/phpunit/src/Util/PHP/ask.php
Not Found: /wp-includes/rest-api/about.php
Not Found: /css/css.php
Not Found: /init.php
Not Found: /wp-admin/user/wp-login.php
Not Found: /autoload_classmap/function.php
Not Found: /wp-includes/item.php
Not Found: /assets/index.php
Not Found: /.well-known/pki-validation/index.php
Not Found: /wp-content/uploads/admin.php
Not Found: /css/admin.php
Not Found: /adminfuns.php
Not Found: /wp-admin/css/autoload_classmap.php
Not Found: /wp_wlx.php
Not Found: /wp-admin/js/wp-conflg.php
Not Found: /wp-includes/assets/husky301.php
Not Found: /wp.php
Not Found: /wp-admin/css/colors/blue/wp-trackback.php
Not Found: /wp-content/themes/chosen.php
Not Found: /wp-header.php
Not Found: /wp-content/themes/admin.php
Not Found: /Marvins.php
Not Found: /wp-content/about.php
Not Found: /wp-class.php
Not Found: /wp-includes/images/smilies/index.php
Not Found: /xx.php
Not Found: /autoload_classmap.php
Not Found: /wp-includes/classwithtostring.php
Not Found: /wp-content/blue.php
Not Found: /content.php
Not Found: /wp-content/uploads/about.php
Not Found: /wp-admin/wp-login.php
Not Found: /wp-includes/rest-api/endpoints/index.php
Not Found: /wp-content/languages/about.php
Not Found: /wp-content/plugins/wp-theme-editor/include.php
Not Found: /wp-content/plugins/up/main.php
Not Found: /fonts/fontawesome-webfont.php
Not Found: /wp-admin/wp-conflg.php
Not Found: /wp-admin/includes/about.php
Not Found: /wp-admin/css/colors/blue/index.php
Not Found: /images/images/about.php
Not Found: /images/class.php
Not Found: /wp-content/plugins/autoload_classmap.php
Not Found: /web.php
Not Found: /wp-admin/css/colors/ocean/about.php
Not Found: /images/index.php
Not Found: /wp-content/bypass.php
Not Found: /.well-known/gecko-litespeed.php
Not Found: /wp-admin/css/colors/midnight/install.php
Not Found: /wp-trackback.php
Not Found: /wp-includes/style-engine/bypass.php
Not Found: /radio.php
Not Found: /wp-admin/mah.php
Not Found: /wp-content/plugins/dummyyummy/wp-signup.php
Not Found: /wp-admin/css/colors/midnight/wp-login.php
Not Found: /wp-conflg.php
Not Found: /wp-setup.php
Not Found: /ms-themes.php
Not Found: /wp-includes/assets/about.php
Not Found: /style.php
Not Found: /wp-includes/infi.php
Not Found: /x.php
Not Found: /wp-includes/IXR/index.php
Not Found: /css/index.php
Not Found: /images/index22.php
Not Found: /wp-user.php
Not Found: /wp-includes/pomo/about.php
Not Found: /wp-includes/pomo/index.php
Not Found: /config.php
Not Found: /special.php
Not Found: /assets/script.js.php
Not Found: /wp-content/themes/twentytwentythree/patterns/index.php
Not Found: /wp-admin/css/colors/sunrise/colors_95.php
Not Found: /wp-includes/block-patterns/autoload_classmap.php
Not Found: /wp-content/uploads/wp.php
Not Found: /wp-includes/certificates/about.php
Not Found: /cgi-bin/class.api.php
Not Found: /wp-content/cache/index.php
Not Found: /wp-admin/css/colors/blue/file.php
Not Found: /wp-includes/edit.php
Not Found: /webdb.php
Not Found: /assets/images/doc.php
Not Found: /file2.php
Not Found: /wp-includes/ID3/wp-work.php
Not Found: /alfa.php
Not Found: /wp-admin/css/colors/blue/admin.php
Not Found: /wp-includes/click.php
Not Found: /.well-known/wp-conflg.php
Not Found: /wp-admin/css/colors/blue/atomlib.php
Not Found: /wp-admin/js/widgets/bypass.php
Not Found: /wp-includes/random_compat/chosen.php
Not Found: /wp-admin/index.php
Not Found: /edit.php
Not Found: /cgi-bin/autoload_classmap.php
Not Found: /wp-links-opml.php
Not Found: /wp-admin/user/network.php
Not Found: /atomlib.php
Not Found: /wp-includes/certificates/admin.php
Not Found: /wp-includes/images/media/dog.php
Not Found: /xp.php
Not Found: /wp-includes/SimplePie/applicationd.php
Not Found: /wp-includes/assets/index.php
Not Found: /wp-links.php
Not Found: /vendor/phpunit/phpunit/src/Util/PHP/as.php
Not Found: /wp-includes/css/index.php
Not Found: /wp-includes/ID3/index.php
Not Found: /wp-includes/pomo/admin.php
Not Found: /wp-includes/IXR/security.php
Not Found: /wp-content/plugins/phpadmin/as.php
Not Found: /wp-includes/Requests/autoload_classmap.php
Not Found: /wp-content/plugins/hello.php
Not Found: /wp-includes/fonts/about.php
Not Found: /moon.php
Not Found: /wp-admin/user/about.php
Not Found: /wp-admin/js/widgets/index.php
Not Found: /webadmin.php
Not Found: /wp-includes/PHPMailer/about.php
Not Found: /wp-admin/about.php
Not Found: /go.php
Not Found: /templates/beez3/bypass.php
Not Found: /wp-admin/css/colors/blue/ahax.php
Not Found: /.well-known/admin.php
Not Found: /wp-includes/assets/file.php
Not Found: /cgi-bin/index.php
Not Found: /wp-content/uploads/file.php
Not Found: /wp-content/plugins/view-more/ioxi.php
Not Found: /wp-includes/customize/dedi1.php
Not Found: /wp-includes/pomo/autoload_classmap.php
Not Found: /wp-admin/css/colors/index.php
Not Found: /warm.PhP7
Not Found: /wp-admin/admin.php
Not Found: /wp-includes/images/wp-login.php
Not Found: /wp-content/plugins/ioxi/ioxiworm.php
Not Found: /blog/wp-content/about.php
Not Found: /hehehehe.php
Not Found: /.well-known/acme-challenge/install.php
Not Found: /.well-known/acme-challenge/plugins.php
Not Found: /.well-known/acme-challenge/license.php
Not Found: /wp-content/themes/astra/inc/ki1k.php
Not Found: /wp-content/themes/astra/inc/fm.php
Not Found: /wp-content/plugins/ccx/index.php
Not Found: /wp-content/themes/index.php
Not Found: /wp-includes/Requests/about.php
Not Found: /wp-includes/css/dist/edit-widgets/index.php
Not Found: /wp-includes/css/dist/edit-widgets/about.php
Not Found: /wp-includes/Requests/src/Exception/Http/about.php
Not Found: /wp-includes/Text/Diff/Renderer/index.php
Not Found: /wp-includes/Text/Diff/index.php
Not Found: /wp-admin/css/colors/ocean/index.php
Not Found: /wp-includes/images/media/index.php
Not Found: /wp-includes/js/tinymce/skins/lightgray/img/index.php
Not Found: /wp-includes/js/tinymce/skins/lightgray/img/about.php
Not Found: /wp-includes/js/tinymce/skins/lightgray/img/wp-login.php
Not Found: /wp-admin/maint/themes.php
Not Found: /wp-content/plugins/seoplugins/index.php
Not Found: /wp-includes/fonts/themes.php
Not Found: /wp-content/themes/twentytwentytwo/assets/fonts/index.php
Not Found: /wp-includes/certificates/index.php
Not Found: /byp.php
Not Found: /blog/wp-includes/about.php
Not Found: /wp-includes/images/media/wp-login.php
Not Found: /blog/wp-admin/about.php
Not Found: /wp-content/themes/twentyfive/include.php
Not Found: /wp-includes/css/about.php
Not Found: /cgi-bin/install.php
Not Found: /class.api.php
Not Found: /wp-includes/certificates/wp-login.php
Not Found: /wp-content/radio.php
Not Found: /system_log.php
Not Found: /.alf.php
Not Found: /wp-includes/blocks/about.php
Not Found: /flower.php
Not Found: /wp-includes/wp-class.php
Not Found: /wp-admin/js/autoload_classmap.php
Not Found: /wp-content/1.php
Not Found: /ioxi-o.php
Not Found: /info.php
Not Found: /setup.php
Not Found: /.bod/.ll/ss.php
Not Found: /.well-known/radio.php
Not Found: /wp-content/plugin.php
Not Found: /wp-admin/css/colors/ectoplasm/about.php
Not Found: /as.php
Not Found: /cc.php
Not Found: /.well-known/index.php
Not Found: /ab.php
Not Found: /wp-content/themes/about.php
Not Found: /wp-content/themes/twentytwentytwo/index.php
Not Found: /doc.php
Not Found: /wp-includes/html-api/chosen.php
Not Found: /wp-includes/style-engine/autoload_classmap.php
Not Found: /wp-login.php
Not Found: /wp-includes/sitemaps/providers/index.php
Not Found: /wp-admin/css/wp-conflg.php
Not Found: /1.php
Not Found: /wp-includes/Text/Diff/Engine/index.php
Not Found: /wp-includes/style-engine/index.php
Not Found: /js/fm.php
Not Found: /wp-admin/images/index.php
Not Found: /wp-content/uploads/wp-conflg.php
Not Found: /wp-content/file.php
Not Found: /wp-includes/Text/Diff/Engine/about.php
Not Found: /fm.php
Not Found: /wp-admin/js/widgets/cloud.php
Not Found: /adminfuns.php7
Not Found: /wp-admin/images/about.php
Not Found: /ini.php
Not Found: /wp-admin/css/colors/coffee/cloud.php
Not Found: /wp-includes/blocks/calendar/index.php
Not Found: /wp-content/plugins/fix/up.php
Not Found: /.well-known/acme-challenge/atomlib.php
Not Found: /wp-admin/js/instaall.php
Not Found: /wp-includes/function.php
Not Found: /wp-includes/plugins.php
Not Found: /wp-content/plugins/atomlib.php
Not Found: /wp-content.php
Not Found: /wp-includes/css/chosen.php
Not Found: /wp-includes/Text/Diff/Renderer/about.php
Not Found: /wp-admin/network/index.php
Not Found: /wp-admin/css/colors/light/about.php
Not Found: /customize.php
Not Found: /license.php
Not Found: /wp-content/languages/autoload_classmap.php
Not Found: /lock.php
Not Found: /wp-admin/css/colors/blue/gold.php
Not Found: /wp-includes/atomlib.php
Not Found: /wp-includes/rest-api/index.php
Not Found: /.well-known/about.php
Not Found: /.well-known/wincust.php
Not Found: /wp-admin/css/colors/light/alfa-rex.php
Not Found: /wp-good.php
Not Found: /wp-includes/index.php
Not Found: /wp-includes/style-engine/wp-conflg.php
Not Found: /wp-includes/assets/autoload_classmap.php
Not Found: /wp-content/themes/twentytwentyfour/about.php
Not Found: /randkeyword.PhP7
Not Found: /wp-admin/js/widgets/about.php
Not Found: /fonts/database.php
Not Found: /ff2.php
Not Found: /wp-includes/SimplePie/Exception-wp.php
Not Found: /wp-admin/plugin.php
Not Found: /wp-includes/rest-api/autoload_classmap.php
Not Found: /jp.php
Not Found: /wp-atom.php
Not Found: /wp-admin/css/index.php
Not Found: /up.php
Not Found: /wp-content/uploads/bypass.php
Not Found: /assets/images/admin.php
Not Found: /wp-content/plugins/index.php
Not Found: /js/wp-login.php
Not Found: /simple/function.php
Not Found: /worm.PhP
Not Found: /ext.php
Not Found: /delpaths.php
Not Found: /.well-known/pki-validation/1.php
Not Found: /wp-includes/bk/index.php
Not Found: /wp-content/plugins/wp-login.php
Not Found: /.well-known/pki-validation/install.php
Not Found: /wp-admin/css/colors/sunrise/admin.php
Not Found: /gifclass.php
Not Found: /plugin.php
Not Found: /wp-content/themes/twentytwentyfour/bypass.php
Not Found: /update-core.php
Not Found: /wp-admin/css/colors/blue/about.php
Not Found: /wp-mail.php
Not Found: /wp-content/admin.php
Not Found: /wp-admin/defaults.php
Not Found: /.well-known/acme-challenge/content.php
Not Found: /wp-content/ALFA_DATA/alfacgiapi/bypass.php
Not Found: /wp-admin/maint/about.php
Not Found: /wp-admin/js/about.php
Not Found: /wp-admin/maint/maint.php
Not Found: /assets/bypass.php
Not Found: /aa.php
Not Found: /index2.php
Not Found: /wp-content/themes/hello-element/footer.php
Not Found: /wp-admin/network/admin.php
Not Found: /.well-known/pki-validation/2index.php
Not Found: /wp-content/languages/plugins.php
Not Found: /shell.php
Not Found: /.well-known/content.php
Not Found: /wp-includes/Text/about.php
Not Found: /wp-admin/network/atomlib.php
Not Found: /.well-known/install.php
Not Found: /hehe.php
Not Found: /wp-includes/fonts/autoload_classmap.php
Not Found: /css/slider.php
Not Found: /dir.php
Not Found: /wp-includes/css/atomlib.php
Not Found: /wp-content/style.php
Not Found: /libraries/phpmailer/updates.php
Not Found: /nf_tracking.php
Not Found: /wp-admin/css/about.php7
Not Found: /filefuns.php
Not Found: /.well-known/pki-validation/class_api.php
Not Found: /l.php
Not Found: /repeater.php
Not Found: /wp-includes/sitemaps/autoload_classmap.php
Not Found: /contacts.php
Not Found: /wsa.php
Not Found: /wp-includes/SimplePie/about.php
Not Found: /firewall.php7
Not Found: /wp-includes/sodium_compat/index.php
Not Found: /wp-content/uploads/content.php
Not Found: /lv.php
Not Found: /images/js1.php
Not Found: /wp-admin/maint/file.php
Not Found: /.well-known/acme-challenge/file.php
Not Found: /.well-known/acme-challenge/admin.php
Not Found: /wp-includes/images/autoload_classmap.php
Not Found: /wp-includes/ID3/wp-conflg.php
Not Found: /wp-admin/css/colors/blue/abc.php
Not Found: /wp-admin/maint/wonder.php
Not Found: /wp-content/themes/twentytwentyfour/wonder.php
Not Found: /wp-content/plugins/fix/as.php
Not Found: /tox.php
Not Found: /wp-content/languages/index.php
Not Found: /wp-includes/js/dist/default.php
Not Found: /wp-admin/css/colors/tfileman.php
Not Found: /tiny.php
Not Found: /wp-admin/js/widgets/autoload_classmap.php
Not Found: /themes.php
Not Found: /wp-themes.php
Not Found: /wp-includes/sodium_compat/src/index.php
Not Found: /wp-content/plugins/erinyani/asasx.php
Not Found: /mariju.php
Not Found: /waf_defender.php
Not Found: /wp-admin/maint/cong.php
Not Found: /av.php
Not Found: /wp-admin/css/glex.php
Not Found: /wp-admin/autoload_classmap.php
Not Found: /wp-includes/SimplePie/Parse/about.php
Not Found: /.well-known/acme-challenge/about.php
Not Found: /wp-content/themes/twentytwentyfour/system_cache.php
Not Found: /wp-content/themes/sky-pro/js.php
Not Found: /wp-includes/Text/wp-conflg.php
Not Found: /wp-content/themes/pridmag/waf_defender.php
Not Found: /theme.php
Not Found: /wp-content/themes/twentytwentytwo/waf_defender.php
Not Found: /wp-admin/css/colors/coffee/index.php
Not Found: /Simple.php
Not Found: /.well-known/acme-challenge/index.php
Not Found: /wp-admin/1.php
Not Found: /wp-admin/css/colors/ocean/wp-login.php
Not Found: /wp-content/plugins/wp-conflg.php
Not Found: /.well-known/classwithtostring.php
Not Found: /css/av.php
Not Found: /images/waf_defender.php
Not Found: /wp-includes/SimplePie/Cache/upfile.php
Not Found: /small.php
Not Found: /wp-includes/js/tinymce/plugins/fullscreen/about.php
Not Found: /NewFile.php
Not Found: /wp-content/uploads/index.php
Not Found: /error.php
Not Found: /wp-includes/widgets/class-wp-widget-search-function.php
Not Found: /wp-content/languages/themes/index.php
Not Found: /wp-files.php
Not Found: /functions.php
Not Found: /wp-includes/SimplePie/Canonical.php
Not Found: /vendor/phpunit/phpunit/src/Util/PHP/uss.php
Not Found: /wp-includes/certificates/autoload_classmap.php
Not Found: /aks.php
Not Found: /litespeed.php
Not Found: /img/about.php
Not Found: /wp-includes/class-feed-index.php
Not Found: /wpn.php
Not Found: /wp-content/classwithtostring.php
Not Found: /.well-known/acme-challenge/iR7SzrsOUEP.php
Not Found: /wp-includes/customize/class-wp-customize-nav-menu-section-boolean.php
Not Found: /wp-content/themes/twentytwentyfour/functions.php
Not Found: /wp-includes/db.php
Not Found: /wp-includes/class-wp-dependency-float.php
Not Found: /wp-includes/PHPMailer/index.php
Not Found: /wp-includes/PHPMailer/purna.php
Not Found: /wp-includes/interactivity-api/interactivity-api-class.php
Not Found: /wp-includes/l10n/class-wp-widddget-pages.php
Not Found: /tinyfilemanager/tinyfilemanager.php
Not Found: /wp-admin/css/colors/light/colors.min.php
Not Found: /wp-includes/customize/class-wp-customize-nav-menu-auto-add-control-repository.php
Not Found: /wp-includes/assets/script-loader-react-refresh-runtime.min-soap.php
Not Found: /wp-includes/ID3/module.audio-video.riff-set.php
Not Found: /fog/management/index.php
Not Found: /wp-includes/js/tinymce/utils/license.php
Not Found: /components/com_newsfeeds/models/indexx.php
Not Found: /images/wp-aespa.php
Not Found: /wp-includes/Text/options.php
Not Found: /.well-known/acme-challenge/wp-load.php
Not Found: /wp-content/upgrade/cc.php
Not Found: /wp-content/themes/aahana/worksec.php
Not Found: /anonse/lock360.php
Not Found: /wp-content/themes/bltm/wp-login.php
Not Found: /wp-admin/includes/class_api.php
Not Found: /plugins/content/apismtp/apismtp.php
Not Found: /wp-admin/includes/class-core-upgrader-first.php
Not Found: /wp-admin/css/wp-css.php
Not Found: /.well-known/save.php
Not Found: /wp-includes/feed-rsss.php
Not Found: /wp-includes/IXR/goto.php
Not Found: /wp-admin/css/colors/blue/xboom.php
Not Found: /uploads/af32.php
Not Found: /wp-content/themes/kadence/functions.php
Not Found: /Sanskrit.php
Not Found: /wp-fmfile.php
Not Found: /.trash7309/index.php
Not Found: /wp-content/plugins/revslider/includes/external/page/index.php
Not Found: /wp-content/plugins/ioxi/ioxi/dropdown.php
Not Found: /memberfuns.php
Not Found: /infos.php
Not Found: /modules/file.php
Not Found: /wp-content/x.php
Not Found: /wp-content/wp.php
Not Found: /options-writing.php
Not Found: /options-reading.php
Not Found: /wsad.php
Not Found: /nation.php
Not Found: /wp-includes/js/codemirror/index.php
Not Found: /wp-includes/wp_class_datlib.php
Not Found: /wp-includes/js/tinymce/langs/about.php
Not Found: /wp-atomx.php
Not Found: /admin-footer.php
Not Found: /wp-admin/maint/wp-conflg.php
Not Found: /XxX.php
Not Found: /wp-includes/SimplePie/Registry-private.php
Not Found: /wp-includes/assets/script-modules-packages.min-meta.php
Not Found: /wp-includes/widgets/bypass.php
Not Found: /wp-content/themes/twentytwentyfour/content-index.php
Not Found: /wp-content/themes/twentytwentyfour/system_cache.php%20
Not Found: /wp-admin/css/colors/modern/colors.css.php
Not Found: /wp-includes/style-engine/adminfus.php
Not Found: /css/media-widget-vide02.php
Not Found: /wp-includes/blocks/group/wp-style.php
Not Found: /images/buy.php
Not Found: /templates/beez3/av.php
Not Found: /wp-includes/widgets/class-wp-wolf-widget.php
Not Found: /wp-admin/css/colors/install.php
Not Found: /plugins/function.php
Not Found: /.well-known/header.php
Not Found: /wordpress/wp-content/uploads/install.php
Not Found: /.well-known/pki-validation/server.php
Not Found: /autoload_classmap/install.php
Not Found: /wp-content/uploads/anas.php
Not Found: /wp-admin/css/colors/blue/shell.php
Not Found: /wp-content/plugins/erinyani/default.php
Not Found: /wp-includes/Text/index.php
Not Found: /xex.php
Not Found: /ar/wp-content/themes/pridmag/db.php
Not Found: /wp-includes/about.php
Not Found: /upload/install.php
Not Found: /wp-head.php
Not Found: /vendor/phpunit/phpunit/src/Util/PHP/admin-footer.php
Not Found: /wp-content/upgrade/wp-conflg.php
Not Found: /makeasmtp.php
Not Found: /wp-includes/wp-sup.php
Not Found: /wordpress/wp-includes/class-wp-http-ixr-client-view.php
Not Found: /images/bypass.php
Not Found: /wp-includes/widgets/class-t.api.php
Not Found: /wp-content/edit.php
Not Found: /.well-known/info.php
Not Found: /wp-content/autoload_classmap.php
Not Found: /wp-admin/css/colors/blue/navi.php
Not Found: /wp-includes/css/dist/require-dynamic-blocks.php
Not Found: /xp.php%20
Not Found: /wp-content/languages/bypass.php
Not Found: /wp-content/bypass_1.php
Not Found: /wp-admin/js/elementskit.php
Not Found: /wp-includes/widgets/class-wp-widget-rss-database.php
Not Found: /.well-known/pki-validation/kur.php
Not Found: /click.php
Not Found: /wp-includes/class-wp-customize-manager-client.php
Not Found: /wp-includes/assets/script-modules-packages.min-boolean.php
Not Found: /wp-admin/css/colors/error.php
Not Found: /ALFA_DATA/alfacgiapi/all.php
Not Found: /wp-admin/images/autoload_classmap.php
Not Found: /.well-known/pki-validation/xmrlpc.php
Not Found: /wp-admin/maint/repairs.php
Not Found: /wp-includes/images/smilies/simi.php
Not Found: /wp-admin.php
Not Found: /wp-header.php%20
Not Found: /file.php%20
Not Found: /.tmb/doc.php
Not Found: /wp-editor.php
Not Found: /wp-includes/style-engine-session.php
Not Found: /images/install.php
Not Found: /vendor/phpunit/phpunit/src/Util/PHP/adminfusm.php
Not Found: /adminfusm.php
Not Found: /js/js1.php
Not Found: /wp-includes/assets/wp-includes/assets/script-loader-packages.min.php
Not Found: /wp-includes/blocks/file/wp-style.php
Not Found: /images/habhan.php
Not Found: /wp-content/mu-plugins/admin.php
Not Found: /wp-includes/IXR/class-IXR-cilent.php
Not Found: /wp-content/uploads/wp-cert.phtml
Not Found: /about/function.php%20
Not Found: /routes/bypass.php
Not Found: /wp-includes/images/install.php
Not Found: /wp-admin/js/widgets/doc.php
Not Found: /f35_SpaceTn.php
Not Found: /wp-admin/css/colors/sunrise/bypass.php
Not Found: /vendor/phpunit/phpunit/src/Util/PHP/fixed.php
Not Found: /wp-admin/js/widgets/themes.php
Not Found: /wp-content/plugins/fix/bypass.php
Not Found: /wp-includes/category-double.php
Not Found: /wp-admin/maint/admin.php
Not Found: /blog/signatur.php
Not Found: /wp-includes/assets/db.php
Not Found: /wp-includes/widgets/security.php
Not Found: /include/install.php
Not Found: /gm.php
Not Found: /wp-includes/class-wp-language-pack.php
Not Found: /js/content-type.php
Not Found: /wp-includes/class-walker-comment-client.php
Not Found: /about/goods.php
Not Found: /file/function.php
Not Found: /function/goods.php
Not Found: /vendor/phpunit/phpunit/src/Util/PHP/bypass.php
Not Found: /wp-content/upgrade/index.php
Not Found: /wp-includes/class-wp-network-query-stat.php
Not Found: /wp-content/themes/pridmag/db.php
Not Found: /plugin-install.php
Not Found: /wp-includes/class-wp-session-tokens-https.php
Not Found: /wp-admin/js/load.php
Not Found: /images/firewall.php7
Not Found: /wp-includes/images/crystal/lrs_dage.php
Not Found: /wp-content/upgrade/pdf.php
Not Found: /wp-includes/as.php
Not Found: /wp-content/item.php
Not Found: /wp-includes/certificates/wp-conflg.php
Not Found: /wp-includes/install.php
Not Found: /wp-includes/customize/db.php
Not Found: /css/fan.php
Not Found: /wp-admin/css/colors/blue/colors.php
Not Found: /images/mah.php
Not Found: /wp-content/waf_defender.php
Not Found: /wp-admin/css/colors/ectoplasm/content.php
Not Found: /wp-content/install.php
Not Found: /wp-includes/js/thickbox/about.php
Not Found: /wp-content/content.php
Not Found: /wp-content/themes/twentytwentyfour/icascreenshots.php
Not Found: /wp-content/upgrade/bypass.php
Not Found: /wp-includes/rk2.php
Not Found: /wp-admin/css/colors/ocean/alam.php
Not Found: /.well-known/index.php
Not Found: /b.php
Not Found: /wp-includes/certificates/past.php
Not Found: /wp-content/uploads/2021/faiyy.php
Not Found: /css/as.php
Not Found: /wp-includes/edit-tags.php
Not Found: /wsax.php
Not Found: /bless.php%20
Not Found: /wp-content/uploads/system_cache.php
Not Found: /templates/beez3/dbcthbohhr.php
Not Found: /vendor/phpunit/phpunit/src/Util/PHP/files.php
Not Found: /wp-content/themes/tflow/admin-footer.php
Not Found: /wp-includes/css/dist/footer-default.php
Not Found: /wp-content/plugins/about.php
Not Found: /wp-includes/widgets/class-wp-widget-meta-request.php
Not Found: /wp-includes/css/dist/edit-widgets/bypass.php
Not Found: /.well-known/pki-validation/webdb.php
Not Found: /wp-includes/l10n/wp-login.php
Not Found: /wp-admin/js/admin.php
Not Found: /wp-admin/js/widgets/item.php
Not Found: /uploads/xsec.php
Not Found: /images/Marvins.php
Not Found: /wp-content/plugins/pwnd-1/kurd.php
Not Found: /wp-content/themes/tflow/install.php
Not Found: /wp-content/languages/radio.php
Not Found: /wp-content/uploads/fileman.php
Not Found: /wp-includes/widgets/wp-ss.php
Not Found: /wp-includes/IXR/xsec1.php
Not Found: /admin.php%20
Not Found: /wp-admin/css/colors/hong1.php
Not Found: /wp-admin/maint/byps.php
Not Found: /wp-includes/images/crystal/sad.php
Not Found: /wp-includes/assets/script-loader-packages.min.php
Not Found: /wp-content/themes/twentytwentyfour/patterns/content-type.php
Not Found: /wp-admin/network/class.php
Not Found: /wp-includes/class-phpmailer-beta.php
Not Found: /wp-includes/ms-file.php
Not Found: /.well-known/acme-challenge/wp-login.php
Not Found: /wp-includes/widgets/av.php
Not Found: /images/news_event/1.php7
Not Found: /chosen.php%20
Not Found: /bs1.php
Not Found: /wp-includes/autoload_classmap.php
Not Found: /wp-includes/network.php
Not Found: /page.php
Not Found: /wp-content/uploads/chosen.php
Not Found: /wp-content/admin-footer.php
Not Found: /modules/mod_simplefileuploadv1.3/elements/admin-footer.php
Not Found: /assets/info.php
Not Found: /wp-includes/SimplePie/XML/content.php
Not Found: /wp-includes/pomo/item.php
Not Found: /wp-content/1.php%20
Not Found: /wp-admin/css/colors/blue/wp-atom.php
Not Found: /wp-includes/pomo/plugins.php
Not Found: /wp-includes/assets/install.php
Not Found: /.well-known/acme-challenge/gecko-old.php
Not Found: /wp-admin/css/wp-login.php
Not Found: /images/autoload_classmap.php
Not Found: /wp-includes/widgets/class-wp-nav-widgets.php
Not Found: /x/test.php
Not Found: /wp-content/themes/wp-pridmag/init.php
Not Found: /wp-admin/install.php
Not Found: /wp-admin/css/install.php
Not Found: /wp-includes/sitemaps/providers/doc.php
Not Found: /ws.php
Not Found: /wp-includes/rest-api/1.php
Not Found: /wp-includes/fonts/class_api.php
Not Found: /shop.php
Not Found: /wp-content/plugins/pwnd-1/dedi1.php
Not Found: /wp-admin/js/widgets/setting.php
Not Found: /wp-includes/images/smilies/admin.php
Not Found: /wp-admin/css/colors/light/as.php
Not Found: /wp-admin/user/header.php
Not Found: /wp-includes/IXR/about.php
Not Found: /wp-api.php
Not Found: /vendor/phpunit/phpunit/src/Util/PHP/install.php
Not Found: /css.php
Not Found: /vendor/phpunit/phpunit/src/Util/PHP/db.php
Not Found: /wp-includes/class-wp-customize-manager-interpreter.php
Not Found: /wp-includes/bypass.php
Not Found: /images/fm.php7
Not Found: /wp-includes/count.php
Not Found: /wp-error_log.php
Not Found: /assets/class_update_plugins.php
Not Found: /wp-admin/network/av.php
Not Found: /templates/beez5/error.php
Not Found: /wp-admin/network/admin-footer.php
Not Found: /js/firewall.php7
Not Found: /wp-includes/certificates/chosen.php
Not Found: /assets/about.php
Not Found: /wp-admin/js/file/incpb.php
Not Found: /wp-includes/theme-compat/footer-embed-function.php
Not Found: /wp-includes/firewall.php7
Not Found: /home/O-Simple.php
Not Found: /wp-includes/l10n/class-wp-translation-file-mo-event.php
Not Found: /wp-includes/vars-soap.php
Not Found: /wp-content/themes/twentytwentytwo/av.php
Not Found: /style.php%20
Not Found: /files.php
Not Found: /wp-content/themes/av.php
Not Found: /wp-admin/css/about.php
Not Found: /saka.phP7
Not Found: /wp-includes/id3/wp-work.php
Not Found: /baxa1.php7
Not Found: /wp-includes/class-wp-taxonomy.editor.php
Not Found: /wp-includes/js/wp-conflg.php
Not Found: /blog.php
Not Found: /about/install.php
Not Found: /wp-content/themes/pridmag/bypass.php
Not Found: /wp-admin/network/chosen.php
Not Found: /images/av.php
Not Found: /wp-includes/interactivity-api/interactivity-api-xml.php
Not Found: /js/mrx.php
Not Found: /wp-includes/colour.php
Not Found: /elp.php
Not Found: /wp-includes/customize/class-wp-customize-background-position-control-variable.php
Not Found: /wp-includes/images/include.php
Not Found: /wp-content/themes/av.php.php
Not Found: /wp-content/plugins/pwnd-1/install.php
Not Found: /wp-includes/js/imgareaselect/wp-login.php
Not Found: /upload/bilder/cong.php
Not Found: /fonts/install.php
Not Found: /wp-admin/css/colors/blue/pass.php
Not Found: /entrepreneuse.php
Not Found: /wp-includes/l10n/class-wp-translations-interface.php
Not Found: /wp-includes/assets/about5.php
Not Found: /wp-admin/maint/lint-branch.php
Not Found: /wp-content/cong.php
Not Found: /js/db.php
Not Found: /.well-known/buy.php
Not Found: /index/install.php
Not Found: /wp-includes/ID3/db.php
Not Found: /function/install.php
Not Found: /wp-content/themes/tflow/av.php
Not Found: /wp-includes/js/dist/bypass.php
Not Found: /testt.php
Not Found: /wp-content/uploads/goods.php
Not Found: /wp-admin/js/sad.php
Not Found: /wp-includes/sitemaps/wp-conflg.php
Not Found: /wp-includes/assets/wp-includes/assets/script-loader-packages.php
Not Found: /web/function.php
Not Found: /wp-includes/SimplePie/login.php
Not Found: /network.php
Not Found: /wp-admin/css/colors/blue/alfa.php
Not Found: /wp-includes/sitemaps/chosen.php
Not Found: /wikindex.php
Not Found: /wp-includes/SimplePie/Cache/index.php
Not Found: /wp-includes/css/dist/about.php
Not Found: /wp-content/as.php
Not Found: /wp-includes/customize/about.php
Not Found: /wp-includes/js/simi.php
Not Found: /wp-admin/images/chosen.php
Not Found: /wp-admin/css/colors/gold.php
Not Found: /wp-includes/Requests/Text/index.php
Not Found: /wp-content/mu-plugins/index.php
Not Found: /wp-includes/sitemaps/abcd.php
Not Found: /wp-includes/ID3/rk2.php
Not Found: /wp-includes/widgets/class-wp-widget-search-interpreter.php
Not Found: /wp-admin/css/chosen.php
Not Found: /bitrix/admin/htmleditor2/natural.php
Not Found: /wp-includes/block-template-utils-other.php
Not Found: /wp-content/alam.php
Not Found: /css/adminfusm.php
Not Found: /wp-includes/sodium_compat/lib/widget-group.php
Not Found: /wp-content/raw.php
Not Found: /wp-includes/js/jcrop/about.php
Not Found: /wp-admin/includes/admin.php
Not Found: /wp-includes/customize/chosen.php
Not Found: /wp-content/uploads/2021/wp-works.php
Not Found: /wp-admin/media-new.php
Not Found: /media-new.php
Not Found: /js/class_api.php
Not Found: /wp-content/uploads/2021/themes.php
Not Found: /wp-includes/plugin.php
Not Found: /wp-includes/class-wp-scripts-query.php
Not Found: /wp-admin/js/item.php
Not Found: /pages.php
Not Found: /wp-includes/ID3/module.audio-license.php
Not Found: /wp-content/themes/classwithtostring.php%20
Not Found: /uploads/function.php
Not Found: /assets/js/doc.php
Not Found: /assets/comfunctions.php
Not Found: /wp-includes/class-wp-error-module.php
Not Found: /css/adminfus.php
Not Found: /adminfus.php
Not Found: /wp-includes/css/litespeed.php
Not Found: /images/as.php
Not Found: /wp-admin/setup-config.php
Not Found: /wp-includes/css/dist/alam.php
Not Found: /cong.php
Not Found: /wp-includes/block-bindings/imagess.php
Not Found: /wp-includes/default-filters-edit.php
Not Found: /css/install.php
Not Found: /assets/av.php
Not Found: /autoload_classmap/about.php
Not Found: /wp-configs.php
Not Found: /wp-includes/Requests/Auth/index.php
Not Found: /wp-admin/js/widgets/bless2.php
Not Found: /wp-admin/network/about.php
Not Found: /wp-admin/item.php
Not Found: /wp-includes/Text/Diff/Engine/theme.php
Not Found: /.well-known/acme-challenge/mah.php
Not Found: /wp-includes/ID3/shell.php
Not Found: /wp-includes/customize/class-wp-customize-selective-refresh-library.php
Not Found: /ms-users.php
Not Found: /wp-admin/js/cc.php
Not Found: /wp-includes/Requests/library/wp-login.php
Not Found: /wp-includes/interactivity-api/about.php
Not Found: /css/file.php
Not Found: /wp-content/plugins/classic-editor/alam.php
Not Found: /wordpress/wp-admin/includes/wordpress/wp-admin/includes/admin-filters.php
Not Found: /assets/content.php
Not Found: /fm.php%20
Not Found: /wp-content/goods.php
Not Found: /wp-includes/wp-2019.php
Not Found: /wp-includes/SimplePie/info.php
Not Found: /assets/images/cloud.php
Not Found: /wp-includes/log.php
Not Found: /wp-includes/assets/script-loader-react-refresh-runtime-num.php
Not Found: /wp-includes/assets/script-loader-react-refresh-entry.min-object.php
Not Found: /wp-includes/aw.php
Not Found: /update/gely.php
Not Found: /wp-content/themes/pridmag/admin-footer.php
Not Found: /uploads/lala.php
Not Found: /wp-includes/IXR/db.php
Not Found: /wp-includes/css/install.php
Not Found: /wp-content/plugins/wp-theme-editor/include.php%20
Not Found: /top.php
Not Found: /wp-includes/css/dist/install.php
Not Found: /wp-includes/style-engine/dedi1.php
Not Found: /wp-admin/css/adminfusm.php
Not Found: /wp-content/click.php
Not Found: /wp-includes/template-less.php
Not Found: /wp-includes/pomo/alfa-rex.php
Not Found: /vendor/phpunit/phpunit/src/Util/PHP/abcd.php
Not Found: /wp-admin/css/colors/blue/admin-footer.php
Not Found: /retu11.PhP7
Not Found: /wp-content/themes/twentytwentytwo/bypass.php
Not Found: /wp-admin/css/elementskit.php
Not Found: /js/1.php7
Not Found: /wp-content/themes/twentytwentyfour/install.php
Not Found: /wp-includes/assets/min.php
Not Found: /wp-includes/wp-conflg.php
Not Found: /backup/autoload_classmap.php
Not Found: /wp-content/uploads/uploads.php
Not Found: /wp-includes/file.php
Not Found: /wp-content/themes.php
Not Found: /wp-includes/block-patterns/about.php
Not Found: /worm0.PhP7
Not Found: /wp-includes/load.php
Not Found: /wp-includes/ID3/chosen.php
Not Found: /wp-includes/class-wp-theme-float.php
Not Found: /wp-content/plugins/core-plugin/waf_defender.php
Not Found: /wp-content/themes/twentytwentytwo/as.php
Not Found: /wp-includes/widgets/wp-style.php
Not Found: /setup-config.php
Not Found: /wp-includes/widgets/autoload_classmap.php
Not Found: /wp-content/uploads/install.php
Not Found: /img/prettyPhoto/dark_square/install.php
Not Found: /type.php
Not Found: /wp-includes/block-bindings/admin.php
Not Found: /wp-includes/PHPMailer/autoload_classmap.php
Not Found: /as/function.php
Not Found: /wp-includes/theme-compat/db.php
Not Found: /wp-admin/maint/flex.php
Not Found: /css/about.php
Not Found: /css/hekokstyle.php
Not Found: /wp-admin/user/file.php
Not Found: /files/shares/403ws.php
Not Found: /goat.php
Not Found: /images/fix.php7
Not Found: /wp-content/themes/tflow/adminfus.php
Not Found: /files.php%20
Not Found: /wp-includes/assets/system.php
Not Found: /wp-includes/l10n/class-wp-translations-library.php%20
Not Found: /wp-includes/block-bindings/about.php
Not Found: /images/file.php
Not Found: /wp-content/plugins/linkpreview/av.php
Not Found: /wp-includes/customize/class-wp-customize-upload-control-cookie.php
Not Found: /wp-includes/ID3/simi.php
Not Found: /wp-includes/class-wp-taxonomy-sample.php
Not Found: /img/chat-search.php
Not Found: /wp-includes/css/dist/
Not Found: /wp-includes/js/dist/
Not Found: /wp-includes/assets/
Not Found: /wp-includes/sitemaps/
Not Found: /wp-content/plugins/erinyani/
Not Found: /wp-includes/l10n/
Not Found: /wp-content/uploads/2023/11/
Not Found: /wp-includes/sodium_compat/lib/
Not Found: /wp-includes/blocks/file/
Not Found: /wp-includes/images/
Not Found: /wp-includes/block-bindings/
Not Found: /wp-content/
Not Found: /wp-includes/widgets/
Not Found: /wp-admin/network/
Not Found: /wp-admin/css/colors/sunrise/
Not Found: /wp-includes/theme-compat/
Not Found: /wp-content/plugins/ioxi/ioxi/
Not Found: /wp-includes/id3/
Not Found: /wp-includes/blocks/query/
Not Found: /wp-includes/js/tinymce/langs/
Not Found: /wp-admin/css/colors/ectoplasm/
Not Found: /wp-includes/blocks/group/
Not Found: /wp-content/themes/twentytwentyfour/
Not Found: /wp-includes/interactivity-api/
Not Found: /wp-includes/wp-class.php/wp-content/themes/travelscape/
Not Found: /wp-content/upgrade/
Not Found: /wp-admin/js/dist/
Not Found: /assets/css/dist/
Not Found: /wp-includes/js/jquery/
Not Found: /wp-includes/Requests/
Not Found: /wp-admin/js/widgets/
Not Found: /wp-content/plugins/wp-file-manager/admin/
Not Found: /wp-admin/js/widget/
Not Found: /vendor/phpunit/phpunit/src/Util/PHP/
Not Found: /wp-content/uploads/
Not Found: /wp-content/themes/tflow/
Not Found: /wp-admin/
Not Found: /wordpress/wp-admin/includes
Not Found: /wp-admin/js/
Not Found: /ALFA_DATA/
Not Found: /wp-admin/css/colors/
Not Found: /wp-includes/css/
Not Found: /wp-includes/ID3
Not Found: /wp-includes/blocks/
Not Found: /wp-includes/certificates/
Not Found: /wp-admin/images/
Not Found: /wp-admin/maint/
Not Found: /wp-admin/meta/
Not Found: /wp-admin/user/
Not Found: /wp-content/uploads/ao_ccss/
Not Found: /wp-content/uploads/2021/
Not Found: /wp-content/plugins/elementor/
Not Found: /wp-content/mu-plugins/
Not Found: /upload/image/
Not Found: /wordpress/wp-content/uploads/
Not Found: /wordpress/wp-includes/
Not Found: /blog/wp-includes/
Not Found: /sites/default/files/
Not Found: /Admin/uploads/
Not Found: /administrator/
Not Found: /ALFA_DATA/alfacgiapi/
Not Found: /assets/
Not Found: /cgi-bin/
Not Found: /components/
Not Found: /home/
Not Found: /include/
Not Found: /modules/
Not Found: /modules/mod_simplefileuploadv1.3/elements/
Not Found: /mt/
Not Found: /site/wp-includes/
Not Found: /tmps/
Not Found: /wordpress/wp-admin/includes/wp-admin/js/
Not Found: /wp-admin/css/colors/light/
Not Found: /wp-admin/css/colors/midnight/
Not Found: /wp-admin/css/colors/modern/
Not Found: /wp-admin/css/colors/ocean/
Not Found: /wp-content/languages/
Not Found: /wp-content/uploads/2022/
Not Found: /wp-content/uploads/2023/
Not Found: /wp-content/uploads/2024/
Not Found: /wp-includes/wp-includes/
Not Found: /wp-includes/ID3/
Not Found: /wp-includes/ID3/wp-includes/IXR/
Not Found: /wp-includes/images/crystal/
Not Found: /wp-includes/images/media/
Not Found: /wp-includes/images/smilies/
Not Found: /wp-includes/images/wlw/
Not Found: /wp-includes/js/codemirror/
Not Found: /wp-includes/js/plupload/
Not Found: /wp-includes/PHPMailer/
Not Found: /wp-includes/sitemaps/providers/
Not Found: /cache-wordpress/
Not Found: /wp-content/ALFA_DATA/alfacgiapi/
Not Found: /wp-content/plugins/linkpreview/
Not Found: /wp-content/plugins/aryabot/
Not Found: /wp-content/plugins/BrutalShell/
Not Found: /wp-content/plugins/cache-wordpress/
Not Found: /wp-content/plugins/cakil/
Not Found: /wp-content/plugins/cekidot/
Not Found: /wp-content/plugins/db/
Not Found: /wp-content/plugins/home/
Not Found: /wp-content/plugins/limit/
Not Found: /wp-content/plugins/owfsmac/
Not Found: /wp-content/plugins/prenota/
Not Found: /wp-content/plugins/random/
Not Found: /wp-content/plugins/Uwogh-Segs/
Not Found: /wp-content/plugins/wp-diambar/includes/
Not Found: /wp-content/plugins/wp-freeform/
Not Found: /wp-content/plugins/wp-hps/sh/
Not Found: /wp-content/plugins/wpeazvp/
Not Found: /wp-content/plugins/zaen/includes/
Not Found: /wp-content/uploads/revslider/templates/immersion-photography/
Not Found: /patriotic/wp-includes/images/smilies/
Not Found: /wp-includes/js/tinymce/plugins/fullscreen/
Not Found: /wp-content/themes/alera/
Not Found: /wp-content/themes/rishi/
Not Found: /wp-content/themes/sketch/
Not Found: /wp-content/themes/thuoc-nam/
Not Found: /wp-content/themes/twentyfive/
Not Found: /wp-content/themes/wp-pridmag/
Not Found: /wp-content/themes/pridmag/
Not Found: /wp-content/themes/zakra/
Not Found: /wp-content/uploads/simple-file-list/
Not Found: /wp-admin/css/colors/blue/
Not Found: /up/.well-known/
Not Found: /images/
Not Found: /css/
Not Found: /wp-admin/css/
Not Found: /wp-includes/js/
Not Found: /wp-includes/SimplePie/XML/
Not Found: /wp-content/uploads/wpr-addons/forms/
Not Found: /wordpress/wp-admin/includes/
Not Found: /wp-includes/
Not Found: /wp-includes/IXR/
Not Found: /wp-includes/SimplePie/
Not Found: /wp-includes/Text/
Not Found: /wp-includes/Text/Diff/Renderer/
Not Found: /wp-includes/customize/
Not Found: /wp-includes/fonts/
Not Found: /wp-includes/pomo/
Not Found: /wp-includes/rest-api/
Not Found: /wp-content/plugins/
Not Found: /about/
Not Found: /plugins/jquery.filer/uploads/
Not Found: /wp-content/plugins/dummyyummy/
Not Found: /wp-content/themes/seotheme/
Not Found: /wp-content/plugins/core/
Not Found: /wp-content/plugins/revslider/includes/external/page/
Not Found: /wp-content/plugins/Cache/
Not Found: /wp-content/themes/
Not Found: /wp-content/plugins/seoplugins/
Not Found: /fonts/
Not Found: /js/
Not Found: /routes/
Not Found: /uploads/
Not Found: /templates/beez3/
Not Found: /wp-content/themes/digital-download/
Not Found: /wp-content/plugins/wp-theme-editor/
Not Found: /templates/atomic/
Not Found: /wp-includes/js/jcrop/
Not Found: /wp-content/plugins/google-seo-rank/
Not Found: /wp-content/plugins/erin/
Not Found: /wp-content/maintenance/
Not Found: /wp-content/x/
Not Found: /wp-content/plugins/seooyanz/
Not Found: /wp-content/themes/sky-pro/
Not Found: /wp-content/plugins/cp-pro/
Not Found: /ALFA_DATA/alfacgiapi/perl.alfa
Not Found: /wp-content/uploads/typehub/custom/
Not Found: /wp-content/plugins/rencontre/inc/photo_import/
Not Found: /wp-content/plugins/backup-backup/includes/
Not Found: /wp-content/plugins/pwnd-1/
Not Found: /.tmb/
Not Found: /wp-content/plugins/fix/
Not Found: /includes/
Not Found: /themes/pridmag/
Invalid HTTP_HOST header: 'www.wemisi.com'. You may need to add 'www.wemisi.com' to ALLOWED_HOSTS.
Traceback (most recent call last):
  File "/home/wemisico/virtualenv/wemisipy/3.13/lib/python3.13/site-packages/django/core/handlers/exception.py", line 55, in inner
    response = get_response(request)
  File "/home/wemisico/virtualenv/wemisipy/3.13/lib/python3.13/site-packages/django/utils/deprecation.py", line 133, in __call__
    response = self.process_request(request)
  File "/home/wemisico/virtualenv/wemisipy/3.13/lib/python3.13/site-packages/django/middleware/common.py", line 48, in process_request
    host = request.get_host()
  File "/home/wemisico/virtualenv/wemisipy/3.13/lib/python3.13/site-packages/django/http/request.py", line 150, in get_host
    raise DisallowedHost(msg)
django.core.exceptions.DisallowedHost: Invalid HTTP_HOST header: 'www.wemisi.com'. You may need to add 'www.wemisi.com' to ALLOWED_HOSTS.
Invalid HTTP_HOST header: 'www.wemisi.com'. You may need to add 'www.wemisi.com' to ALLOWED_HOSTS.
Traceback (most recent call last):
  File "/home/wemisico/virtualenv/wemisipy/3.13/lib/python3.13/site-packages/django/core/handlers/exception.py", line 55, in inner
    response = get_response(request)
  File "/home/wemisico/virtualenv/wemisipy/3.13/lib/python3.13/site-packages/django/utils/deprecation.py", line 133, in __call__
    response = self.process_request(request)
  File "/home/wemisico/virtualenv/wemisipy/3.13/lib/python3.13/site-packages/django/middleware/common.py", line 48, in process_request
    host = request.get_host()
  File "/home/wemisico/virtualenv/wemisipy/3.13/lib/python3.13/site-packages/django/http/request.py", line 150, in get_host
    raise DisallowedHost(msg)
django.core.exceptions.DisallowedHost: Invalid HTTP_HOST header: 'www.wemisi.com'. You may need to add 'www.wemisi.com' to ALLOWED_HOSTS.
Invalid HTTP_HOST header: 'www.wemisi.com'. You may need to add 'www.wemisi.com' to ALLOWED_HOSTS.
Traceback (most recent call last):
  File "/home/wemisico/virtualenv/wemisipy/3.13/lib/python3.13/site-packages/django/core/handlers/exception.py", line 55, in inner
    response = get_response(request)
  File "/home/wemisico/virtualenv/wemisipy/3.13/lib/python3.13/site-packages/django/utils/deprecation.py", line 133, in __call__
    response = self.process_request(request)
  File "/home/wemisico/virtualenv/wemisipy/3.13/lib/python3.13/site-packages/django/middleware/common.py", line 48, in process_request
    host = request.get_host()
  File "/home/wemisico/virtualenv/wemisipy/3.13/lib/python3.13/site-packages/django/http/request.py", line 150, in get_host
    raise DisallowedHost(msg)
django.core.exceptions.DisallowedHost: Invalid HTTP_HOST header: 'www.wemisi.com'. You may need to add 'www.wemisi.com' to ALLOWED_HOSTS.
Invalid HTTP_HOST header: 'www.wemisi.com'. You may need to add 'www.wemisi.com' to ALLOWED_HOSTS.
Traceback (most recent call last):
  File "/home/wemisico/virtualenv/wemisipy/3.13/lib/python3.13/site-packages/django/core/handlers/exception.py", line 55, in inner
    response = get_response(request)
  File "/home/wemisico/virtualenv/wemisipy/3.13/lib/python3.13/site-packages/django/utils/deprecation.py", line 133, in __call__
    response = self.process_request(request)
  File "/home/wemisico/virtualenv/wemisipy/3.13/lib/python3.13/site-packages/django/middleware/common.py", line 48, in process_request
    host = request.get_host()
  File "/home/wemisico/virtualenv/wemisipy/3.13/lib/python3.13/site-packages/django/http/request.py", line 150, in get_host
    raise DisallowedHost(msg)
django.core.exceptions.DisallowedHost: Invalid HTTP_HOST header: 'www.wemisi.com'. You may need to add 'www.wemisi.com' to ALLOWED_HOSTS.
Invalid HTTP_HOST header: 'www.wemisi.com'. You may need to add 'www.wemisi.com' to ALLOWED_HOSTS.
Traceback (most recent call last):
  File "/home/wemisico/virtualenv/wemisipy/3.13/lib/python3.13/site-packages/django/core/handlers/exception.py", line 55, in inner
    response = get_response(request)
  File "/home/wemisico/virtualenv/wemisipy/3.13/lib/python3.13/site-packages/django/utils/deprecation.py", line 133, in __call__
    response = self.process_request(request)
  File "/home/wemisico/virtualenv/wemisipy/3.13/lib/python3.13/site-packages/django/middleware/common.py", line 48, in process_request
    host = request.get_host()
  File "/home/wemisico/virtualenv/wemisipy/3.13/lib/python3.13/site-packages/django/http/request.py", line 150, in get_host
    raise DisallowedHost(msg)
django.core.exceptions.DisallowedHost: Invalid HTTP_HOST header: 'www.wemisi.com'. You may need to add 'www.wemisi.com' to ALLOWED_HOSTS.
Not Found: /sitemap.txt
Invalid HTTP_HOST header: 'www.wemisi.com'. You may need to add 'www.wemisi.com' to ALLOWED_HOSTS.
Traceback (most recent call last):
  File "/home/wemisico/virtualenv/wemisipy/3.13/lib/python3.13/site-packages/django/core/handlers/exception.py", line 55, in inner
    response = get_response(request)
  File "/home/wemisico/virtualenv/wemisipy/3.13/lib/python3.13/site-packages/django/utils/deprecation.py", line 133, in __call__
    response = self.process_request(request)
  File "/home/wemisico/virtualenv/wemisipy/3.13/lib/python3.13/site-packages/django/middleware/common.py", line 48, in process_request
    host = request.get_host()
  File "/home/wemisico/virtualenv/wemisipy/3.13/lib/python3.13/site-packages/django/http/request.py", line 150, in get_host
    raise DisallowedHost(msg)
django.core.exceptions.DisallowedHost: Invalid HTTP_HOST header: 'www.wemisi.com'. You may need to add 'www.wemisi.com' to ALLOWED_HOSTS.
Not Found: /sitemap.txt
Invalid HTTP_HOST header: 'www.wemisi.com'. You may need to add 'www.wemisi.com' to ALLOWED_HOSTS.
Traceback (most recent call last):
  File "/home/wemisico/virtualenv/wemisipy/3.13/lib/python3.13/site-packages/django/core/handlers/exception.py", line 55, in inner
    response = get_response(request)
  File "/home/wemisico/virtualenv/wemisipy/3.13/lib/python3.13/site-packages/django/utils/deprecation.py", line 133, in __call__
    response = self.process_request(request)
  File "/home/wemisico/virtualenv/wemisipy/3.13/lib/python3.13/site-packages/django/middleware/common.py", line 48, in process_request
    host = request.get_host()
  File "/home/wemisico/virtualenv/wemisipy/3.13/lib/python3.13/site-packages/django/http/request.py", line 150, in get_host
    raise DisallowedHost(msg)
django.core.exceptions.DisallowedHost: Invalid HTTP_HOST header: 'www.wemisi.com'. You may need to add 'www.wemisi.com' to ALLOWED_HOSTS.
Invalid HTTP_HOST header: 'www.wemisi.com'. You may need to add 'www.wemisi.com' to ALLOWED_HOSTS.
Traceback (most recent call last):
  File "/home/wemisico/virtualenv/wemisipy/3.13/lib/python3.13/site-packages/django/core/handlers/exception.py", line 55, in inner
    response = get_response(request)
  File "/home/wemisico/virtualenv/wemisipy/3.13/lib/python3.13/site-packages/django/utils/deprecation.py", line 133, in __call__
    response = self.process_request(request)
  File "/home/wemisico/virtualenv/wemisipy/3.13/lib/python3.13/site-packages/django/middleware/common.py", line 48, in process_request
    host = request.get_host()
  File "/home/wemisico/virtualenv/wemisipy/3.13/lib/python3.13/site-packages/django/http/request.py", line 150, in get_host
    raise DisallowedHost(msg)
django.core.exceptions.DisallowedHost: Invalid HTTP_HOST header: 'www.wemisi.com'. You may need to add 'www.wemisi.com' to ALLOWED_HOSTS.
Not Found: /robots.txt
Not Found: /robots.txt
Not Found: /esp.html
Not Found: /apps
Not Found: /api/action
Not Found: /api/actions
Not Found: /_next/data
Forbidden (Referer checking failed - no Referer.): /
Not Found: /favicon.ico
Not Found: /favicon.ico
Not Found: /wp-includes/ID3/index.php
Not Found: /wp-includes/fonts/
Not Found: /wp/wp-admin/includes/
Not Found: /wp-admin/admin-ajax.php
Not Found: /wp-admin/css/colors/modern/
Not Found: /wp-admin/js/about.php
Not Found: /wp-admin/network/
Not Found: /wp-includes/customize/
Not Found: /wp-includes/css/
Not Found: /templates/beez3/error.php
Not Found: /wp-admin/css/colors/blue/atomlib.php
Not Found: /wp-includes/ID3/autoload_classmap.php
Not Found: /wp-includes/css/dist/
Not Found: /wp-includes/images/crystal/
Not Found: /wp-admin/css/
Not Found: /wp-admin/wp-conflg.php
Not Found: /wp-includes/ID3/file.php
Not Found: /wp-includes/autoload_classmap.php
Not Found: /wp-content/cong.php
Not Found: /wp-includes/ID3/
Not Found: /wp-includes/images/media/
Not Found: /wp-admin/admin.php
Not Found: /wp-content/languages/chosen.php
Not Found: /wp-content/plugins/
Not Found: /wp-content/uploads/2024/index.php
Not Found: /goods.php
Not Found: /plugins/
Not Found: /wp-admin/js/widgets/index.php
Not Found: /wp-content/themes/wp-pridmag/init.php
Not Found: /cgi-bin/wp-2019.php
Not Found: /wp-admin/setup-config.php
Not Found: /wp-content/file.php
Not Found: /edit.php
Not Found: /file5.php
Not Found: /wp-includes/images/smilies/index.php
Not Found: /wp-admin/
Not Found: /wp-includes/
Not Found: /aa.php
Not Found: /wp-admin/css/colors/blue/index.php
Not Found: /wp-includes/blocks/
Not Found: /wp-content/index.php
Not Found: /wp-content/plugins/seoplugins/index.php
Not Found: /.well-known/
Not Found: /modules/file.php
Not Found: /wp-admin/css/colors/coffee/
Not Found: /wp-admin/css/colors/sunrise/
Not Found: /autoload_classmap.php
Not Found: /public/index.php
Not Found: /wp-admin/network/index.php
Not Found: /wp-content/uploads/2022/
Not Found: /wp-content/uploads/json.php
Not Found: /wp-includes/SimplePie/
Not Found: /wp-includes/customize/chosen.php
Not Found: /wp-includes/shell20211028.php
Not Found: /index/function.php
Not Found: /wp-admin/css/colors/midnight/
Not Found: /wp-content/style-css.php
Not Found: /wp-includes/Requests/
Not Found: /wp-includes/pomo/
Not Found: /file.php
Not Found: /wp-admin/css/colors/light/
Not Found: /wp-includes/certificates/
Not Found: /wp-admin/css/colors/index.php
Not Found: /wp-admin/css/colors/blue/about.php
Not Found: /wp-content/alfa.php
Not Found: /inputs.php
Not Found: /wp-admin/js/widgets/cloud.php
Not Found: /wp-content/about.php
Not Found: /1.php
Not Found: /wp-admin/images/index.php
Not Found: /wp-includes/block-supports/
Not Found: /wp-content/themes/twentytwenty/404.php
Not Found: /wp-content/upgrade/
Not Found: /wp-admin/images/cloud.php
Not Found: /wp-admin/user/
Not Found: /wp-admin/user/chosen.php
Not Found: /wp-content/admin.php
Not Found: /wp-includes/file.php
Not Found: /wp-includes/assets/index.php
Not Found: /wp-includes/images/smilies/about.php
Not Found: /wp-includes/sitemaps/providers/
Not Found: /wp-content/themes/
Not Found: /wp-includes/block-patterns/
Not Found: /aspera/faspex/
Not Found: /cgi-bin/
Not Found: /flower.php
Not Found: /wp-admin/js/
Not Found: /.well-known/gecko-litespeed.php
Not Found: /wp-admin/network/chosen.php
Not Found: /wp-content/plugins/hellopress/wp_filemanager.php
Not Found: /wp-content/uploads/
Not Found: /wp-includes/assets/admin.php
Not Found: /wp-includes/images/
Not Found: /.well-known/classwithtostring.php
Not Found: /anonse/lock360.php
Not Found: /cgi-bin/wp-login.php
Not Found: /wp-admin/css/colors/ectoplasm/wp-login.php
Not Found: /wp-content/themes/about.php
Not Found: /wp-content/uploads/2021/
Not Found: /wp-includes/html-api/
Not Found: /assets/images/doc.php
Not Found: /ioxi-o.php
Not Found: /radio.php
Not Found: /wp-admin/js/widgets/about.php
Not Found: /wp-admin/includes/cloud.php
Not Found: /wp-admin/js/widgets/
Not Found: /wp-content/
Not Found: /admin.php
Not Found: /functions.php
Not Found: /modules/
Not Found: /wp-admin/css/colors/ocean/
Not Found: /ccx/index.php
Not Found: /robots.txt
Not Found: /favicon.ico
Not Found: /apps
Not Found: /api/action
Not Found: /api/actions
Not Found: /_next/data
Forbidden (Referer checking failed - no Referer.): /
Not Found: /wp-login.php
Not Found: /robots.txt
Invalid HTTP_HOST header: 'www.wemisi.com'. You may need to add 'www.wemisi.com' to ALLOWED_HOSTS.
Traceback (most recent call last):
  File "/home/wemisico/virtualenv/wemisipy/3.13/lib/python3.13/site-packages/django/core/handlers/exception.py", line 55, in inner
    response = get_response(request)
  File "/home/wemisico/virtualenv/wemisipy/3.13/lib/python3.13/site-packages/django/utils/deprecation.py", line 133, in __call__
    response = self.process_request(request)
  File "/home/wemisico/virtualenv/wemisipy/3.13/lib/python3.13/site-packages/django/middleware/common.py", line 48, in process_request
    host = request.get_host()
  File "/home/wemisico/virtualenv/wemisipy/3.13/lib/python3.13/site-packages/django/http/request.py", line 150, in get_host
    raise DisallowedHost(msg)
django.core.exceptions.DisallowedHost: Invalid HTTP_HOST header: 'www.wemisi.com'. You may need to add 'www.wemisi.com' to ALLOWED_HOSTS.
Invalid HTTP_HOST header: 'www.wemisi.com'. You may need to add 'www.wemisi.com' to ALLOWED_HOSTS.
Traceback (most recent call last):
  File "/home/wemisico/virtualenv/wemisipy/3.13/lib/python3.13/site-packages/django/core/handlers/exception.py", line 55, in inner
    response = get_response(request)
  File "/home/wemisico/virtualenv/wemisipy/3.13/lib/python3.13/site-packages/django/utils/deprecation.py", line 133, in __call__
    response = self.process_request(request)
  File "/home/wemisico/virtualenv/wemisipy/3.13/lib/python3.13/site-packages/django/middleware/common.py", line 48, in process_request
    host = request.get_host()
  File "/home/wemisico/virtualenv/wemisipy/3.13/lib/python3.13/site-packages/django/http/request.py", line 150, in get_host
    raise DisallowedHost(msg)
django.core.exceptions.DisallowedHost: Invalid HTTP_HOST header: 'www.wemisi.com'. You may need to add 'www.wemisi.com' to ALLOWED_HOSTS.
Invalid HTTP_HOST header: 'www.wemisi.com'. You may need to add 'www.wemisi.com' to ALLOWED_HOSTS.
Traceback (most recent call last):
  File "/home/wemisico/virtualenv/wemisipy/3.13/lib/python3.13/site-packages/django/core/handlers/exception.py", line 55, in inner
    response = get_response(request)
  File "/home/wemisico/virtualenv/wemisipy/3.13/lib/python3.13/site-packages/django/utils/deprecation.py", line 133, in __call__
    response = self.process_request(request)
  File "/home/wemisico/virtualenv/wemisipy/3.13/lib/python3.13/site-packages/django/middleware/common.py", line 48, in process_request
    host = request.get_host()
  File "/home/wemisico/virtualenv/wemisipy/3.13/lib/python3.13/site-packages/django/http/request.py", line 150, in get_host
    raise DisallowedHost(msg)
django.core.exceptions.DisallowedHost: Invalid HTTP_HOST header: 'www.wemisi.com'. You may need to add 'www.wemisi.com' to ALLOWED_HOSTS.
Invalid HTTP_HOST header: 'www.wemisi.com'. You may need to add 'www.wemisi.com' to ALLOWED_HOSTS.
Traceback (most recent call last):
  File "/home/wemisico/virtualenv/wemisipy/3.13/lib/python3.13/site-packages/django/core/handlers/exception.py", line 55, in inner
    response = get_response(request)
  File "/home/wemisico/virtualenv/wemisipy/3.13/lib/python3.13/site-packages/django/utils/deprecation.py", line 133, in __call__
    response = self.process_request(request)
  File "/home/wemisico/virtualenv/wemisipy/3.13/lib/python3.13/site-packages/django/middleware/common.py", line 48, in process_request
    host = request.get_host()
  File "/home/wemisico/virtualenv/wemisipy/3.13/lib/python3.13/site-packages/django/http/request.py", line 150, in get_host
    raise DisallowedHost(msg)
django.core.exceptions.DisallowedHost: Invalid HTTP_HOST header: 'www.wemisi.com'. You may need to add 'www.wemisi.com' to ALLOWED_HOSTS.
Not Found: /robots.txt
Not Found: /robots.txt
Not Found: /wp-content/
Not Found: /robots.txt
Invalid HTTP_HOST header: 'www.wemisi.com'. You may need to add 'www.wemisi.com' to ALLOWED_HOSTS.
Traceback (most recent call last):
  File "/home/wemisico/virtualenv/wemisipy/3.13/lib/python3.13/site-packages/django/core/handlers/exception.py", line 55, in inner
    response = get_response(request)
  File "/home/wemisico/virtualenv/wemisipy/3.13/lib/python3.13/site-packages/django/utils/deprecation.py", line 133, in __call__
    response = self.process_request(request)
  File "/home/wemisico/virtualenv/wemisipy/3.13/lib/python3.13/site-packages/django/middleware/common.py", line 48, in process_request
    host = request.get_host()
  File "/home/wemisico/virtualenv/wemisipy/3.13/lib/python3.13/site-packages/django/http/request.py", line 150, in get_host
    raise DisallowedHost(msg)
django.core.exceptions.DisallowedHost: Invalid HTTP_HOST header: 'www.wemisi.com'. You may need to add 'www.wemisi.com' to ALLOWED_HOSTS.
Invalid HTTP_HOST header: 'www.wemisi.com'. You may need to add 'www.wemisi.com' to ALLOWED_HOSTS.
Traceback (most recent call last):
  File "/home/wemisico/virtualenv/wemisipy/3.13/lib/python3.13/site-packages/django/core/handlers/exception.py", line 55, in inner
    response = get_response(request)
  File "/home/wemisico/virtualenv/wemisipy/3.13/lib/python3.13/site-packages/django/utils/deprecation.py", line 133, in __call__
    response = self.process_request(request)
  File "/home/wemisico/virtualenv/wemisipy/3.13/lib/python3.13/site-packages/django/middleware/common.py", line 48, in process_request
    host = request.get_host()
  File "/home/wemisico/virtualenv/wemisipy/3.13/lib/python3.13/site-packages/django/http/request.py", line 150, in get_host
    raise DisallowedHost(msg)
django.core.exceptions.DisallowedHost: Invalid HTTP_HOST header: 'www.wemisi.com'. You may need to add 'www.wemisi.com' to ALLOWED_HOSTS.
Not Found: /favicon.ico
Not Found: /robots.txt
Not Found: /favicon.ico
Not Found: /favicon.ico
Invalid HTTP_HOST header: 'www.wemisi.com'. You may need to add 'www.wemisi.com' to ALLOWED_HOSTS.
Traceback (most recent call last):
  File "/home/wemisico/virtualenv/wemisipy/3.13/lib/python3.13/site-packages/django/core/handlers/exception.py", line 55, in inner
    response = get_response(request)
  File "/home/wemisico/virtualenv/wemisipy/3.13/lib/python3.13/site-packages/django/utils/deprecation.py", line 133, in __call__
    response = self.process_request(request)
  File "/home/wemisico/virtualenv/wemisipy/3.13/lib/python3.13/site-packages/django/middleware/common.py", line 48, in process_request
    host = request.get_host()
  File "/home/wemisico/virtualenv/wemisipy/3.13/lib/python3.13/site-packages/django/http/request.py", line 150, in get_host
    raise DisallowedHost(msg)
django.core.exceptions.DisallowedHost: Invalid HTTP_HOST header: 'www.wemisi.com'. You may need to add 'www.wemisi.com' to ALLOWED_HOSTS.
Not Found: /robots.txt
Not Found: /robots.txt
Not Found: /bl003.html
Not Found: /wp-includes/wlwmanifest.xml
Not Found: /blog/wp-includes/wlwmanifest.xml
Not Found: /web/wp-includes/wlwmanifest.xml
Not Found: /wordpress/wp-includes/wlwmanifest.xml
Not Found: /website/wp-includes/wlwmanifest.xml
Not Found: /wp/wp-includes/wlwmanifest.xml
Not Found: /news/wp-includes/wlwmanifest.xml
Not Found: /2020/wp-includes/wlwmanifest.xml
Not Found: /2019/wp-includes/wlwmanifest.xml
Not Found: /shop/wp-includes/wlwmanifest.xml
Not Found: /wp1/wp-includes/wlwmanifest.xml
Not Found: /test/wp-includes/wlwmanifest.xml
Not Found: /wp2/wp-includes/wlwmanifest.xml
Not Found: /site/wp-includes/wlwmanifest.xml
Not Found: /cms/wp-includes/wlwmanifest.xml
Not Found: /sito/wp-includes/wlwmanifest.xml
Not Found: /tiny.php
Not Found: /update/gely.php
Not Found: /uploads/
Not Found: /user.php
Not Found: /wp-admin.php
Not Found: /wp-admin/
Not Found: /wp-admin/classwithtostring.php
Not Found: /wp-admin/classwithtostring.php/.well-known/acme-challenge/file.php
Not Found: /wp-admin/css/about.php
Not Found: /wp-admin/css/colors/
Not Found: /wp-admin/css/colors/blue/
Not Found: /wp-admin/css/colors/midnight/
Not Found: /wp-admin/css/colors/ocean/
Not Found: /wp-admin/css/
Not Found: /wp-admin/images/index.php
Not Found: /wp-admin/images/
Not Found: /wp-admin/includes/about.php
Not Found: /wp-admin/includes/
Not Found: /wp-admin/js/
Not Found: /wp-admin/js/autoload_classmap.php
Not Found: /wp-admin/js/widgets/
Not Found: /wp-admin/maint/
Not Found: /wp-admin/network/admin.php
Not Found: /wp-admin/network/
Not Found: /wp-admin/product.php
Not Found: /wp-content/
Not Found: /wp-content/about.php
Not Found: /wp-content/admin.php
Not Found: /wp-content/index.php
Not Found: /wp-content/languages/
Not Found: /wp-content/packed.php
Not Found: /wp-content/plugins/about.php
Not Found: /wp-content/plugins/admin.php
Not Found: /wp-content/plugins/autoload_classmap.php
Not Found: /wp-content/themes/
Not Found: /wp-content/themes/aahana/json.php
Not Found: /wp-content/themes/about.php
Not Found: /wp-content/themes/chosen.php
Not Found: /wp-content/themes/pridmag/
Not Found: /wp-content/themes/twentytwentyfour/
Not Found: /wp-content/upgrade/
Not Found: /wp-content/upgrade/index.php
Not Found: /wp-content/uploads/
Not Found: /wp-content/uploads/2025/
Not Found: /wp-content/uploads/index.php
Not Found: /wp-content/uploads/wc-logs/
Not Found: /wp-includes/
Not Found: /wp-includes/ID3/
Not Found: /wp-includes/ID3/autoload_classmap.php
Not Found: /wp-includes/IXR/
Not Found: /wp-includes/PHPMailer/
Not Found: /wp-includes/PHPMailer/index.php
Not Found: /wp-includes/Requests/
Not Found: /wp-includes/Requests/index.php
Not Found: /wp-includes/SimplePie/XML/
Not Found: /wp-includes/SimplePie/about.php
Not Found: /wp-includes/Text/
Not Found: /wp-includes/Text/Diff/
Not Found: /wp-includes/Text/Diff/Engine/
Not Found: /wp-includes/Text/Diff/Renderer/index.php
Not Found: /wp-includes/Text/autoload_classmap.php
Not Found: /wp-includes/Text/autoload_classmap.php/.well-known/acme-challenge/file.php
Not Found: /wp-includes/admin.php
Not Found: /wp-includes/assets/admin.php
Not Found: /wp-includes/assets/autoload_classmap.php
Not Found: /wp-includes/assets/
Not Found: /wp-includes/bk/
Not Found: /wp-includes/block-bindings/
Not Found: /wp-includes/block-patterns/autoload_classmap.php
Not Found: /wp-includes/block-supports/
Not Found: /wp-includes/blocks/code/
Not Found: /wp-includes/blocks/post-author-name/
Not Found: /wp-includes/certificates/index.php
Not Found: /wp-includes/css/
Not Found: /wp-includes/customize/chosen.php
Not Found: /wp-includes/customize/
Not Found: /wp-includes/fonts/
Not Found: /wp-includes/fonts/autoload_classmap.php
Not Found: /wp-includes/html-api/
Not Found: /wp-includes/images/
Not Found: /wp-includes/images/crystal/
Not Found: /wp-includes/js/
Not Found: /wp-includes/js/dist/development/
Not Found: /wp-includes/js/tinymce/plugins/fullscreen/
Not Found: /wp-includes/php-compat/
Not Found: /wp-includes/random_compat/
Not Found: /wp-includes/rest-api/fields/
Not Found: /wp-includes/rest-api/
Not Found: /wp-includes/sitemaps/autoload_classmap.php/.well-known/acme-challenge/file.php
Not Found: /wp-includes/sitemaps/providers/
Not Found: /wp-includes/style-engine/
Not Found: /wp-includes/widgets/about.php
Not Found: /wp-links.php
Not Found: /wp-signin.php
Not Found: /wp.php
Not Found: /xmldoc/
Not Found: /xmrlpc.php
Not Found: /media/system/js/core.js
Not Found: /wp-includes/js/jquery/jquery.js
Not Found: /bl003.html
Not Found: /robots.txt
Invalid HTTP_HOST header: 'www.wemisi.com'. You may need to add 'www.wemisi.com' to ALLOWED_HOSTS.
Traceback (most recent call last):
  File "/home/wemisico/virtualenv/wemisipy/3.13/lib/python3.13/site-packages/django/core/handlers/exception.py", line 55, in inner
    response = get_response(request)
  File "/home/wemisico/virtualenv/wemisipy/3.13/lib/python3.13/site-packages/django/utils/deprecation.py", line 133, in __call__
    response = self.process_request(request)
  File "/home/wemisico/virtualenv/wemisipy/3.13/lib/python3.13/site-packages/django/middleware/common.py", line 48, in process_request
    host = request.get_host()
  File "/home/wemisico/virtualenv/wemisipy/3.13/lib/python3.13/site-packages/django/http/request.py", line 150, in get_host
    raise DisallowedHost(msg)
django.core.exceptions.DisallowedHost: Invalid HTTP_HOST header: 'www.wemisi.com'. You may need to add 'www.wemisi.com' to ALLOWED_HOSTS.
Invalid HTTP_HOST header: 'www.wemisi.com'. You may need to add 'www.wemisi.com' to ALLOWED_HOSTS.
Traceback (most recent call last):
  File "/home/wemisico/virtualenv/wemisipy/3.13/lib/python3.13/site-packages/django/core/handlers/exception.py", line 55, in inner
    response = get_response(request)
  File "/home/wemisico/virtualenv/wemisipy/3.13/lib/python3.13/site-packages/django/utils/deprecation.py", line 133, in __call__
    response = self.process_request(request)
  File "/home/wemisico/virtualenv/wemisipy/3.13/lib/python3.13/site-packages/django/middleware/common.py", line 48, in process_request
    host = request.get_host()
  File "/home/wemisico/virtualenv/wemisipy/3.13/lib/python3.13/site-packages/django/http/request.py", line 150, in get_host
    raise DisallowedHost(msg)
django.core.exceptions.DisallowedHost: Invalid HTTP_HOST header: 'www.wemisi.com'. You may need to add 'www.wemisi.com' to ALLOWED_HOSTS.
Not Found: /ads.txt
Invalid HTTP_HOST header: 'www.wemisi.com'. You may need to add 'www.wemisi.com' to ALLOWED_HOSTS.
Traceback (most recent call last):
  File "/home/wemisico/virtualenv/wemisipy/3.13/lib/python3.13/site-packages/django/core/handlers/exception.py", line 55, in inner
    response = get_response(request)
  File "/home/wemisico/virtualenv/wemisipy/3.13/lib/python3.13/site-packages/django/utils/deprecation.py", line 133, in __call__
    response = self.process_request(request)
  File "/home/wemisico/virtualenv/wemisipy/3.13/lib/python3.13/site-packages/django/middleware/common.py", line 48, in process_request
    host = request.get_host()
  File "/home/wemisico/virtualenv/wemisipy/3.13/lib/python3.13/site-packages/django/http/request.py", line 150, in get_host
    raise DisallowedHost(msg)
django.core.exceptions.DisallowedHost: Invalid HTTP_HOST header: 'www.wemisi.com'. You may need to add 'www.wemisi.com' to ALLOWED_HOSTS.
Not Found: /favicon.ico
Not Found: /sitemap.xml.gz
Not Found: /bl002.html
Not Found: /robots.txt
Not Found: /wp-good.php
Not Found: /ioxi-o.php
Not Found: /file.php
Not Found: /wp-admin/css/colors/blue
Not Found: /wp-signin.php
Not Found: /abcd.php
Not Found: /wp-includes/block-bindings
Not Found: /about.php
Not Found: /bless.php
Not Found: /images/install.php
Not Found: /num.php
Not Found: /txets.php
Not Found: /wp-blog.php
Not Found: /wp-content/admin-header.php
Not Found: /wp-content/themes/about.php
Not Found: /wp-includes/js/dist
Not Found: /wp-includes/rest-api/fields
Not Found: /wp.php
Not Found: /admin.php
Not Found: /adminfuns.php
Not Found: /chosen.php
Not Found: /classwithtostring.php
Not Found: /edit.php
Not Found: /goods.php
Not Found: /k.php
Not Found: /mah/function.php
Not Found: /wp-conflg/function.php
Not Found: /wp-content/admin.php
Not Found: /wp-content/languages/index.php
Not Found: /wp-includes/PHPMailer/index.php
Not Found: /wp-includes/images
Not Found: /wp-includes/images/index.php
Not Found: /wp-includes/js/dist/development
Not Found: /wp-user.php
Not Found: /404.php
Not Found: /akcc.php
Not Found: /gg.php
Not Found: /mah.php
Not Found: /new.php
Not Found: /themes.php
Not Found: /uploads/index.php
Not Found: /wp-admin
Not Found: /wp-admin/classwithtostring.php
Not Found: /wp-admin/css
Not Found: /wp-admin/css/about.php
Not Found: /wp-admin/includes/colour.php
Not Found: /wp-admin/js
Not Found: /wp-admin/js/autoload_classmap.php
Not Found: /wp-admin/js/widgets
Not Found: /wp-content/autoload_classmap.php
Not Found: /wp-content/backups-dup-lite
Not Found: /wp-content/languages
Not Found: /wp-content/plugins/admin.php
Not Found: /wp-content/themes/admin.php
Not Found: /wp-content/uploads
Not Found: /wp-content/uploads/2025
Not Found: /wp-includes/IXR
Not Found: /wp-includes/IXR/index.php
Not Found: /wp-includes/SimplePie/index.php
Not Found: /wp-includes/Text
Not Found: /wp-includes/Text/Diff/Engine
Not Found: /wp-includes/block-bindings/index.php
Not Found: /wp-includes/block-supports
Not Found: /wp-includes/blocks/code
Not Found: /wp-includes/customize/chosen.php
Not Found: /wp-includes/html-api/index.php
Not Found: /wp-includes/index.php
Not Found: /wp-includes/js/dist/development/index.php
Not Found: /wp-includes/pomo/index.php
Not Found: /wp-includes/rest-api
Not Found: /wp-includes/sitemaps/autoload_classmap.php
Not Found: /wp-includes/theme-compat
Not Found: /sitemap.xml.gz
Not Found: /bl004.html
Not Found: /robots.txt
Not Found: /vendor/phpunit/phpunit/src/Util/PHP/eval-stdin.php
Not Found: /vendor/laravel-filemanager/js/script.js
Not Found: /public/vendor/laravel-filemanager/js/script.js
Forbidden (Referer checking failed - no Referer.): /
Not Found: /_ignition/execute-solution
Not Found: /public/_ignition/execute-solution
Forbidden (Referer checking failed - no Referer.): /
Not Found: /robots.txt
Invalid HTTP_HOST header: 'www.wemisi.com'. You may need to add 'www.wemisi.com' to ALLOWED_HOSTS.
Traceback (most recent call last):
  File "/home/wemisico/virtualenv/wemisipy/3.13/lib/python3.13/site-packages/django/core/handlers/exception.py", line 55, in inner
    response = get_response(request)
  File "/home/wemisico/virtualenv/wemisipy/3.13/lib/python3.13/site-packages/django/utils/deprecation.py", line 133, in __call__
    response = self.process_request(request)
  File "/home/wemisico/virtualenv/wemisipy/3.13/lib/python3.13/site-packages/django/middleware/common.py", line 48, in process_request
    host = request.get_host()
  File "/home/wemisico/virtualenv/wemisipy/3.13/lib/python3.13/site-packages/django/http/request.py", line 150, in get_host
    raise DisallowedHost(msg)
django.core.exceptions.DisallowedHost: Invalid HTTP_HOST header: 'www.wemisi.com'. You may need to add 'www.wemisi.com' to ALLOWED_HOSTS.
Invalid HTTP_HOST header: 'www.wemisi.com'. You may need to add 'www.wemisi.com' to ALLOWED_HOSTS.
Traceback (most recent call last):
  File "/home/wemisico/virtualenv/wemisipy/3.13/lib/python3.13/site-packages/django/core/handlers/exception.py", line 55, in inner
    response = get_response(request)
  File "/home/wemisico/virtualenv/wemisipy/3.13/lib/python3.13/site-packages/django/utils/deprecation.py", line 133, in __call__
    response = self.process_request(request)
  File "/home/wemisico/virtualenv/wemisipy/3.13/lib/python3.13/site-packages/django/middleware/common.py", line 48, in process_request
    host = request.get_host()
  File "/home/wemisico/virtualenv/wemisipy/3.13/lib/python3.13/site-packages/django/http/request.py", line 150, in get_host
    raise DisallowedHost(msg)
django.core.exceptions.DisallowedHost: Invalid HTTP_HOST header: 'www.wemisi.com'. You may need to add 'www.wemisi.com' to ALLOWED_HOSTS.
Invalid HTTP_HOST header: 'www.wemisi.com'. You may need to add 'www.wemisi.com' to ALLOWED_HOSTS.
Traceback (most recent call last):
  File "/home/wemisico/virtualenv/wemisipy/3.13/lib/python3.13/site-packages/django/core/handlers/exception.py", line 55, in inner
    response = get_response(request)
  File "/home/wemisico/virtualenv/wemisipy/3.13/lib/python3.13/site-packages/django/utils/deprecation.py", line 133, in __call__
    response = self.process_request(request)
  File "/home/wemisico/virtualenv/wemisipy/3.13/lib/python3.13/site-packages/django/middleware/common.py", line 48, in process_request
    host = request.get_host()
  File "/home/wemisico/virtualenv/wemisipy/3.13/lib/python3.13/site-packages/django/http/request.py", line 150, in get_host
    raise DisallowedHost(msg)
django.core.exceptions.DisallowedHost: Invalid HTTP_HOST header: 'www.wemisi.com'. You may need to add 'www.wemisi.com' to ALLOWED_HOSTS.
Not Found: /bl002.html
Not Found: /bl004.html
Invalid HTTP_HOST header: 'www.wemisi.com'. You may need to add 'www.wemisi.com' to ALLOWED_HOSTS.
Traceback (most recent call last):
  File "/home/wemisico/virtualenv/wemisipy/3.13/lib/python3.13/site-packages/django/core/handlers/exception.py", line 55, in inner
    response = get_response(request)
  File "/home/wemisico/virtualenv/wemisipy/3.13/lib/python3.13/site-packages/django/utils/deprecation.py", line 133, in __call__
    response = self.process_request(request)
  File "/home/wemisico/virtualenv/wemisipy/3.13/lib/python3.13/site-packages/django/middleware/common.py", line 48, in process_request
    host = request.get_host()
  File "/home/wemisico/virtualenv/wemisipy/3.13/lib/python3.13/site-packages/django/http/request.py", line 150, in get_host
    raise DisallowedHost(msg)
django.core.exceptions.DisallowedHost: Invalid HTTP_HOST header: 'www.wemisi.com'. You may need to add 'www.wemisi.com' to ALLOWED_HOSTS.
Invalid HTTP_HOST header: 'www.wemisi.com'. You may need to add 'www.wemisi.com' to ALLOWED_HOSTS.
Traceback (most recent call last):
  File "/home/wemisico/virtualenv/wemisipy/3.13/lib/python3.13/site-packages/django/core/handlers/exception.py", line 55, in inner
    response = get_response(request)
  File "/home/wemisico/virtualenv/wemisipy/3.13/lib/python3.13/site-packages/django/utils/deprecation.py", line 133, in __call__
    response = self.process_request(request)
  File "/home/wemisico/virtualenv/wemisipy/3.13/lib/python3.13/site-packages/django/middleware/common.py", line 48, in process_request
    host = request.get_host()
  File "/home/wemisico/virtualenv/wemisipy/3.13/lib/python3.13/site-packages/django/http/request.py", line 150, in get_host
    raise DisallowedHost(msg)
django.core.exceptions.DisallowedHost: Invalid HTTP_HOST header: 'www.wemisi.com'. You may need to add 'www.wemisi.com' to ALLOWED_HOSTS.
Not Found: /apps
Not Found: /api/action
Not Found: /api/actions
Not Found: /_next/data
Forbidden (Referer checking failed - no Referer.): /
Not Found: /users/sign_in
Not Found: /robots.txt
Not Found: /robots.txt
Not Found: /robots.txt
Not Found: /esp.html
Not Found: /robots.txt
Not Found: /wp-good.php
Not Found: /ioxi-o.php
Not Found: /file.php
Not Found: /wp-admin/css/colors/blue
Not Found: /wp-signin.php
Not Found: /abcd.php
Not Found: /wp-includes/block-bindings
Not Found: /about.php
Not Found: /bless.php
Not Found: /images/install.php
Not Found: /num.php
Not Found: /txets.php
Not Found: /wp-blog.php
Not Found: /wp-content/admin-header.php
Not Found: /wp-content/themes/about.php
Not Found: /wp-includes/js/dist
Not Found: /wp-includes/rest-api/fields
Not Found: /wp.php
Not Found: /admin.php
Not Found: /adminfuns.php
Not Found: /chosen.php
Not Found: /classwithtostring.php
Not Found: /edit.php
Not Found: /goods.php
Not Found: /k.php
Not Found: /mah/function.php
Not Found: /wp-conflg/function.php
Not Found: /wp-content/admin.php
Not Found: /wp-content/languages/index.php
Not Found: /wp-includes/PHPMailer/index.php
Not Found: /wp-includes/images
Not Found: /wp-includes/images/index.php
Not Found: /wp-includes/js/dist/development
Not Found: /wp-user.php
Not Found: /404.php
Not Found: /akcc.php
Not Found: /gg.php
Not Found: /mah.php
Not Found: /new.php
Not Found: /themes.php
Not Found: /uploads/index.php
Not Found: /wp-admin
Not Found: /wp-admin/classwithtostring.php
Not Found: /wp-admin/css
Not Found: /wp-admin/css/about.php
Not Found: /wp-admin/includes/colour.php
Not Found: /wp-admin/js
Not Found: /wp-admin/js/autoload_classmap.php
Not Found: /wp-admin/js/widgets
Not Found: /wp-content/autoload_classmap.php
Not Found: /wp-content/backups-dup-lite
Not Found: /wp-content/languages
Not Found: /wp-content/plugins/admin.php
Not Found: /wp-content/themes/admin.php
Not Found: /wp-content/uploads
Not Found: /wp-content/uploads/2025
Not Found: /wp-includes/IXR
Not Found: /wp-includes/IXR/index.php
Not Found: /wp-includes/SimplePie/index.php
Not Found: /wp-includes/Text
Not Found: /wp-includes/Text/Diff/Engine
Not Found: /wp-includes/block-bindings/index.php
Not Found: /wp-includes/block-supports
Not Found: /wp-includes/blocks/code
Not Found: /wp-includes/customize/chosen.php
Not Found: /wp-includes/html-api/index.php
Not Found: /wp-includes/index.php
Not Found: /wp-includes/js/dist/development/index.php
Not Found: /wp-includes/pomo/index.php
Not Found: /wp-includes/rest-api
Not Found: /wp-includes/sitemaps/autoload_classmap.php
Not Found: /wp-includes/theme-compat
Invalid HTTP_HOST header: 'www.wemisi.com'. You may need to add 'www.wemisi.com' to ALLOWED_HOSTS.
Traceback (most recent call last):
  File "/home/wemisico/virtualenv/wemisipy/3.13/lib/python3.13/site-packages/django/core/handlers/exception.py", line 55, in inner
    response = get_response(request)
  File "/home/wemisico/virtualenv/wemisipy/3.13/lib/python3.13/site-packages/django/utils/deprecation.py", line 133, in __call__
    response = self.process_request(request)
  File "/home/wemisico/virtualenv/wemisipy/3.13/lib/python3.13/site-packages/django/middleware/common.py", line 48, in process_request
    host = request.get_host()
  File "/home/wemisico/virtualenv/wemisipy/3.13/lib/python3.13/site-packages/django/http/request.py", line 150, in get_host
    raise DisallowedHost(msg)
django.core.exceptions.DisallowedHost: Invalid HTTP_HOST header: 'www.wemisi.com'. You may need to add 'www.wemisi.com' to ALLOWED_HOSTS.
Invalid HTTP_HOST header: 'www.wemisi.com'. You may need to add 'www.wemisi.com' to ALLOWED_HOSTS.
Traceback (most recent call last):
  File "/home/wemisico/virtualenv/wemisipy/3.13/lib/python3.13/site-packages/django/core/handlers/exception.py", line 55, in inner
    response = get_response(request)
  File "/home/wemisico/virtualenv/wemisipy/3.13/lib/python3.13/site-packages/django/utils/deprecation.py", line 133, in __call__
    response = self.process_request(request)
  File "/home/wemisico/virtualenv/wemisipy/3.13/lib/python3.13/site-packages/django/middleware/common.py", line 48, in process_request
    host = request.get_host()
  File "/home/wemisico/virtualenv/wemisipy/3.13/lib/python3.13/site-packages/django/http/request.py", line 150, in get_host
    raise DisallowedHost(msg)
django.core.exceptions.DisallowedHost: Invalid HTTP_HOST header: 'www.wemisi.com'. You may need to add 'www.wemisi.com' to ALLOWED_HOSTS.
Not Found: /favicon.ico
Not Found: /wp-content/plugins/hellopress/wp_filemanager.php
Not Found: /neshe
Not Found: /goomaogm.php
Not Found: /webix.php
Not Found: /sid3.php
Not Found: /xy.php
Not Found: /acp.php
Not Found: /v.php
Not Found: /file21.php
Not Found: /0xx.php
Not Found: /1.php
Not Found: /file15.php
Not Found: /readme.php
Not Found: /max.php
Not Found: /css/index.php
Not Found: /mpxct.php
Not Found: /s.php
Not Found: /ioxi-o.php
Not Found: /blox.php
Not Found: /class-.php
Not Found: /system_log.php
Not Found: /about.php
Not Found: /hly.php
Not Found: /makeasmtp.php
Not Found: /gmo.php
Not Found: /403.php
Not Found: /222.php
Not Found: /thoms.php
Not Found: /d12.php
Not Found: /tajj.php
Not Found: /lock360.php
Not Found: /admin.php
Not Found: /neshe
Not Found: /pp.php
Not Found: /wfile.php
Not Found: /wp-admin/wp-conflg.php
Not Found: /plss3.php
Not Found: /a.php
Not Found: /gfile.php
Not Found: /x0x.php
Not Found: /wp-admin/js/wp-conflg.php
Not Found: /33-sajt-mozhet-ugrozhat
Not Found: /info.php
Not Found: /atomlib.php
Not Found: /bless.php
Not Found: /wp-admin/js/index.php
Not Found: /xsas.php
Not Found: /efile.php
Not Found: /up.php
Not Found: /vee.php
Not Found: /wp-admin/about.php
Not Found: /file7.php
Not Found: /lopst.php
Not Found: /alfa.php
Not Found: /fileas.php
Not Found: /usep.php
Not Found: /file30.php
Not Found: /sx.php
Not Found: /gm.php
Not Found: /2.php
Not Found: /abcd.php
Not Found: /.well-known/gecko-litespeed.php
Not Found: /bless11.php
Not Found: /wp-login.php
Not Found: /size.php
Not Found: /admin.phphttps://narbonic.com/admin.php
Not Found: /NewFile.php
Not Found: /wp-trackback.php
Not Found: /lala.php
Not Found: /alexantr/filemanager
Not Found: /33.php
Not Found: /abcd.phphttp://unidadmedicalasvegas.com/xsas.php
Not Found: /sf.php
Not Found: /file2.php
Not Found: /classwithtostring.php
Not Found: /ant.php
Not Found: /gecko.php
Not Found: /geck.php
Not Found: /neshe.php
Not Found: /lv.php
Not Found: /htaccess.php
Not Found: /admin.phphttps://ronstaxidermy.biz/admin.php
Not Found: /login
Not Found: /userfuns.php
Not Found: /userfuns.php
Not Found: /postnews.php
Not Found: /postnews.php
Invalid HTTP_HOST header: 'www.wemisi.com'. You may need to add 'www.wemisi.com' to ALLOWED_HOSTS.
Traceback (most recent call last):
  File "/home/wemisico/virtualenv/wemisipy/3.13/lib/python3.13/site-packages/django/core/handlers/exception.py", line 55, in inner
    response = get_response(request)
  File "/home/wemisico/virtualenv/wemisipy/3.13/lib/python3.13/site-packages/django/utils/deprecation.py", line 133, in __call__
    response = self.process_request(request)
  File "/home/wemisico/virtualenv/wemisipy/3.13/lib/python3.13/site-packages/django/middleware/common.py", line 48, in process_request
    host = request.get_host()
  File "/home/wemisico/virtualenv/wemisipy/3.13/lib/python3.13/site-packages/django/http/request.py", line 150, in get_host
    raise DisallowedHost(msg)
django.core.exceptions.DisallowedHost: Invalid HTTP_HOST header: 'www.wemisi.com'. You may need to add 'www.wemisi.com' to ALLOWED_HOSTS.
Not Found: /cat_ps.html
Not Found: /wp-content/plugins/hellopress/wp_filemanager.php
Not Found: /wp-includes/rest-api/alfa-rex.php7
Not Found: /widgets.php
Not Found: /b.php
Not Found: /admin.php
Not Found: /autoload_classmap.php
Not Found: /wp-activate.php
Not Found: /db.php
Not Found: /bless.php
Not Found: /blurbs.php
Not Found: /cord.php
Not Found: /axx.php
Not Found: /wp-mail.php
Not Found: /minik.php
Not Found: /OK.php
Not Found: /alfanew.php
Not Found: /zsec.php
Not Found: /arig.php
Not Found: /admin1.php
Not Found: /we2.php
Not Found: /af32.php
Not Found: /rz.php
Not Found: /hugo.php
Not Found: /ava.php
Not Found: /lzyrj.php
Not Found: /laudq.php
Not Found: /anjay.php
Not Found: /let.php
Not Found: /w.php
Not Found: /k.php
Not Found: /pn.php
Not Found: /gecko.php
Not Found: /abe.php
Not Found: /bs1.php
Not Found: /cc.php
Not Found: /css.php
Not Found: /cloud.php
Not Found: /bless.php
Not Found: /radio.php
Not Found: /cong.php
Not Found: /bak.php
Not Found: /as.php
Not Found: /404.php
Not Found: /link.php
Not Found: /makeasmtp.php
Not Found: /file.php
Not Found: /chosen.php
Not Found: /wp.php
Not Found: /uana.php
Not Found: /lock360.php
Not Found: /a.php
Not Found: /api.php
Not Found: /inc.php
Not Found: /atomlib.php
Not Found: /ioxi-rex4.php7
Not Found: /moon.php
Not Found: /wp-info.php
Not Found: /warm.PhP7
Not Found: /ws.php7
Not Found: /rss.php
Not Found: /pekok.php
Not Found: /elp.php
Not Found: /wp-aa.php
Not Found: /cart.php
Not Found: /compare.php
Not Found: /shop.php
Not Found: /api.php
Not Found: /222.php
Not Found: /atom.php
Not Found: /case.php
Not Found: /docs.php
Not Found: /ios.php
Not Found: /click.php
Not Found: /lv.php
Not Found: /inputs.php
Not Found: /alfa.php
Not Found: /byp.php
Not Found: /goat1.php
Not Found: /f.php
Not Found: /max.php
Not Found: /m.php
Not Found: /as.php
Not Found: /v.php
Not Found: /bless.php
Not Found: /vv.php
Not Found: /0.php
Not Found: /jp.php
Not Found: /2.php
Not Found: /goods.php
Not Found: /manager.php
Not Found: /new.php
Not Found: /info.php
Not Found: /doc.php
Not Found: /go.php
Not Found: /mail.php
Not Found: /11.php
Not Found: /conflg.php
Not Found: /xmrlpc.php
Not Found: /asas.php
Not Found: /ioxi-o.php
Not Found: /about.php
Not Found: /akcc.php
Not Found: /zxl.php
Not Found: /r.php
Not Found: /ar.php
Not Found: /js.php
Not Found: /file1.php
Not Found: /123.php
Not Found: /321.php
Not Found: /simple.php
Not Found: /classwithtostring.php
Not Found: /al.php
Not Found: /xx.php
Not Found: /jga.php
Not Found: /num.php
Not Found: /ty.php
Not Found: /buy.php
Not Found: /abcd.php
Not Found: /c.php
Not Found: /xo.php
Not Found: /dlu.php
Not Found: /rk2.php
Not Found: /we.php
Not Found: /karak.php
Not Found: /content.php
Not Found: /406.php
Not Found: /mariju.php
Not Found: /k.php
Not Found: /cache.php
Not Found: /zfile.php
Not Found: /NewFile.php
Not Found: /des.php
Not Found: /ant.php
Not Found: /jlex.php
Not Found: /mini.php
Not Found: /fm.php
Not Found: /1.php
Not Found: /wpc.php
Not Found: /lc.php
Not Found: /mlex.php
Not Found: /nc4.php
Not Found: /class.php
Not Found: /mpvloi.php
Not Found: /v1.php
Not Found: /v2.php
Not Found: /dex.php
Not Found: /angelV2.php
Not Found: /robots.txt
Not Found: /robots.txt
Invalid HTTP_HOST header: 'www.wemisi.com'. You may need to add 'www.wemisi.com' to ALLOWED_HOSTS.
Traceback (most recent call last):
  File "/home/wemisico/virtualenv/wemisipy/3.13/lib/python3.13/site-packages/django/core/handlers/exception.py", line 55, in inner
    response = get_response(request)
  File "/home/wemisico/virtualenv/wemisipy/3.13/lib/python3.13/site-packages/django/utils/deprecation.py", line 133, in __call__
    response = self.process_request(request)
  File "/home/wemisico/virtualenv/wemisipy/3.13/lib/python3.13/site-packages/django/middleware/common.py", line 48, in process_request
    host = request.get_host()
  File "/home/wemisico/virtualenv/wemisipy/3.13/lib/python3.13/site-packages/django/http/request.py", line 150, in get_host
    raise DisallowedHost(msg)
django.core.exceptions.DisallowedHost: Invalid HTTP_HOST header: 'www.wemisi.com'. You may need to add 'www.wemisi.com' to ALLOWED_HOSTS.
Not Found: /wp-good.php
Not Found: /ioxi-o.php
Not Found: /file.php
Not Found: /wp-admin/css/colors/blue
Not Found: /wp-signin.php
Not Found: /abcd.php
Not Found: /wp-includes/block-bindings
Not Found: /about.php
Not Found: /bless.php
Not Found: /images/install.php
Not Found: /num.php
Not Found: /txets.php
Not Found: /wp-blog.php
Not Found: /wp-content/admin-header.php
Not Found: /wp-content/themes/about.php
Not Found: /wp-includes/js/dist
Not Found: /wp-includes/rest-api/fields
Not Found: /wp.php
Not Found: /admin.php
Not Found: /adminfuns.php
Not Found: /chosen.php
Not Found: /classwithtostring.php
Not Found: /edit.php
Not Found: /goods.php
Not Found: /k.php
Not Found: /mah/function.php
Not Found: /wp-conflg/function.php
Not Found: /wp-content/admin.php
Not Found: /wp-content/languages/index.php
Not Found: /wp-includes/PHPMailer/index.php
Not Found: /wp-includes/images
Not Found: /wp-includes/images/index.php
Not Found: /wp-includes/js/dist/development
Not Found: /wp-user.php
Not Found: /404.php
Not Found: /akcc.php
Not Found: /gg.php
Not Found: /mah.php
Not Found: /new.php
Not Found: /themes.php
Not Found: /uploads/index.php
Not Found: /wp-admin
Not Found: /wp-admin/classwithtostring.php
Not Found: /wp-admin/css
Not Found: /wp-admin/css/about.php
Not Found: /wp-admin/includes/colour.php
Not Found: /wp-admin/js
Not Found: /wp-admin/js/autoload_classmap.php
Not Found: /wp-admin/js/widgets
Not Found: /wp-content/autoload_classmap.php
Not Found: /wp-content/backups-dup-lite
Not Found: /wp-content/languages
Not Found: /wp-content/plugins/admin.php
Not Found: /wp-content/themes/admin.php
Not Found: /wp-content/uploads
Not Found: /wp-content/uploads/2025
Not Found: /wp-includes/IXR
Not Found: /wp-includes/IXR/index.php
Not Found: /wp-includes/SimplePie/index.php
Not Found: /wp-includes/Text
Not Found: /wp-includes/Text/Diff/Engine
Not Found: /wp-includes/block-bindings/index.php
Not Found: /wp-includes/block-supports
Not Found: /wp-includes/blocks/code
Not Found: /wp-includes/customize/chosen.php
Not Found: /wp-includes/html-api/index.php
Not Found: /wp-includes/index.php
Not Found: /wp-includes/js/dist/development/index.php
Not Found: /wp-includes/pomo/index.php
Not Found: /wp-includes/rest-api
Not Found: /wp-includes/sitemaps/autoload_classmap.php
Not Found: /wp-includes/theme-compat
Forbidden (Referer checking failed - no Referer.): /
[UID:2270][1236442] packetLen < 0
Not Found: /.well-known/index.php
Not Found: /404.php
Not Found: /aa.php
Not Found: /abcd.php
Not Found: /admin.php
Not Found: /adminfuns.php
Not Found: /ahax.php
Not Found: /akcc.php
Not Found: /alfa.php
Not Found: /assets/images/
Not Found: /autoload_classmap/function.php
Not Found: /av.php
Not Found: /bless.php
Not Found: /bolt.php
Not Found: /buy.php
Not Found: /cgi-bin/file.php
Not Found: /cgi-bin/index.php
Not Found: /chosen.php
Not Found: /classwithtostring.php
Not Found: /edit.php
Not Found: /elp.php
Not Found: /file.php
Not Found: /files/
Not Found: /gg.php
Not Found: /goods.php
Not Found: /images/
Not Found: /images/install.php
Not Found: /info.php
Not Found: /ioxi-o.php
Not Found: /k.php
Not Found: /mah.php
Not Found: /mah/function.php
Not Found: /manager.php
Not Found: /mini
Not Found: /modules/mod_simplefileuploadv1.3/elements/index.php
Not Found: /new.php
Not Found: /public/files/index.php
Not Found: /public/wp-content/index.php
Not Found: /radio.php
Not Found: /themes.php
Not Found: /uploads/index.php
Not Found: /wp-admin/
Not Found: /wp-admin/classwithtostring.php
Not Found: /wp-admin/css/
Not Found: /wp-admin/css/about.php
Not Found: /wp-admin/css/colors/blue/
Not Found: /wp-admin/images/index.php
Not Found: /wp-admin/includes/colour.php
Not Found: /wp-admin/index.php
Not Found: /wp-admin/js/
Not Found: /wp-admin/js/index.php
Not Found: /wp-admin/js/widgets/
Not Found: /wp-admin/network/admin.php
Not Found: /wp-admin/wp-admins.php
Not Found: /wp-blog.php
Not Found: /wp-conflg/function.php
Not Found: /wp-content/admin-header.php
Not Found: /wp-content/admin.php
Not Found: /wp-content/autoload_classmap.php
Not Found: /wp-content/backups-dup-lite/
Not Found: /wp-content/index.php
Not Found: /wp-content/languages/
Not Found: /wp-content/languages/index.php
Not Found: /wp-content/plugins/admin.php
Not Found: /wp-content/themes/
Not Found: /wp-content/themes/about.php
Not Found: /wp-content/themes/admin.php
Not Found: /wp-content/upgrade/index.php
Not Found: /wp-content/uploads/
Not Found: /wp-content/uploads/2025/
Not Found: /wp-content/uploads/index.php
Not Found: /wp-good.php
Not Found: /wp-includes/ID3/
Not Found: /wp-includes/ID3/simi.php
Not Found: /wp-includes/IXR/
Not Found: /wp-includes/PHPMailer/index.php
Not Found: /wp-includes/Requests/index.php
Not Found: /wp-includes/SimplePie/autoload_classmap.php
Not Found: /wp-includes/SimplePie/index.php
Not Found: /wp-includes/Text/
Not Found: /wp-includes/Text/Diff/Engine/
Not Found: /wp-includes/Text/Diff/Renderer/index.php
Not Found: /wp-includes/assets/autoload_classmap.php
Not Found: /wp-includes/bk/index.php
Not Found: /wp-includes/block-bindings/
Not Found: /wp-includes/block-supports/
Not Found: /wp-includes/blocks/code/
Not Found: /wp-includes/certificates/
Not Found: /wp-includes/css/autoload_classmap.php
Not Found: /wp-includes/customize/chosen.php
Not Found: /wp-includes/html-api/index.php
Not Found: /wp-includes/images/
Not Found: /wp-includes/index.php
Not Found: /wp-includes/js/codemirror/index.php
Not Found: /wp-includes/js/crop/
Not Found: /wp-includes/js/dist/
Not Found: /wp-includes/js/dist/development/
Not Found: /wp-includes/pomo/index.php
Not Found: /wp-includes/random_compat/index.php
Not Found: /wp-includes/rest-api/fields/
Not Found: /wp-includes/rest-api/index.php
Not Found: /wp-includes/sitemaps/autoload_classmap.php
Not Found: /wp-includes/sitemaps/providers/index.php
Not Found: /wp-includes/style-engine/autoload_classmap.php
Not Found: /wp-includes/style-engine/wp-conflg.php
Not Found: /wp-includes/theme-compat/
Not Found: /wp-login.php
Not Found: /wp-signin.php
Not Found: /wp-user.php
Not Found: /wp.php
Not Found: /robots.txt
Internal Server Error: /accounts/login/
Traceback (most recent call last):
  File "/home/wemisico/virtualenv/wemisipy/3.13/lib/python3.13/site-packages/django/core/handlers/exception.py", line 55, in inner
    response = get_response(request)
  File "/home/wemisico/virtualenv/wemisipy/3.13/lib/python3.13/site-packages/django/core/handlers/base.py", line 220, in _get_response
    response = response.render()
  File "/home/wemisico/virtualenv/wemisipy/3.13/lib/python3.13/site-packages/django/template/response.py", line 114, in render
    self.content = self.rendered_content
                   ^^^^^^^^^^^^^^^^^^^^^
  File "/home/wemisico/virtualenv/wemisipy/3.13/lib/python3.13/site-packages/django/template/response.py", line 90, in rendered_content
    template = self.resolve_template(self.template_name)
  File "/home/wemisico/virtualenv/wemisipy/3.13/lib/python3.13/site-packages/django/template/response.py", line 72, in resolve_template
    return select_template(template, using=self.using)
  File "/home/wemisico/virtualenv/wemisipy/3.13/lib/python3.13/site-packages/django/template/loader.py", line 47, in select_template
    raise TemplateDoesNotExist(", ".join(template_name_list), chain=chain)
django.template.exceptions.TemplateDoesNotExist: registration/login.html
Not Found: /robots.txt
Not Found: /favicon.ico
Not Found: /favicon.ico
Not Found: /wp-good.php
Not Found: /ioxi-o.php
Not Found: /file.php
Not Found: /wp-admin/css/colors/blue
Not Found: /wp-signin.php
Not Found: /abcd.php
Not Found: /wp-includes/block-bindings
Not Found: /about.php
Not Found: /bless.php
Not Found: /images/install.php
Not Found: /num.php
Not Found: /txets.php
Not Found: /wp-blog.php
Not Found: /wp-content/admin-header.php
Not Found: /wp-content/themes/about.php
Not Found: /wp-includes/js/dist
Not Found: /wp-includes/rest-api/fields
Not Found: /wp.php
Not Found: /admin.php
Not Found: /adminfuns.php
Not Found: /chosen.php
Not Found: /classwithtostring.php
Not Found: /edit.php
Not Found: /goods.php
Not Found: /k.php
Not Found: /mah/function.php
Not Found: /wp-conflg/function.php
Not Found: /wp-content/admin.php
Not Found: /wp-content/languages/index.php
Not Found: /wp-includes/PHPMailer/index.php
Not Found: /wp-includes/images
Not Found: /wp-includes/images/index.php
Not Found: /wp-includes/js/dist/development
Not Found: /wp-user.php
Not Found: /404.php
Not Found: /akcc.php
Not Found: /gg.php
Not Found: /mah.php
Not Found: /new.php
Not Found: /themes.php
Not Found: /uploads/index.php
Not Found: /wp-admin
Not Found: /wp-admin/classwithtostring.php
Not Found: /wp-admin/css
Not Found: /wp-admin/css/about.php
Not Found: /wp-admin/includes/colour.php
Not Found: /wp-admin/js
Not Found: /wp-admin/js/autoload_classmap.php
Not Found: /wp-admin/js/widgets
Not Found: /wp-content/autoload_classmap.php
Not Found: /wp-content/backups-dup-lite
Not Found: /wp-content/languages
Not Found: /wp-content/plugins/admin.php
Not Found: /wp-content/themes/admin.php
Not Found: /wp-content/uploads
Not Found: /wp-content/uploads/2025
Not Found: /wp-includes/IXR
Not Found: /wp-includes/IXR/index.php
Not Found: /wp-includes/SimplePie/index.php
Not Found: /wp-includes/Text
Not Found: /wp-includes/Text/Diff/Engine
Not Found: /wp-includes/block-bindings/index.php
Not Found: /wp-includes/block-supports
Not Found: /wp-includes/blocks/code
Not Found: /wp-includes/customize/chosen.php
Not Found: /wp-includes/html-api/index.php
Not Found: /wp-includes/index.php
Not Found: /wp-includes/js/dist/development/index.php
Not Found: /wp-includes/pomo/index.php
Not Found: /wp-includes/rest-api
Not Found: /wp-includes/sitemaps/autoload_classmap.php
Not Found: /wp-includes/theme-compat
Not Found: /apps
Not Found: /api/action
Not Found: /api/actions
Not Found: /_next/data
Forbidden (Referer checking failed - no Referer.): /
Invalid HTTP_HOST header: 'www.wemisi.com'. You may need to add 'www.wemisi.com' to ALLOWED_HOSTS.
Traceback (most recent call last):
  File "/home/wemisico/virtualenv/wemisipy/3.13/lib/python3.13/site-packages/django/core/handlers/exception.py", line 55, in inner
    response = get_response(request)
  File "/home/wemisico/virtualenv/wemisipy/3.13/lib/python3.13/site-packages/django/utils/deprecation.py", line 133, in __call__
    response = self.process_request(request)
  File "/home/wemisico/virtualenv/wemisipy/3.13/lib/python3.13/site-packages/django/middleware/common.py", line 48, in process_request
    host = request.get_host()
  File "/home/wemisico/virtualenv/wemisipy/3.13/lib/python3.13/site-packages/django/http/request.py", line 150, in get_host
    raise DisallowedHost(msg)
django.core.exceptions.DisallowedHost: Invalid HTTP_HOST header: 'www.wemisi.com'. You may need to add 'www.wemisi.com' to ALLOWED_HOSTS.
Invalid HTTP_HOST header: 'www.wemisi.com'. You may need to add 'www.wemisi.com' to ALLOWED_HOSTS.
Traceback (most recent call last):
  File "/home/wemisico/virtualenv/wemisipy/3.13/lib/python3.13/site-packages/django/core/handlers/exception.py", line 55, in inner
    response = get_response(request)
  File "/home/wemisico/virtualenv/wemisipy/3.13/lib/python3.13/site-packages/django/utils/deprecation.py", line 133, in __call__
    response = self.process_request(request)
  File "/home/wemisico/virtualenv/wemisipy/3.13/lib/python3.13/site-packages/django/middleware/common.py", line 48, in process_request
    host = request.get_host()
  File "/home/wemisico/virtualenv/wemisipy/3.13/lib/python3.13/site-packages/django/http/request.py", line 150, in get_host
    raise DisallowedHost(msg)
django.core.exceptions.DisallowedHost: Invalid HTTP_HOST header: 'www.wemisi.com'. You may need to add 'www.wemisi.com' to ALLOWED_HOSTS.
Invalid HTTP_HOST header: 'www.wemisi.com'. You may need to add 'www.wemisi.com' to ALLOWED_HOSTS.
Traceback (most recent call last):
  File "/home/wemisico/virtualenv/wemisipy/3.13/lib/python3.13/site-packages/django/core/handlers/exception.py", line 55, in inner
    response = get_response(request)
  File "/home/wemisico/virtualenv/wemisipy/3.13/lib/python3.13/site-packages/django/utils/deprecation.py", line 133, in __call__
    response = self.process_request(request)
  File "/home/wemisico/virtualenv/wemisipy/3.13/lib/python3.13/site-packages/django/middleware/common.py", line 48, in process_request
    host = request.get_host()
  File "/home/wemisico/virtualenv/wemisipy/3.13/lib/python3.13/site-packages/django/http/request.py", line 150, in get_host
    raise DisallowedHost(msg)
django.core.exceptions.DisallowedHost: Invalid HTTP_HOST header: 'www.wemisi.com'. You may need to add 'www.wemisi.com' to ALLOWED_HOSTS.
Not Found: /robots.txt
Not Found: /wp-good.php
Not Found: /ioxi-o.php
Not Found: /file.php
Not Found: /wp-admin/css/colors/blue
Not Found: /wp-signin.php
Not Found: /abcd.php
Not Found: /wp-includes/block-bindings
Not Found: /about.php
Not Found: /bless.php
Not Found: /images/install.php
Not Found: /num.php
Not Found: /txets.php
Not Found: /wp-blog.php
Not Found: /wp-content/admin-header.php
Not Found: /wp-content/themes/about.php
Not Found: /wp-includes/js/dist
Not Found: /wp-includes/rest-api/fields
Not Found: /wp.php
Not Found: /admin.php
Not Found: /adminfuns.php
Not Found: /chosen.php
Not Found: /classwithtostring.php
Not Found: /edit.php
Not Found: /goods.php
Not Found: /k.php
Not Found: /mah/function.php
Not Found: /wp-conflg/function.php
Not Found: /wp-content/admin.php
Not Found: /wp-content/languages/index.php
Not Found: /wp-includes/PHPMailer/index.php
Not Found: /wp-includes/images
Not Found: /wp-includes/images/index.php
Not Found: /wp-includes/js/dist/development
Not Found: /wp-user.php
Not Found: /404.php
Not Found: /akcc.php
Not Found: /gg.php
Not Found: /mah.php
Not Found: /new.php
Not Found: /themes.php
Not Found: /uploads/index.php
Not Found: /wp-admin
Not Found: /wp-admin/classwithtostring.php
Not Found: /wp-admin/css
Not Found: /wp-admin/css/about.php
Not Found: /wp-admin/includes/colour.php
Not Found: /wp-admin/js
Not Found: /wp-admin/js/autoload_classmap.php
Not Found: /wp-admin/js/widgets
Not Found: /wp-content/autoload_classmap.php
Not Found: /wp-content/backups-dup-lite
Not Found: /wp-content/languages
Not Found: /wp-content/plugins/admin.php
Not Found: /wp-content/themes/admin.php
Not Found: /wp-content/uploads
Not Found: /wp-content/uploads/2025
Not Found: /wp-includes/IXR
Not Found: /wp-includes/IXR/index.php
Not Found: /wp-includes/SimplePie/index.php
Not Found: /wp-includes/Text
Not Found: /wp-includes/Text/Diff/Engine
Not Found: /wp-includes/block-bindings/index.php
Not Found: /wp-includes/block-supports
Not Found: /wp-includes/blocks/code
Not Found: /wp-includes/customize/chosen.php
Not Found: /wp-includes/html-api/index.php
Not Found: /wp-includes/index.php
Not Found: /wp-includes/js/dist/development/index.php
Not Found: /wp-includes/pomo/index.php
Not Found: /wp-includes/rest-api
Not Found: /wp-includes/sitemaps/autoload_classmap.php
Not Found: /wp-includes/theme-compat
Invalid HTTP_HOST header: 'www.wemisi.com'. You may need to add 'www.wemisi.com' to ALLOWED_HOSTS.
Traceback (most recent call last):
  File "/home/wemisico/virtualenv/wemisipy/3.13/lib/python3.13/site-packages/django/core/handlers/exception.py", line 55, in inner
    response = get_response(request)
  File "/home/wemisico/virtualenv/wemisipy/3.13/lib/python3.13/site-packages/django/utils/deprecation.py", line 133, in __call__
    response = self.process_request(request)
  File "/home/wemisico/virtualenv/wemisipy/3.13/lib/python3.13/site-packages/django/middleware/common.py", line 48, in process_request
    host = request.get_host()
  File "/home/wemisico/virtualenv/wemisipy/3.13/lib/python3.13/site-packages/django/http/request.py", line 150, in get_host
    raise DisallowedHost(msg)
django.core.exceptions.DisallowedHost: Invalid HTTP_HOST header: 'www.wemisi.com'. You may need to add 'www.wemisi.com' to ALLOWED_HOSTS.
Invalid HTTP_HOST header: 'www.wemisi.com'. You may need to add 'www.wemisi.com' to ALLOWED_HOSTS.
Traceback (most recent call last):
  File "/home/wemisico/virtualenv/wemisipy/3.13/lib/python3.13/site-packages/django/core/handlers/exception.py", line 55, in inner
    response = get_response(request)
  File "/home/wemisico/virtualenv/wemisipy/3.13/lib/python3.13/site-packages/django/utils/deprecation.py", line 133, in __call__
    response = self.process_request(request)
  File "/home/wemisico/virtualenv/wemisipy/3.13/lib/python3.13/site-packages/django/middleware/common.py", line 48, in process_request
    host = request.get_host()
  File "/home/wemisico/virtualenv/wemisipy/3.13/lib/python3.13/site-packages/django/http/request.py", line 150, in get_host
    raise DisallowedHost(msg)
django.core.exceptions.DisallowedHost: Invalid HTTP_HOST header: 'www.wemisi.com'. You may need to add 'www.wemisi.com' to ALLOWED_HOSTS.
Not Found: /robots.txt
Not Found: /.well-known/index.php
Not Found: /404.php
Not Found: /aa.php
Not Found: /abcd.php
Not Found: /admin.php
Not Found: /adminfuns.php
Not Found: /ahax.php
Not Found: /akcc.php
Not Found: /alfa.php
Not Found: /assets/images/
Not Found: /autoload_classmap/function.php
Not Found: /av.php
Not Found: /bless.php
Not Found: /bolt.php
Not Found: /buy.php
Not Found: /cgi-bin/file.php
Not Found: /cgi-bin/index.php
Not Found: /chosen.php
Not Found: /classwithtostring.php
Not Found: /edit.php
Not Found: /elp.php
Not Found: /file.php
Not Found: /files/
Not Found: /gg.php
Not Found: /goods.php
Not Found: /images/
Not Found: /images/install.php
Not Found: /info.php
Not Found: /ioxi-o.php
Not Found: /k.php
Not Found: /mah.php
Not Found: /mah/function.php
Not Found: /manager.php
Not Found: /mini
Not Found: /modules/mod_simplefileuploadv1.3/elements/index.php
Not Found: /new.php
Not Found: /public/files/index.php
Not Found: /public/wp-content/index.php
Not Found: /radio.php
Not Found: /themes.php
Not Found: /uploads/index.php
Not Found: /wp-admin/
Not Found: /wp-admin/classwithtostring.php
Not Found: /wp-admin/css/
Not Found: /wp-admin/css/about.php
Not Found: /wp-admin/css/colors/blue/
Not Found: /wp-admin/images/index.php
Not Found: /wp-admin/includes/colour.php
Not Found: /wp-admin/index.php
Not Found: /wp-admin/js/
Not Found: /wp-admin/js/index.php
Not Found: /wp-admin/js/widgets/
Not Found: /wp-admin/network/admin.php
Not Found: /wp-admin/wp-admins.php
Not Found: /wp-blog.php
Not Found: /wp-conflg/function.php
Not Found: /wp-content/admin-header.php
Not Found: /wp-content/admin.php
Not Found: /wp-content/autoload_classmap.php
Not Found: /wp-content/backups-dup-lite/
Not Found: /wp-content/index.php
Not Found: /wp-content/languages/
Not Found: /wp-content/languages/index.php
Not Found: /wp-content/plugins/admin.php
Not Found: /wp-content/themes/
Not Found: /wp-content/themes/about.php
Not Found: /wp-content/themes/admin.php
Not Found: /wp-content/upgrade/index.php
Not Found: /wp-content/uploads/
Not Found: /wp-content/uploads/2025/
Not Found: /wp-content/uploads/index.php
Not Found: /wp-good.php
Not Found: /wp-includes/ID3/
Not Found: /wp-includes/ID3/simi.php
Not Found: /wp-includes/IXR/
Not Found: /wp-includes/PHPMailer/index.php
Not Found: /wp-includes/Requests/index.php
Not Found: /wp-includes/SimplePie/autoload_classmap.php
Not Found: /wp-includes/SimplePie/index.php
Not Found: /wp-includes/Text/
Not Found: /wp-includes/Text/Diff/Engine/
Not Found: /wp-includes/Text/Diff/Renderer/index.php
Not Found: /wp-includes/assets/autoload_classmap.php
Not Found: /wp-includes/bk/index.php
Not Found: /wp-includes/block-bindings/
Not Found: /wp-includes/block-supports/
Not Found: /wp-includes/blocks/code/
Not Found: /wp-includes/certificates/
Not Found: /wp-includes/css/autoload_classmap.php
Not Found: /wp-includes/customize/chosen.php
Not Found: /wp-includes/html-api/index.php
Not Found: /wp-includes/images/
Not Found: /wp-includes/index.php
Not Found: /wp-includes/js/codemirror/index.php
Not Found: /wp-includes/js/crop/
Not Found: /wp-includes/js/dist/
Not Found: /wp-includes/js/dist/development/
Not Found: /wp-includes/pomo/index.php
Not Found: /wp-includes/random_compat/index.php
Not Found: /wp-includes/rest-api/fields/
Not Found: /wp-includes/rest-api/index.php
Not Found: /wp-includes/sitemaps/autoload_classmap.php
Not Found: /wp-includes/sitemaps/providers/index.php
Not Found: /wp-includes/style-engine/autoload_classmap.php
Not Found: /wp-includes/style-engine/wp-conflg.php
Not Found: /wp-includes/theme-compat/
Not Found: /wp-login.php
Not Found: /wp-signin.php
Not Found: /wp-user.php
Not Found: /wp.php
Invalid HTTP_HOST header: 'www.wemisi.com'. You may need to add 'www.wemisi.com' to ALLOWED_HOSTS.
Traceback (most recent call last):
  File "/home/wemisico/virtualenv/wemisipy/3.13/lib/python3.13/site-packages/django/core/handlers/exception.py", line 55, in inner
    response = get_response(request)
  File "/home/wemisico/virtualenv/wemisipy/3.13/lib/python3.13/site-packages/django/utils/deprecation.py", line 133, in __call__
    response = self.process_request(request)
  File "/home/wemisico/virtualenv/wemisipy/3.13/lib/python3.13/site-packages/django/middleware/common.py", line 48, in process_request
    host = request.get_host()
  File "/home/wemisico/virtualenv/wemisipy/3.13/lib/python3.13/site-packages/django/http/request.py", line 150, in get_host
    raise DisallowedHost(msg)
django.core.exceptions.DisallowedHost: Invalid HTTP_HOST header: 'www.wemisi.com'. You may need to add 'www.wemisi.com' to ALLOWED_HOSTS.
Not Found: /wp-good.php
Not Found: /ioxi-o.php
Not Found: /file.php
Not Found: /wp-admin/css/colors/blue
Not Found: /wp-signin.php
Not Found: /abcd.php
Not Found: /wp-includes/block-bindings
Not Found: /about.php
Not Found: /bless.php
Not Found: /images/install.php
Not Found: /num.php
Not Found: /txets.php
Not Found: /wp-blog.php
Not Found: /wp-content/admin-header.php
Not Found: /wp-content/themes/about.php
Not Found: /wp-includes/js/dist
Not Found: /wp-includes/rest-api/fields
Not Found: /wp.php
Not Found: /admin.php
Not Found: /adminfuns.php
Not Found: /chosen.php
Not Found: /classwithtostring.php
Not Found: /edit.php
Not Found: /goods.php
Not Found: /k.php
Not Found: /mah/function.php
Not Found: /wp-conflg/function.php
Not Found: /wp-content/admin.php
Not Found: /wp-content/languages/index.php
Not Found: /wp-includes/PHPMailer/index.php
Not Found: /wp-includes/images
Not Found: /wp-includes/images/index.php
Not Found: /wp-includes/js/dist/development
Not Found: /wp-user.php
Not Found: /404.php
Not Found: /akcc.php
Not Found: /gg.php
Not Found: /mah.php
Not Found: /new.php
Not Found: /themes.php
Not Found: /uploads/index.php
Not Found: /wp-admin
Not Found: /wp-admin/classwithtostring.php
Not Found: /wp-admin/css
Not Found: /wp-admin/css/about.php
Not Found: /wp-admin/includes/colour.php
Not Found: /wp-admin/js
Not Found: /wp-admin/js/autoload_classmap.php
Not Found: /wp-admin/js/widgets
Not Found: /wp-content/autoload_classmap.php
Not Found: /wp-content/backups-dup-lite
Not Found: /wp-content/languages
Not Found: /wp-content/plugins/admin.php
Not Found: /wp-content/themes/admin.php
Not Found: /wp-content/uploads
Not Found: /wp-content/uploads/2025
Not Found: /wp-includes/IXR
Not Found: /wp-includes/IXR/index.php
Not Found: /wp-includes/SimplePie/index.php
Not Found: /wp-includes/Text
Not Found: /wp-includes/Text/Diff/Engine
Not Found: /wp-includes/block-bindings/index.php
Not Found: /wp-includes/block-supports
Not Found: /wp-includes/blocks/code
Not Found: /wp-includes/customize/chosen.php
Not Found: /wp-includes/html-api/index.php
Not Found: /wp-includes/index.php
Not Found: /wp-includes/js/dist/development/index.php
Not Found: /wp-includes/pomo/index.php
Not Found: /wp-includes/rest-api
Not Found: /wp-includes/sitemaps/autoload_classmap.php
Not Found: /wp-includes/theme-compat
Invalid HTTP_HOST header: 'www.wemisi.com'. You may need to add 'www.wemisi.com' to ALLOWED_HOSTS.
Traceback (most recent call last):
  File "/home/wemisico/virtualenv/wemisipy/3.13/lib/python3.13/site-packages/django/core/handlers/exception.py", line 55, in inner
    response = get_response(request)
  File "/home/wemisico/virtualenv/wemisipy/3.13/lib/python3.13/site-packages/django/utils/deprecation.py", line 133, in __call__
    response = self.process_request(request)
  File "/home/wemisico/virtualenv/wemisipy/3.13/lib/python3.13/site-packages/django/middleware/common.py", line 48, in process_request
    host = request.get_host()
  File "/home/wemisico/virtualenv/wemisipy/3.13/lib/python3.13/site-packages/django/http/request.py", line 150, in get_host
    raise DisallowedHost(msg)
django.core.exceptions.DisallowedHost: Invalid HTTP_HOST header: 'www.wemisi.com'. You may need to add 'www.wemisi.com' to ALLOWED_HOSTS.
Invalid HTTP_HOST header: 'www.wemisi.com'. You may need to add 'www.wemisi.com' to ALLOWED_HOSTS.
Traceback (most recent call last):
  File "/home/wemisico/virtualenv/wemisipy/3.13/lib/python3.13/site-packages/django/core/handlers/exception.py", line 55, in inner
    response = get_response(request)
  File "/home/wemisico/virtualenv/wemisipy/3.13/lib/python3.13/site-packages/django/utils/deprecation.py", line 133, in __call__
    response = self.process_request(request)
  File "/home/wemisico/virtualenv/wemisipy/3.13/lib/python3.13/site-packages/django/middleware/common.py", line 48, in process_request
    host = request.get_host()
  File "/home/wemisico/virtualenv/wemisipy/3.13/lib/python3.13/site-packages/django/http/request.py", line 150, in get_host
    raise DisallowedHost(msg)
django.core.exceptions.DisallowedHost: Invalid HTTP_HOST header: 'www.wemisi.com'. You may need to add 'www.wemisi.com' to ALLOWED_HOSTS.
Invalid HTTP_HOST header: 'www.wemisi.com'. You may need to add 'www.wemisi.com' to ALLOWED_HOSTS.
Traceback (most recent call last):
  File "/home/wemisico/virtualenv/wemisipy/3.13/lib/python3.13/site-packages/django/core/handlers/exception.py", line 55, in inner
    response = get_response(request)
  File "/home/wemisico/virtualenv/wemisipy/3.13/lib/python3.13/site-packages/django/utils/deprecation.py", line 133, in __call__
    response = self.process_request(request)
  File "/home/wemisico/virtualenv/wemisipy/3.13/lib/python3.13/site-packages/django/middleware/common.py", line 48, in process_request
    host = request.get_host()
  File "/home/wemisico/virtualenv/wemisipy/3.13/lib/python3.13/site-packages/django/http/request.py", line 150, in get_host
    raise DisallowedHost(msg)
django.core.exceptions.DisallowedHost: Invalid HTTP_HOST header: 'www.wemisi.com'. You may need to add 'www.wemisi.com' to ALLOWED_HOSTS.
Invalid HTTP_HOST header: 'www.wemisi.com'. You may need to add 'www.wemisi.com' to ALLOWED_HOSTS.
Traceback (most recent call last):
  File "/home/wemisico/virtualenv/wemisipy/3.13/lib/python3.13/site-packages/django/core/handlers/exception.py", line 55, in inner
    response = get_response(request)
  File "/home/wemisico/virtualenv/wemisipy/3.13/lib/python3.13/site-packages/django/utils/deprecation.py", line 133, in __call__
    response = self.process_request(request)
  File "/home/wemisico/virtualenv/wemisipy/3.13/lib/python3.13/site-packages/django/middleware/common.py", line 48, in process_request
    host = request.get_host()
  File "/home/wemisico/virtualenv/wemisipy/3.13/lib/python3.13/site-packages/django/http/request.py", line 150, in get_host
    raise DisallowedHost(msg)
django.core.exceptions.DisallowedHost: Invalid HTTP_HOST header: 'www.wemisi.com'. You may need to add 'www.wemisi.com' to ALLOWED_HOSTS.
Not Found: /apps
Not Found: /api/action
Not Found: /api/actions
Not Found: /_next/data
Forbidden (Referer checking failed - no Referer.): /
Not Found: /wp-good.php
Not Found: /ioxi-o.php
Not Found: /file.php
Not Found: /wp-admin/css/colors/blue
Not Found: /wp-signin.php
Not Found: /abcd.php
Not Found: /wp-includes/block-bindings
Not Found: /about.php
Not Found: /bless.php
Not Found: /images/install.php
Not Found: /num.php
Not Found: /txets.php
Not Found: /wp-blog.php
Not Found: /wp-content/admin-header.php
Not Found: /wp-content/themes/about.php
Not Found: /wp-includes/js/dist
Not Found: /wp-includes/rest-api/fields
Not Found: /wp.php
Not Found: /admin.php
Not Found: /adminfuns.php
Not Found: /chosen.php
Not Found: /classwithtostring.php
Not Found: /edit.php
Not Found: /goods.php
Not Found: /k.php
Not Found: /mah/function.php
Not Found: /wp-conflg/function.php
Not Found: /wp-content/admin.php
Not Found: /wp-content/languages/index.php
Not Found: /wp-includes/PHPMailer/index.php
Not Found: /wp-includes/images
Not Found: /wp-includes/images/index.php
Not Found: /wp-includes/js/dist/development
Not Found: /wp-user.php
Not Found: /404.php
Not Found: /akcc.php
Not Found: /gg.php
Not Found: /mah.php
Not Found: /new.php
Not Found: /themes.php
Not Found: /uploads/index.php
Not Found: /wp-admin
Not Found: /wp-admin/classwithtostring.php
Not Found: /wp-admin/css
Not Found: /wp-admin/css/about.php
Not Found: /wp-admin/includes/colour.php
Not Found: /wp-admin/js
Not Found: /wp-admin/js/autoload_classmap.php
Not Found: /wp-admin/js/widgets
Not Found: /wp-content/autoload_classmap.php
Not Found: /wp-content/backups-dup-lite
Not Found: /wp-content/languages
Not Found: /wp-content/plugins/admin.php
Not Found: /wp-content/themes/admin.php
Not Found: /wp-content/uploads
Not Found: /wp-content/uploads/2025
Not Found: /wp-includes/IXR
Not Found: /wp-includes/IXR/index.php
Not Found: /wp-includes/SimplePie/index.php
Not Found: /wp-includes/Text
Not Found: /wp-includes/Text/Diff/Engine
Not Found: /wp-includes/block-bindings/index.php
Not Found: /wp-includes/block-supports
Not Found: /wp-includes/blocks/code
Not Found: /wp-includes/customize/chosen.php
Not Found: /wp-includes/html-api/index.php
Not Found: /wp-includes/index.php
Not Found: /wp-includes/js/dist/development/index.php
Not Found: /wp-includes/pomo/index.php
Not Found: /wp-includes/rest-api
Not Found: /wp-includes/sitemaps/autoload_classmap.php
Not Found: /wp-includes/theme-compat
Not Found: /robots.txt
Not Found: /robots.txt
Not Found: /robots.txt
Not Found: /wp-good.php
Not Found: /ioxi-o.php
Not Found: /file.php
Not Found: /wp-admin/css/colors/blue
Not Found: /wp-signin.php
Not Found: /abcd.php
Not Found: /wp-includes/block-bindings
Not Found: /about.php
Not Found: /bless.php
Not Found: /images/install.php
Not Found: /num.php
Not Found: /txets.php
Not Found: /wp-blog.php
Not Found: /wp-content/admin-header.php
Not Found: /wp-content/themes/about.php
Not Found: /wp-includes/js/dist
Not Found: /wp-includes/rest-api/fields
Not Found: /wp.php
Not Found: /admin.php
Not Found: /adminfuns.php
Not Found: /chosen.php
Not Found: /classwithtostring.php
Not Found: /edit.php
Not Found: /goods.php
Not Found: /k.php
Not Found: /mah/function.php
Not Found: /wp-conflg/function.php
Not Found: /wp-content/admin.php
Not Found: /wp-content/languages/index.php
Not Found: /wp-includes/PHPMailer/index.php
Not Found: /wp-includes/images
Not Found: /wp-includes/images/index.php
Not Found: /wp-includes/js/dist/development
Not Found: /wp-user.php
Not Found: /404.php
Not Found: /akcc.php
Not Found: /gg.php
Not Found: /mah.php
Not Found: /new.php
Not Found: /themes.php
Not Found: /uploads/index.php
Not Found: /wp-admin
Not Found: /wp-admin/classwithtostring.php
Not Found: /wp-admin/css
Not Found: /wp-admin/css/about.php
Not Found: /wp-admin/includes/colour.php
Not Found: /wp-admin/js
Not Found: /wp-admin/js/autoload_classmap.php
Not Found: /wp-admin/js/widgets
Not Found: /wp-content/autoload_classmap.php
Not Found: /wp-content/backups-dup-lite
Not Found: /wp-content/languages
Not Found: /wp-content/plugins/admin.php
Not Found: /wp-content/themes/admin.php
Not Found: /wp-content/uploads
Not Found: /wp-content/uploads/2025
Not Found: /wp-includes/IXR
Not Found: /wp-includes/IXR/index.php
Not Found: /wp-includes/SimplePie/index.php
Not Found: /wp-includes/Text
Not Found: /wp-includes/Text/Diff/Engine
Not Found: /wp-includes/block-bindings/index.php
Not Found: /wp-includes/block-supports
Not Found: /wp-includes/blocks/code
Not Found: /wp-includes/customize/chosen.php
Not Found: /wp-includes/html-api/index.php
Not Found: /wp-includes/index.php
Not Found: /wp-includes/js/dist/development/index.php
Not Found: /wp-includes/pomo/index.php
Not Found: /wp-includes/rest-api
Not Found: /wp-includes/sitemaps/autoload_classmap.php
Not Found: /wp-includes/theme-compat
Invalid HTTP_HOST header: 'www.wemisi.com'. You may need to add 'www.wemisi.com' to ALLOWED_HOSTS.
Traceback (most recent call last):
  File "/home/wemisico/virtualenv/wemisipy/3.13/lib/python3.13/site-packages/django/core/handlers/exception.py", line 55, in inner
    response = get_response(request)
  File "/home/wemisico/virtualenv/wemisipy/3.13/lib/python3.13/site-packages/django/utils/deprecation.py", line 133, in __call__
    response = self.process_request(request)
  File "/home/wemisico/virtualenv/wemisipy/3.13/lib/python3.13/site-packages/django/middleware/common.py", line 48, in process_request
    host = request.get_host()
  File "/home/wemisico/virtualenv/wemisipy/3.13/lib/python3.13/site-packages/django/http/request.py", line 150, in get_host
    raise DisallowedHost(msg)
django.core.exceptions.DisallowedHost: Invalid HTTP_HOST header: 'www.wemisi.com'. You may need to add 'www.wemisi.com' to ALLOWED_HOSTS.
Invalid HTTP_HOST header: 'www.wemisi.com'. You may need to add 'www.wemisi.com' to ALLOWED_HOSTS.
Traceback (most recent call last):
  File "/home/wemisico/virtualenv/wemisipy/3.13/lib/python3.13/site-packages/django/core/handlers/exception.py", line 55, in inner
    response = get_response(request)
  File "/home/wemisico/virtualenv/wemisipy/3.13/lib/python3.13/site-packages/django/utils/deprecation.py", line 133, in __call__
    response = self.process_request(request)
  File "/home/wemisico/virtualenv/wemisipy/3.13/lib/python3.13/site-packages/django/middleware/common.py", line 48, in process_request
    host = request.get_host()
  File "/home/wemisico/virtualenv/wemisipy/3.13/lib/python3.13/site-packages/django/http/request.py", line 150, in get_host
    raise DisallowedHost(msg)
django.core.exceptions.DisallowedHost: Invalid HTTP_HOST header: 'www.wemisi.com'. You may need to add 'www.wemisi.com' to ALLOWED_HOSTS.
Not Found: /robots.txt
Not Found: /fence.html
Invalid HTTP_HOST header: 'www.wemisi.com'. You may need to add 'www.wemisi.com' to ALLOWED_HOSTS.
Traceback (most recent call last):
  File "/home/wemisico/virtualenv/wemisipy/3.13/lib/python3.13/site-packages/django/core/handlers/exception.py", line 55, in inner
    response = get_response(request)
  File "/home/wemisico/virtualenv/wemisipy/3.13/lib/python3.13/site-packages/django/utils/deprecation.py", line 133, in __call__
    response = self.process_request(request)
  File "/home/wemisico/virtualenv/wemisipy/3.13/lib/python3.13/site-packages/django/middleware/common.py", line 48, in process_request
    host = request.get_host()
  File "/home/wemisico/virtualenv/wemisipy/3.13/lib/python3.13/site-packages/django/http/request.py", line 150, in get_host
    raise DisallowedHost(msg)
django.core.exceptions.DisallowedHost: Invalid HTTP_HOST header: 'www.wemisi.com'. You may need to add 'www.wemisi.com' to ALLOWED_HOSTS.
Invalid HTTP_HOST header: 'www.wemisi.com'. You may need to add 'www.wemisi.com' to ALLOWED_HOSTS.
Traceback (most recent call last):
  File "/home/wemisico/virtualenv/wemisipy/3.13/lib/python3.13/site-packages/django/core/handlers/exception.py", line 55, in inner
    response = get_response(request)
  File "/home/wemisico/virtualenv/wemisipy/3.13/lib/python3.13/site-packages/django/utils/deprecation.py", line 133, in __call__
    response = self.process_request(request)
  File "/home/wemisico/virtualenv/wemisipy/3.13/lib/python3.13/site-packages/django/middleware/common.py", line 48, in process_request
    host = request.get_host()
  File "/home/wemisico/virtualenv/wemisipy/3.13/lib/python3.13/site-packages/django/http/request.py", line 150, in get_host
    raise DisallowedHost(msg)
django.core.exceptions.DisallowedHost: Invalid HTTP_HOST header: 'www.wemisi.com'. You may need to add 'www.wemisi.com' to ALLOWED_HOSTS.
Invalid HTTP_HOST header: 'www.wemisi.com'. You may need to add 'www.wemisi.com' to ALLOWED_HOSTS.
Traceback (most recent call last):
  File "/home/wemisico/virtualenv/wemisipy/3.13/lib/python3.13/site-packages/django/core/handlers/exception.py", line 55, in inner
    response = get_response(request)
  File "/home/wemisico/virtualenv/wemisipy/3.13/lib/python3.13/site-packages/django/utils/deprecation.py", line 133, in __call__
    response = self.process_request(request)
  File "/home/wemisico/virtualenv/wemisipy/3.13/lib/python3.13/site-packages/django/middleware/common.py", line 48, in process_request
    host = request.get_host()
  File "/home/wemisico/virtualenv/wemisipy/3.13/lib/python3.13/site-packages/django/http/request.py", line 150, in get_host
    raise DisallowedHost(msg)
django.core.exceptions.DisallowedHost: Invalid HTTP_HOST header: 'www.wemisi.com'. You may need to add 'www.wemisi.com' to ALLOWED_HOSTS.
Invalid HTTP_HOST header: 'www.wemisi.com'. You may need to add 'www.wemisi.com' to ALLOWED_HOSTS.
Traceback (most recent call last):
  File "/home/wemisico/virtualenv/wemisipy/3.13/lib/python3.13/site-packages/django/core/handlers/exception.py", line 55, in inner
    response = get_response(request)
  File "/home/wemisico/virtualenv/wemisipy/3.13/lib/python3.13/site-packages/django/utils/deprecation.py", line 133, in __call__
    response = self.process_request(request)
  File "/home/wemisico/virtualenv/wemisipy/3.13/lib/python3.13/site-packages/django/middleware/common.py", line 48, in process_request
    host = request.get_host()
  File "/home/wemisico/virtualenv/wemisipy/3.13/lib/python3.13/site-packages/django/http/request.py", line 150, in get_host
    raise DisallowedHost(msg)
django.core.exceptions.DisallowedHost: Invalid HTTP_HOST header: 'www.wemisi.com'. You may need to add 'www.wemisi.com' to ALLOWED_HOSTS.
Not Found: /wp-good.php
Not Found: /ioxi-o.php
Not Found: /file.php
Not Found: /wp-admin/css/colors/blue
Not Found: /wp-signin.php
Not Found: /abcd.php
Not Found: /wp-includes/block-bindings
Not Found: /about.php
Not Found: /bless.php
Not Found: /images/install.php
Not Found: /num.php
Not Found: /txets.php
Not Found: /wp-blog.php
Not Found: /wp-content/admin-header.php
Not Found: /wp-content/themes/about.php
Not Found: /wp-includes/js/dist
Not Found: /wp-includes/rest-api/fields
Not Found: /wp.php
Not Found: /admin.php
Not Found: /adminfuns.php
Not Found: /chosen.php
Not Found: /classwithtostring.php
Not Found: /edit.php
Not Found: /goods.php
Not Found: /k.php
Not Found: /mah/function.php
Not Found: /wp-conflg/function.php
Not Found: /wp-content/admin.php
Not Found: /wp-content/languages/index.php
Not Found: /wp-includes/PHPMailer/index.php
Not Found: /wp-includes/images
Not Found: /wp-includes/images/index.php
Not Found: /wp-includes/js/dist/development
Not Found: /wp-user.php
Not Found: /404.php
Not Found: /akcc.php
Not Found: /gg.php
Not Found: /mah.php
Not Found: /new.php
Not Found: /themes.php
Not Found: /uploads/index.php
Not Found: /wp-admin
Not Found: /wp-admin/classwithtostring.php
Not Found: /wp-admin/css
Not Found: /wp-admin/css/about.php
Not Found: /wp-admin/includes/colour.php
Not Found: /wp-admin/js
Not Found: /wp-admin/js/autoload_classmap.php
Not Found: /wp-admin/js/widgets
Not Found: /wp-content/autoload_classmap.php
Not Found: /wp-content/backups-dup-lite
Not Found: /wp-content/languages
Not Found: /wp-content/plugins/admin.php
Not Found: /wp-content/themes/admin.php
Not Found: /wp-content/uploads
Not Found: /wp-content/uploads/2025
Not Found: /wp-includes/IXR
Not Found: /wp-includes/IXR/index.php
Not Found: /wp-includes/SimplePie/index.php
Not Found: /wp-includes/Text
Not Found: /wp-includes/Text/Diff/Engine
Not Found: /wp-includes/block-bindings/index.php
Not Found: /wp-includes/block-supports
Not Found: /wp-includes/blocks/code
Not Found: /wp-includes/customize/chosen.php
Not Found: /wp-includes/html-api/index.php
Not Found: /wp-includes/index.php
Not Found: /wp-includes/js/dist/development/index.php
Not Found: /wp-includes/pomo/index.php
Not Found: /wp-includes/rest-api
Not Found: /wp-includes/sitemaps/autoload_classmap.php
Not Found: /wp-includes/theme-compat
Invalid HTTP_HOST header: 'www.wemisi.com'. You may need to add 'www.wemisi.com' to ALLOWED_HOSTS.
Traceback (most recent call last):
  File "/home/wemisico/virtualenv/wemisipy/3.13/lib/python3.13/site-packages/django/core/handlers/exception.py", line 55, in inner
    response = get_response(request)
  File "/home/wemisico/virtualenv/wemisipy/3.13/lib/python3.13/site-packages/django/utils/deprecation.py", line 133, in __call__
    response = self.process_request(request)
  File "/home/wemisico/virtualenv/wemisipy/3.13/lib/python3.13/site-packages/django/middleware/common.py", line 48, in process_request
    host = request.get_host()
  File "/home/wemisico/virtualenv/wemisipy/3.13/lib/python3.13/site-packages/django/http/request.py", line 150, in get_host
    raise DisallowedHost(msg)
django.core.exceptions.DisallowedHost: Invalid HTTP_HOST header: 'www.wemisi.com'. You may need to add 'www.wemisi.com' to ALLOWED_HOSTS.
Invalid HTTP_HOST header: 'www.wemisi.com'. You may need to add 'www.wemisi.com' to ALLOWED_HOSTS.
Traceback (most recent call last):
  File "/home/wemisico/virtualenv/wemisipy/3.13/lib/python3.13/site-packages/django/core/handlers/exception.py", line 55, in inner
    response = get_response(request)
  File "/home/wemisico/virtualenv/wemisipy/3.13/lib/python3.13/site-packages/django/utils/deprecation.py", line 133, in __call__
    response = self.process_request(request)
  File "/home/wemisico/virtualenv/wemisipy/3.13/lib/python3.13/site-packages/django/middleware/common.py", line 48, in process_request
    host = request.get_host()
  File "/home/wemisico/virtualenv/wemisipy/3.13/lib/python3.13/site-packages/django/http/request.py", line 150, in get_host
    raise DisallowedHost(msg)
django.core.exceptions.DisallowedHost: Invalid HTTP_HOST header: 'www.wemisi.com'. You may need to add 'www.wemisi.com' to ALLOWED_HOSTS.
Invalid HTTP_HOST header: 'www.wemisi.com'. You may need to add 'www.wemisi.com' to ALLOWED_HOSTS.
Traceback (most recent call last):
  File "/home/wemisico/virtualenv/wemisipy/3.13/lib/python3.13/site-packages/django/core/handlers/exception.py", line 55, in inner
    response = get_response(request)
  File "/home/wemisico/virtualenv/wemisipy/3.13/lib/python3.13/site-packages/django/utils/deprecation.py", line 133, in __call__
    response = self.process_request(request)
  File "/home/wemisico/virtualenv/wemisipy/3.13/lib/python3.13/site-packages/django/middleware/common.py", line 48, in process_request
    host = request.get_host()
  File "/home/wemisico/virtualenv/wemisipy/3.13/lib/python3.13/site-packages/django/http/request.py", line 150, in get_host
    raise DisallowedHost(msg)
django.core.exceptions.DisallowedHost: Invalid HTTP_HOST header: 'www.wemisi.com'. You may need to add 'www.wemisi.com' to ALLOWED_HOSTS.
Not Found: /robots.txt
Not Found: /robots.txt
Invalid HTTP_HOST header: 'www.wemisi.com'. You may need to add 'www.wemisi.com' to ALLOWED_HOSTS.
Traceback (most recent call last):
  File "/home/wemisico/virtualenv/wemisipy/3.13/lib/python3.13/site-packages/django/core/handlers/exception.py", line 55, in inner
    response = get_response(request)
  File "/home/wemisico/virtualenv/wemisipy/3.13/lib/python3.13/site-packages/django/utils/deprecation.py", line 133, in __call__
    response = self.process_request(request)
  File "/home/wemisico/virtualenv/wemisipy/3.13/lib/python3.13/site-packages/django/middleware/common.py", line 48, in process_request
    host = request.get_host()
  File "/home/wemisico/virtualenv/wemisipy/3.13/lib/python3.13/site-packages/django/http/request.py", line 150, in get_host
    raise DisallowedHost(msg)
django.core.exceptions.DisallowedHost: Invalid HTTP_HOST header: 'www.wemisi.com'. You may need to add 'www.wemisi.com' to ALLOWED_HOSTS.
Invalid HTTP_HOST header: 'www.wemisi.com'. You may need to add 'www.wemisi.com' to ALLOWED_HOSTS.
Traceback (most recent call last):
  File "/home/wemisico/virtualenv/wemisipy/3.13/lib/python3.13/site-packages/django/core/handlers/exception.py", line 55, in inner
    response = get_response(request)
  File "/home/wemisico/virtualenv/wemisipy/3.13/lib/python3.13/site-packages/django/utils/deprecation.py", line 133, in __call__
    response = self.process_request(request)
  File "/home/wemisico/virtualenv/wemisipy/3.13/lib/python3.13/site-packages/django/middleware/common.py", line 48, in process_request
    host = request.get_host()
  File "/home/wemisico/virtualenv/wemisipy/3.13/lib/python3.13/site-packages/django/http/request.py", line 150, in get_host
    raise DisallowedHost(msg)
django.core.exceptions.DisallowedHost: Invalid HTTP_HOST header: 'www.wemisi.com'. You may need to add 'www.wemisi.com' to ALLOWED_HOSTS.
Not Found: /wp-admin/css/
Not Found: /.well-known/
Not Found: /sites/default/files/
Not Found: /uploads/
Not Found: /images/
Not Found: /files/
Invalid HTTP_HOST header: 'www.wemisi.com'. You may need to add 'www.wemisi.com' to ALLOWED_HOSTS.
Traceback (most recent call last):
  File "/home/wemisico/virtualenv/wemisipy/3.13/lib/python3.13/site-packages/django/core/handlers/exception.py", line 55, in inner
    response = get_response(request)
  File "/home/wemisico/virtualenv/wemisipy/3.13/lib/python3.13/site-packages/django/utils/deprecation.py", line 133, in __call__
    response = self.process_request(request)
  File "/home/wemisico/virtualenv/wemisipy/3.13/lib/python3.13/site-packages/django/middleware/common.py", line 48, in process_request
    host = request.get_host()
  File "/home/wemisico/virtualenv/wemisipy/3.13/lib/python3.13/site-packages/django/http/request.py", line 150, in get_host
    raise DisallowedHost(msg)
django.core.exceptions.DisallowedHost: Invalid HTTP_HOST header: 'www.wemisi.com'. You may need to add 'www.wemisi.com' to ALLOWED_HOSTS.
Invalid HTTP_HOST header: 'www.wemisi.com'. You may need to add 'www.wemisi.com' to ALLOWED_HOSTS.
Traceback (most recent call last):
  File "/home/wemisico/virtualenv/wemisipy/3.13/lib/python3.13/site-packages/django/core/handlers/exception.py", line 55, in inner
    response = get_response(request)
  File "/home/wemisico/virtualenv/wemisipy/3.13/lib/python3.13/site-packages/django/utils/deprecation.py", line 133, in __call__
    response = self.process_request(request)
  File "/home/wemisico/virtualenv/wemisipy/3.13/lib/python3.13/site-packages/django/middleware/common.py", line 48, in process_request
    host = request.get_host()
  File "/home/wemisico/virtualenv/wemisipy/3.13/lib/python3.13/site-packages/django/http/request.py", line 150, in get_host
    raise DisallowedHost(msg)
django.core.exceptions.DisallowedHost: Invalid HTTP_HOST header: 'www.wemisi.com'. You may need to add 'www.wemisi.com' to ALLOWED_HOSTS.
Invalid HTTP_HOST header: 'www.wemisi.com'. You may need to add 'www.wemisi.com' to ALLOWED_HOSTS.
Traceback (most recent call last):
  File "/home/wemisico/virtualenv/wemisipy/3.13/lib/python3.13/site-packages/django/core/handlers/exception.py", line 55, in inner
    response = get_response(request)
  File "/home/wemisico/virtualenv/wemisipy/3.13/lib/python3.13/site-packages/django/utils/deprecation.py", line 133, in __call__
    response = self.process_request(request)
  File "/home/wemisico/virtualenv/wemisipy/3.13/lib/python3.13/site-packages/django/middleware/common.py", line 48, in process_request
    host = request.get_host()
  File "/home/wemisico/virtualenv/wemisipy/3.13/lib/python3.13/site-packages/django/http/request.py", line 150, in get_host
    raise DisallowedHost(msg)
django.core.exceptions.DisallowedHost: Invalid HTTP_HOST header: 'www.wemisi.com'. You may need to add 'www.wemisi.com' to ALLOWED_HOSTS.
Not Found: /robots.txt
Not Found: /.well-known/index.php
Not Found: /404.php
Not Found: /aa.php
Not Found: /abcd.php
Not Found: /admin.php
Not Found: /adminfuns.php
Not Found: /ahax.php
Not Found: /akcc.php
Not Found: /alfa.php
Not Found: /assets/images/
Not Found: /autoload_classmap/function.php
Not Found: /av.php
Not Found: /bless.php
Not Found: /bolt.php
Not Found: /buy.php
Not Found: /cgi-bin/file.php
Not Found: /cgi-bin/index.php
Not Found: /chosen.php
Not Found: /classwithtostring.php
Not Found: /edit.php
Not Found: /elp.php
Not Found: /file.php
Not Found: /files/
Not Found: /gg.php
Not Found: /goods.php
Not Found: /images/
Not Found: /images/install.php
Not Found: /info.php
Not Found: /ioxi-o.php
Not Found: /k.php
Not Found: /mah.php
Not Found: /mah/function.php
Not Found: /manager.php
Not Found: /mini
Not Found: /modules/mod_simplefileuploadv1.3/elements/index.php
Not Found: /new.php
Not Found: /public/files/index.php
Not Found: /public/wp-content/index.php
Not Found: /radio.php
Not Found: /themes.php
Not Found: /uploads/index.php
Not Found: /wp-admin/
Not Found: /wp-admin/classwithtostring.php
Not Found: /wp-admin/css/
Not Found: /wp-admin/css/about.php
Not Found: /wp-admin/css/colors/blue/
Not Found: /wp-admin/images/index.php
Not Found: /wp-admin/includes/colour.php
Not Found: /wp-admin/index.php
Not Found: /wp-admin/js/
Not Found: /wp-admin/js/index.php
Not Found: /wp-admin/js/widgets/
Not Found: /wp-admin/network/admin.php
Not Found: /wp-admin/wp-admins.php
Not Found: /wp-blog.php
Not Found: /wp-conflg/function.php
Not Found: /wp-content/admin-header.php
Not Found: /wp-content/admin.php
Not Found: /wp-content/autoload_classmap.php
Not Found: /wp-content/backups-dup-lite/
Not Found: /wp-content/index.php
Not Found: /wp-content/languages/
Not Found: /wp-content/languages/index.php
Not Found: /wp-content/plugins/admin.php
Not Found: /wp-content/themes/
Not Found: /wp-content/themes/about.php
Not Found: /wp-content/themes/admin.php
Not Found: /wp-content/upgrade/index.php
Not Found: /wp-content/uploads/
Not Found: /wp-content/uploads/2025/
Not Found: /wp-content/uploads/index.php
Not Found: /wp-good.php
Not Found: /wp-includes/ID3/
Not Found: /wp-includes/ID3/simi.php
Not Found: /wp-includes/IXR/
Not Found: /wp-includes/PHPMailer/index.php
Not Found: /wp-includes/Requests/index.php
Not Found: /wp-includes/SimplePie/autoload_classmap.php
Not Found: /wp-includes/SimplePie/index.php
Not Found: /wp-includes/Text/
Not Found: /wp-includes/Text/Diff/Engine/
Not Found: /wp-includes/Text/Diff/Renderer/index.php
Not Found: /wp-includes/assets/autoload_classmap.php
Not Found: /wp-includes/bk/index.php
Not Found: /wp-includes/block-bindings/
Not Found: /wp-includes/block-supports/
Not Found: /wp-includes/blocks/code/
Not Found: /wp-includes/certificates/
Not Found: /wp-includes/css/autoload_classmap.php
Not Found: /wp-includes/customize/chosen.php
Not Found: /wp-includes/html-api/index.php
Not Found: /wp-includes/images/
Not Found: /wp-includes/index.php
Not Found: /wp-includes/js/codemirror/index.php
Not Found: /wp-includes/js/crop/
Not Found: /wp-includes/js/dist/
Not Found: /wp-includes/js/dist/development/
Not Found: /wp-includes/pomo/index.php
Not Found: /wp-includes/random_compat/index.php
Not Found: /wp-includes/rest-api/fields/
Not Found: /wp-includes/rest-api/index.php
Not Found: /wp-includes/sitemaps/autoload_classmap.php
Not Found: /wp-includes/sitemaps/providers/index.php
Not Found: /wp-includes/style-engine/autoload_classmap.php
Not Found: /wp-includes/style-engine/wp-conflg.php
Not Found: /wp-includes/theme-compat/
Not Found: /wp-login.php
Not Found: /wp-signin.php
Not Found: /wp-user.php
Not Found: /wp.php
Not Found: /wp-content/plugins/hellopress/wp_filemanager.php
Not Found: /class-t.api.php
Not Found: /zwso.php
Not Found: /wp-admin/css/colors/blue/index.php
Not Found: /class19.php
Not Found: /class20.php
Not Found: /admin.php
Not Found: /randkeyword.php
Not Found: /fwe.php
Not Found: /images/m.php
Not Found: /g.php
Not Found: /tx1.php
Not Found: /xv.php
Not Found: /x56.php
Not Found: /htaccess.php
Not Found: /readme.php
Not Found: /x50.php
Not Found: /fv.php
Not Found: /file.php
Not Found: /lsd.php
Not Found: /as.php
Not Found: /wsd.php
Not Found: /gtc.php
Not Found: /atx.php
Not Found: /z60.php
Not Found: /403.php
Not Found: /m.php
Not Found: /themes.php
Not Found: /wp-admin/maint/about.php
Not Found: /wp-admin/network/wp-conflg.php
Not Found: /click.php
Not Found: /install.php
Not Found: /lv.php
Not Found: /simple.php
Not Found: /css.php
Not Found: /cong.php
Not Found: /wp-includes/images/wp-login.php
Not Found: /cong.php
Not Found: /w.php
Not Found: /404.php
Not Found: /ioxi-o.php
Not Found: /0x.php
Not Found: /css.php
Not Found: /222.php
Not Found: /wp-content/index.php
Not Found: /admin.php
Not Found: /wp-admin/maint/maint.php
Not Found: /classwithtostring.php
Not Found: /abcd.php
Not Found: /autoload_classmap.php
Not Found: /inputs.php
Not Found: /about.php
Not Found: /alfa.php
Not Found: /themes/twentytwentytwo/index.php
Not Found: /wp-admin/js/wp-conflg.php
Not Found: /wp-admin/wp-conflg.php
Not Found: /wp-admin/css/wp-conflg.php
Not Found: /manager.php
Not Found: /item.php
Not Found: /plugins/Cache/footer.php
Not Found: /404.php
Not Found: /mail.php
Not Found: /wp-content/plugins/index.php
Not Found: /sx.php
Not Found: /wp-admin/maint/admin.php
Not Found: /alfa.php
Not Found: /1.php
Not Found: /byp.php
Not Found: /wp-trackback.php
Not Found: /.well-known/index.php
Not Found: /wp-admin/network/plugins.php
Not Found: /wp-admin/about.php
Not Found: /gmo.php
Not Found: /wp-includes/ID3/about.php
Not Found: /css/index.php
Not Found: /wp-includes/SimplePie/wp-login.php
Not Found: /wp-content/themes/about.php
Not Found: /filemanager/dialog.php
Not Found: /wp-includes/customize/about.php
Not Found: /index/function.php
Not Found: /uploads/autoload_classmap.php
Not Found: /wp-includes/style-engine/about.php
Not Found: /ww1.php
Not Found: /about/function.php
Not Found: /.well-known/acme-challenge/index.php
Not Found: /css/colors/blue/index.php
Not Found: /security.php
Not Found: /wp-admin/user/about.php
Not Found: /wp-admin/js/index.php
Not Found: /wp-content/upgrade/about.php
Not Found: /wp-includes/assets/index.php
Not Found: /wp-content/radio.php
Not Found: /wp-includes/fonts/index.php
Not Found: /.well-known/admin.php
Not Found: /wp-content/admin.php
Not Found: /wp-content/plugins/admin.php
Not Found: /wp-content/themes/twentytwentytwo/index.php
Not Found: /.well-known/log.php
Not Found: /class.php
Not Found: /bless5.php
Not Found: /wp-includes/js/codemirror/index.php
Not Found: /wp-includes/block-patterns/index.php
Not Found: /lock360.php
Not Found: /f35.php
Not Found: /ioxi-o1.php
Not Found: /juuuu.php
Not Found: /ha.php
Not Found: /gg.php
Not Found: /we2.php
Not Found: /04.php
Not Found: /333.php
Not Found: /520.php
Not Found: /ar.php
Not Found: /x.php
Not Found: /xx.php
Not Found: /gifclass4.php
Not Found: /2clas.php
Not Found: /ave.php
Not Found: /wrt.php
Not Found: /bibil.php
Not Found: /radio.php
Not Found: /files.php
Not Found: /file7.php
Not Found: /gifclass.php
Not Found: /wp-admin/css/colors/midnight/about.php
Not Found: /nox.php
Not Found: /file48.php
Not Found: /info.php
Not Found: /class9.php
Not Found: /la.php
Not Found: /bless11.php
Not Found: /ccou.php
Not Found: /ton.php
Not Found: /403.php
Not Found: /file9.php
Not Found: /ac.php
Not Found: /new4.php
Not Found: /pop.php
Not Found: /az.php
Not Found: /xaz.php
Not Found: /up4.php
Not Found: /1aa.php
Not Found: /elp.php
Not Found: /wtz.php
Not Found: /galex.php
Not Found: /xb.php
Not Found: /ova.php
Not Found: /vx.php
Not Found: /rh.php
Not Found: /wp-good.php
Not Found: /ioxi-o.php
Not Found: /file.php
Not Found: /wp-admin/css/colors/blue
Not Found: /wp-signin.php
Not Found: /abcd.php
Not Found: /wp-includes/block-bindings
Not Found: /about.php
Not Found: /bless.php
Not Found: /images/install.php
Not Found: /num.php
Not Found: /txets.php
Not Found: /wp-blog.php
Not Found: /wp-content/admin-header.php
Not Found: /wp-content/themes/about.php
Not Found: /wp-includes/js/dist
Not Found: /wp-includes/rest-api/fields
Not Found: /wp.php
Not Found: /admin.php
Not Found: /adminfuns.php
Not Found: /chosen.php
Not Found: /classwithtostring.php
Not Found: /edit.php
Not Found: /goods.php
Not Found: /k.php
Not Found: /mah/function.php
Not Found: /wp-conflg/function.php
Not Found: /wp-content/admin.php
Not Found: /wp-content/languages/index.php
Not Found: /wp-includes/PHPMailer/index.php
Not Found: /wp-includes/images
Not Found: /wp-includes/images/index.php
Not Found: /wp-includes/js/dist/development
Not Found: /wp-user.php
Not Found: /404.php
Not Found: /akcc.php
Not Found: /gg.php
Not Found: /mah.php
Not Found: /new.php
Not Found: /themes.php
Not Found: /uploads/index.php
Not Found: /wp-admin
Not Found: /wp-admin/classwithtostring.php
Not Found: /wp-admin/css
Not Found: /wp-admin/css/about.php
Not Found: /wp-admin/includes/colour.php
Not Found: /wp-admin/js
Not Found: /wp-admin/js/autoload_classmap.php
Not Found: /wp-admin/js/widgets
Not Found: /wp-content/autoload_classmap.php
Not Found: /wp-content/backups-dup-lite
Not Found: /wp-content/languages
Not Found: /wp-content/plugins/admin.php
Not Found: /wp-content/themes/admin.php
Not Found: /wp-content/uploads
Not Found: /wp-content/uploads/2025
Not Found: /wp-includes/IXR
Not Found: /wp-includes/IXR/index.php
Not Found: /wp-includes/SimplePie/index.php
Not Found: /wp-includes/Text
Not Found: /wp-includes/Text/Diff/Engine
Not Found: /wp-includes/block-bindings/index.php
Not Found: /wp-includes/block-supports
Not Found: /wp-includes/blocks/code
Not Found: /wp-includes/customize/chosen.php
Not Found: /wp-includes/html-api/index.php
Not Found: /wp-includes/index.php
Not Found: /wp-includes/js/dist/development/index.php
Not Found: /wp-includes/pomo/index.php
Not Found: /wp-includes/rest-api
Not Found: /wp-includes/sitemaps/autoload_classmap.php
Not Found: /wp-includes/theme-compat
Not Found: /robots.txt
Invalid HTTP_HOST header: 'www.wemisi.com'. You may need to add 'www.wemisi.com' to ALLOWED_HOSTS.
Traceback (most recent call last):
  File "/home/wemisico/virtualenv/wemisipy/3.13/lib/python3.13/site-packages/django/core/handlers/exception.py", line 55, in inner
    response = get_response(request)
  File "/home/wemisico/virtualenv/wemisipy/3.13/lib/python3.13/site-packages/django/utils/deprecation.py", line 133, in __call__
    response = self.process_request(request)
  File "/home/wemisico/virtualenv/wemisipy/3.13/lib/python3.13/site-packages/django/middleware/common.py", line 48, in process_request
    host = request.get_host()
  File "/home/wemisico/virtualenv/wemisipy/3.13/lib/python3.13/site-packages/django/http/request.py", line 150, in get_host
    raise DisallowedHost(msg)
django.core.exceptions.DisallowedHost: Invalid HTTP_HOST header: 'www.wemisi.com'. You may need to add 'www.wemisi.com' to ALLOWED_HOSTS.
Invalid HTTP_HOST header: 'www.wemisi.com'. You may need to add 'www.wemisi.com' to ALLOWED_HOSTS.
Traceback (most recent call last):
  File "/home/wemisico/virtualenv/wemisipy/3.13/lib/python3.13/site-packages/django/core/handlers/exception.py", line 55, in inner
    response = get_response(request)
  File "/home/wemisico/virtualenv/wemisipy/3.13/lib/python3.13/site-packages/django/utils/deprecation.py", line 133, in __call__
    response = self.process_request(request)
  File "/home/wemisico/virtualenv/wemisipy/3.13/lib/python3.13/site-packages/django/middleware/common.py", line 48, in process_request
    host = request.get_host()
  File "/home/wemisico/virtualenv/wemisipy/3.13/lib/python3.13/site-packages/django/http/request.py", line 150, in get_host
    raise DisallowedHost(msg)
django.core.exceptions.DisallowedHost: Invalid HTTP_HOST header: 'www.wemisi.com'. You may need to add 'www.wemisi.com' to ALLOWED_HOSTS.
Not Found: /images/marble%20eldo%20white.png
Not Found: /images/marble%20eldo%20white.png
Not Found: /wp-includes/wlwmanifest.xml
Not Found: /blog/wp-includes/wlwmanifest.xml
Not Found: /web/wp-includes/wlwmanifest.xml
Not Found: /wordpress/wp-includes/wlwmanifest.xml
Not Found: /website/wp-includes/wlwmanifest.xml
Not Found: /wp/wp-includes/wlwmanifest.xml
Not Found: /news/wp-includes/wlwmanifest.xml
Not Found: /2020/wp-includes/wlwmanifest.xml
Not Found: /2019/wp-includes/wlwmanifest.xml
Not Found: /shop/wp-includes/wlwmanifest.xml
Not Found: /wp1/wp-includes/wlwmanifest.xml
Not Found: /test/wp-includes/wlwmanifest.xml
Not Found: /wp2/wp-includes/wlwmanifest.xml
Not Found: /site/wp-includes/wlwmanifest.xml
Not Found: /cms/wp-includes/wlwmanifest.xml
Not Found: /sito/wp-includes/wlwmanifest.xml
Invalid HTTP_HOST header: 'www.wemisi.com'. You may need to add 'www.wemisi.com' to ALLOWED_HOSTS.
Traceback (most recent call last):
  File "/home/wemisico/virtualenv/wemisipy/3.13/lib/python3.13/site-packages/django/core/handlers/exception.py", line 55, in inner
    response = get_response(request)
  File "/home/wemisico/virtualenv/wemisipy/3.13/lib/python3.13/site-packages/django/utils/deprecation.py", line 133, in __call__
    response = self.process_request(request)
  File "/home/wemisico/virtualenv/wemisipy/3.13/lib/python3.13/site-packages/django/middleware/common.py", line 48, in process_request
    host = request.get_host()
  File "/home/wemisico/virtualenv/wemisipy/3.13/lib/python3.13/site-packages/django/http/request.py", line 150, in get_host
    raise DisallowedHost(msg)
django.core.exceptions.DisallowedHost: Invalid HTTP_HOST header: 'www.wemisi.com'. You may need to add 'www.wemisi.com' to ALLOWED_HOSTS.
Invalid HTTP_HOST header: 'www.wemisi.com'. You may need to add 'www.wemisi.com' to ALLOWED_HOSTS.
Traceback (most recent call last):
  File "/home/wemisico/virtualenv/wemisipy/3.13/lib/python3.13/site-packages/django/core/handlers/exception.py", line 55, in inner
    response = get_response(request)
  File "/home/wemisico/virtualenv/wemisipy/3.13/lib/python3.13/site-packages/django/utils/deprecation.py", line 133, in __call__
    response = self.process_request(request)
  File "/home/wemisico/virtualenv/wemisipy/3.13/lib/python3.13/site-packages/django/middleware/common.py", line 48, in process_request
    host = request.get_host()
  File "/home/wemisico/virtualenv/wemisipy/3.13/lib/python3.13/site-packages/django/http/request.py", line 150, in get_host
    raise DisallowedHost(msg)
django.core.exceptions.DisallowedHost: Invalid HTTP_HOST header: 'www.wemisi.com'. You may need to add 'www.wemisi.com' to ALLOWED_HOSTS.
Not Found: /robots.txt
Not Found: /index.html
Not Found: /xctwalms
Not Found: /xctwalms
Not Found: /xctwalms
Not Found: /eaqigvyu
Not Found: /eaqigvyu
Not Found: /eaqigvyu
Not Found: /ucqmxils
Not Found: /ucqmxils
Not Found: /ucqmxils
Not Found: /nktwbxcf
Not Found: /nktwbxcf
Not Found: /nktwbxcf
Not Found: /robots.txt
Not Found: /wp-includes/ID3/license.txt
Not Found: /feed/
Not Found: /blog/wp-includes/wlwmanifest.xml
Not Found: /web/wp-includes/wlwmanifest.xml
Not Found: /wordpress/wp-includes/wlwmanifest.xml
Not Found: /wp/wp-includes/wlwmanifest.xml
Not Found: /2020/wp-includes/wlwmanifest.xml
Not Found: /2019/wp-includes/wlwmanifest.xml
Not Found: /2021/wp-includes/wlwmanifest.xml
Not Found: /shop/wp-includes/wlwmanifest.xml
Not Found: /wp1/wp-includes/wlwmanifest.xml
Not Found: /test/wp-includes/wlwmanifest.xml
Not Found: /site/wp-includes/wlwmanifest.xml
Not Found: /cms/wp-includes/wlwmanifest.xml
Invalid HTTP_HOST header: 'www.wemisi.com'. You may need to add 'www.wemisi.com' to ALLOWED_HOSTS.
Traceback (most recent call last):
  File "/home/wemisico/virtualenv/wemisipy/3.13/lib/python3.13/site-packages/django/core/handlers/exception.py", line 55, in inner
    response = get_response(request)
  File "/home/wemisico/virtualenv/wemisipy/3.13/lib/python3.13/site-packages/django/utils/deprecation.py", line 133, in __call__
    response = self.process_request(request)
  File "/home/wemisico/virtualenv/wemisipy/3.13/lib/python3.13/site-packages/django/middleware/common.py", line 48, in process_request
    host = request.get_host()
  File "/home/wemisico/virtualenv/wemisipy/3.13/lib/python3.13/site-packages/django/http/request.py", line 150, in get_host
    raise DisallowedHost(msg)
django.core.exceptions.DisallowedHost: Invalid HTTP_HOST header: 'www.wemisi.com'. You may need to add 'www.wemisi.com' to ALLOWED_HOSTS.
Not Found: /wp-good.php
Not Found: /ioxi-o.php
Not Found: /file.php
Not Found: /wp-admin/css/colors/blue
Not Found: /wp-signin.php
Not Found: /abcd.php
Not Found: /wp-includes/block-bindings
Not Found: /about.php
Not Found: /bless.php
Not Found: /images/install.php
Not Found: /num.php
Not Found: /txets.php
Not Found: /wp-blog.php
Not Found: /wp-content/admin-header.php
Not Found: /wp-content/themes/about.php
Not Found: /wp-includes/js/dist
Not Found: /wp-includes/rest-api/fields
Not Found: /wp.php
Not Found: /admin.php
Not Found: /adminfuns.php
Not Found: /chosen.php
Not Found: /classwithtostring.php
Not Found: /edit.php
Not Found: /goods.php
Not Found: /k.php
Not Found: /mah/function.php
Not Found: /wp-conflg/function.php
Not Found: /wp-content/admin.php
Not Found: /wp-content/languages/index.php
Not Found: /wp-includes/PHPMailer/index.php
Not Found: /wp-includes/images
Not Found: /wp-includes/images/index.php
Not Found: /wp-includes/js/dist/development
Not Found: /wp-user.php
Not Found: /404.php
Not Found: /akcc.php
Not Found: /gg.php
Not Found: /mah.php
Not Found: /new.php
Not Found: /themes.php
Not Found: /uploads/index.php
Not Found: /wp-admin
Not Found: /wp-admin/classwithtostring.php
Not Found: /wp-admin/css
Not Found: /wp-admin/css/about.php
Not Found: /wp-admin/includes/colour.php
Not Found: /wp-admin/js
Not Found: /wp-admin/js/autoload_classmap.php
Not Found: /wp-admin/js/widgets
Not Found: /wp-content/autoload_classmap.php
Not Found: /wp-content/backups-dup-lite
Not Found: /wp-content/languages
Not Found: /wp-content/plugins/admin.php
Not Found: /wp-content/themes/admin.php
Not Found: /wp-content/uploads
Not Found: /wp-content/uploads/2025
Not Found: /wp-includes/IXR
Not Found: /wp-includes/IXR/index.php
Not Found: /wp-includes/SimplePie/index.php
Not Found: /wp-includes/Text
Not Found: /wp-includes/Text/Diff/Engine
Not Found: /wp-includes/block-bindings/index.php
Not Found: /wp-includes/block-supports
Not Found: /wp-includes/blocks/code
Not Found: /wp-includes/customize/chosen.php
Not Found: /wp-includes/html-api/index.php
Not Found: /wp-includes/index.php
Not Found: /wp-includes/js/dist/development/index.php
Not Found: /wp-includes/pomo/index.php
Not Found: /wp-includes/rest-api
Not Found: /wp-includes/sitemaps/autoload_classmap.php
Not Found: /wp-includes/theme-compat
Invalid HTTP_HOST header: 'www.wemisi.com'. You may need to add 'www.wemisi.com' to ALLOWED_HOSTS.
Traceback (most recent call last):
  File "/home/wemisico/virtualenv/wemisipy/3.13/lib/python3.13/site-packages/django/core/handlers/exception.py", line 55, in inner
    response = get_response(request)
  File "/home/wemisico/virtualenv/wemisipy/3.13/lib/python3.13/site-packages/django/utils/deprecation.py", line 133, in __call__
    response = self.process_request(request)
  File "/home/wemisico/virtualenv/wemisipy/3.13/lib/python3.13/site-packages/django/middleware/common.py", line 48, in process_request
    host = request.get_host()
  File "/home/wemisico/virtualenv/wemisipy/3.13/lib/python3.13/site-packages/django/http/request.py", line 150, in get_host
    raise DisallowedHost(msg)
django.core.exceptions.DisallowedHost: Invalid HTTP_HOST header: 'www.wemisi.com'. You may need to add 'www.wemisi.com' to ALLOWED_HOSTS.
Invalid HTTP_HOST header: 'www.wemisi.com'. You may need to add 'www.wemisi.com' to ALLOWED_HOSTS.
Traceback (most recent call last):
  File "/home/wemisico/virtualenv/wemisipy/3.13/lib/python3.13/site-packages/django/core/handlers/exception.py", line 55, in inner
    response = get_response(request)
  File "/home/wemisico/virtualenv/wemisipy/3.13/lib/python3.13/site-packages/django/utils/deprecation.py", line 133, in __call__
    response = self.process_request(request)
  File "/home/wemisico/virtualenv/wemisipy/3.13/lib/python3.13/site-packages/django/middleware/common.py", line 48, in process_request
    host = request.get_host()
  File "/home/wemisico/virtualenv/wemisipy/3.13/lib/python3.13/site-packages/django/http/request.py", line 150, in get_host
    raise DisallowedHost(msg)
django.core.exceptions.DisallowedHost: Invalid HTTP_HOST header: 'www.wemisi.com'. You may need to add 'www.wemisi.com' to ALLOWED_HOSTS.
Invalid HTTP_HOST header: 'www.wemisi.com'. You may need to add 'www.wemisi.com' to ALLOWED_HOSTS.
Traceback (most recent call last):
  File "/home/wemisico/virtualenv/wemisipy/3.13/lib/python3.13/site-packages/django/core/handlers/exception.py", line 55, in inner
    response = get_response(request)
  File "/home/wemisico/virtualenv/wemisipy/3.13/lib/python3.13/site-packages/django/utils/deprecation.py", line 133, in __call__
    response = self.process_request(request)
  File "/home/wemisico/virtualenv/wemisipy/3.13/lib/python3.13/site-packages/django/middleware/common.py", line 48, in process_request
    host = request.get_host()
  File "/home/wemisico/virtualenv/wemisipy/3.13/lib/python3.13/site-packages/django/http/request.py", line 150, in get_host
    raise DisallowedHost(msg)
django.core.exceptions.DisallowedHost: Invalid HTTP_HOST header: 'www.wemisi.com'. You may need to add 'www.wemisi.com' to ALLOWED_HOSTS.
Not Found: /images/17.png
Not Found: /images/17.png
Invalid HTTP_HOST header: 'www.wemisi.com'. You may need to add 'www.wemisi.com' to ALLOWED_HOSTS.
Traceback (most recent call last):
  File "/home/wemisico/virtualenv/wemisipy/3.13/lib/python3.13/site-packages/django/core/handlers/exception.py", line 55, in inner
    response = get_response(request)
  File "/home/wemisico/virtualenv/wemisipy/3.13/lib/python3.13/site-packages/django/utils/deprecation.py", line 133, in __call__
    response = self.process_request(request)
  File "/home/wemisico/virtualenv/wemisipy/3.13/lib/python3.13/site-packages/django/middleware/common.py", line 48, in process_request
    host = request.get_host()
  File "/home/wemisico/virtualenv/wemisipy/3.13/lib/python3.13/site-packages/django/http/request.py", line 150, in get_host
    raise DisallowedHost(msg)
django.core.exceptions.DisallowedHost: Invalid HTTP_HOST header: 'www.wemisi.com'. You may need to add 'www.wemisi.com' to ALLOWED_HOSTS.
Not Found: /robots.txt
Not Found: /index.html
Not Found: /robots.txt
Not Found: /robots.txt
Invalid HTTP_HOST header: 'www.wemisi.com'. You may need to add 'www.wemisi.com' to ALLOWED_HOSTS.
Traceback (most recent call last):
  File "/home/wemisico/virtualenv/wemisipy/3.13/lib/python3.13/site-packages/django/core/handlers/exception.py", line 55, in inner
    response = get_response(request)
  File "/home/wemisico/virtualenv/wemisipy/3.13/lib/python3.13/site-packages/django/utils/deprecation.py", line 133, in __call__
    response = self.process_request(request)
  File "/home/wemisico/virtualenv/wemisipy/3.13/lib/python3.13/site-packages/django/middleware/common.py", line 48, in process_request
    host = request.get_host()
  File "/home/wemisico/virtualenv/wemisipy/3.13/lib/python3.13/site-packages/django/http/request.py", line 150, in get_host
    raise DisallowedHost(msg)
django.core.exceptions.DisallowedHost: Invalid HTTP_HOST header: 'www.wemisi.com'. You may need to add 'www.wemisi.com' to ALLOWED_HOSTS.
Not Found: /favicon.ico
Not Found: /favicon.ico
Not Found: /robots.txt
Not Found: /robots.txt
Not Found: /robots.txt
Not Found: /wp-login.php
Not Found: /wp-admin/
Not Found: /administrator/
Not Found: /user/login
Not Found: /login
Not Found: /register
Not Found: /login
Not Found: /wp-good.php
Not Found: /ioxi-o.php
Not Found: /file.php
Not Found: /wp-admin/css/colors/blue
Not Found: /wp-signin.php
Not Found: /abcd.php
Not Found: /wp-includes/block-bindings
Not Found: /about.php
Not Found: /bless.php
Not Found: /images/install.php
Not Found: /num.php
Not Found: /txets.php
Not Found: /wp-blog.php
Not Found: /wp-content/admin-header.php
Not Found: /wp-content/themes/about.php
Not Found: /wp-includes/js/dist
Not Found: /wp-includes/rest-api/fields
Not Found: /wp.php
Not Found: /admin.php
Not Found: /adminfuns.php
Not Found: /chosen.php
Not Found: /classwithtostring.php
Not Found: /edit.php
Not Found: /goods.php
Not Found: /k.php
Not Found: /mah/function.php
Not Found: /wp-conflg/function.php
Not Found: /wp-content/admin.php
Not Found: /wp-content/languages/index.php
Not Found: /wp-includes/PHPMailer/index.php
Not Found: /wp-includes/images
Not Found: /wp-includes/images/index.php
Not Found: /wp-includes/js/dist/development
Not Found: /wp-user.php
Not Found: /404.php
Not Found: /akcc.php
Not Found: /gg.php
Not Found: /mah.php
Not Found: /new.php
Not Found: /themes.php
Not Found: /uploads/index.php
Not Found: /wp-admin
Not Found: /wp-admin/classwithtostring.php
Not Found: /wp-admin/css
Not Found: /wp-admin/css/about.php
Not Found: /wp-admin/includes/colour.php
Not Found: /wp-admin/js
Not Found: /wp-admin/js/autoload_classmap.php
Not Found: /wp-admin/js/widgets
Not Found: /wp-content/autoload_classmap.php
Not Found: /wp-content/backups-dup-lite
Not Found: /wp-content/languages
Not Found: /wp-content/plugins/admin.php
Not Found: /wp-content/themes/admin.php
Not Found: /wp-content/uploads
Not Found: /wp-content/uploads/2025
Not Found: /wp-includes/IXR
Not Found: /wp-includes/IXR/index.php
Not Found: /wp-includes/SimplePie/index.php
Not Found: /wp-includes/Text
Not Found: /wp-includes/Text/Diff/Engine
Not Found: /wp-includes/block-bindings/index.php
Not Found: /wp-includes/block-supports
Not Found: /wp-includes/blocks/code
Not Found: /wp-includes/customize/chosen.php
Not Found: /wp-includes/html-api/index.php
Not Found: /wp-includes/index.php
Not Found: /wp-includes/js/dist/development/index.php
Not Found: /wp-includes/pomo/index.php
Not Found: /wp-includes/rest-api
Not Found: /wp-includes/sitemaps/autoload_classmap.php
Not Found: /wp-includes/theme-compat
Not Found: /wp-includes/wlwmanifest.xml
Not Found: /blog/wp-includes/wlwmanifest.xml
Not Found: /web/wp-includes/wlwmanifest.xml
Not Found: /wordpress/wp-includes/wlwmanifest.xml
Not Found: /website/wp-includes/wlwmanifest.xml
Not Found: /wp/wp-includes/wlwmanifest.xml
Not Found: /news/wp-includes/wlwmanifest.xml
Not Found: /2018/wp-includes/wlwmanifest.xml
Not Found: /2019/wp-includes/wlwmanifest.xml
Not Found: /shop/wp-includes/wlwmanifest.xml
Not Found: /wp1/wp-includes/wlwmanifest.xml
Not Found: /test/wp-includes/wlwmanifest.xml
Not Found: /media/wp-includes/wlwmanifest.xml
Not Found: /wp2/wp-includes/wlwmanifest.xml
Not Found: /site/wp-includes/wlwmanifest.xml
Not Found: /cms/wp-includes/wlwmanifest.xml
Not Found: /sito/wp-includes/wlwmanifest.xml
Not Found: /favicon.ico
Not Found: /robots.txt
Not Found: /robots.txt
Not Found: /p13.html
Not Found: /p13.html
Not Found: /p13.html
Not Found: /favicon.ico
Not Found: /p13.html
Not Found: /p13.html
Not Found: /p13.html
Not Found: /apps
Not Found: /api/action
Not Found: /api/actions
Not Found: /_next/data
Forbidden (Referer checking failed - no Referer.): /
Not Found: /p13.html
Not Found: /p13.html
Not Found: /p13.html
Invalid HTTP_HOST header: 'www.wemisi.com'. You may need to add 'www.wemisi.com' to ALLOWED_HOSTS.
Traceback (most recent call last):
  File "/home/wemisico/virtualenv/wemisipy/3.13/lib/python3.13/site-packages/django/core/handlers/exception.py", line 55, in inner
    response = get_response(request)
  File "/home/wemisico/virtualenv/wemisipy/3.13/lib/python3.13/site-packages/django/utils/deprecation.py", line 133, in __call__
    response = self.process_request(request)
  File "/home/wemisico/virtualenv/wemisipy/3.13/lib/python3.13/site-packages/django/middleware/common.py", line 48, in process_request
    host = request.get_host()
  File "/home/wemisico/virtualenv/wemisipy/3.13/lib/python3.13/site-packages/django/http/request.py", line 150, in get_host
    raise DisallowedHost(msg)
django.core.exceptions.DisallowedHost: Invalid HTTP_HOST header: 'www.wemisi.com'. You may need to add 'www.wemisi.com' to ALLOWED_HOSTS.
Invalid HTTP_HOST header: 'www.wemisi.com'. You may need to add 'www.wemisi.com' to ALLOWED_HOSTS.
Traceback (most recent call last):
  File "/home/wemisico/virtualenv/wemisipy/3.13/lib/python3.13/site-packages/django/core/handlers/exception.py", line 55, in inner
    response = get_response(request)
  File "/home/wemisico/virtualenv/wemisipy/3.13/lib/python3.13/site-packages/django/utils/deprecation.py", line 133, in __call__
    response = self.process_request(request)
  File "/home/wemisico/virtualenv/wemisipy/3.13/lib/python3.13/site-packages/django/middleware/common.py", line 48, in process_request
    host = request.get_host()
  File "/home/wemisico/virtualenv/wemisipy/3.13/lib/python3.13/site-packages/django/http/request.py", line 150, in get_host
    raise DisallowedHost(msg)
django.core.exceptions.DisallowedHost: Invalid HTTP_HOST header: 'www.wemisi.com'. You may need to add 'www.wemisi.com' to ALLOWED_HOSTS.
Not Found: /p13.html
Not Found: /p13.html
Not Found: /p13.html
[UID:2270][3339261] Child process with pid: 3339504 was killed by signal: 15, core dumped: no
Invalid HTTP_HOST header: 'www.wemisi.com'. You may need to add 'www.wemisi.com' to ALLOWED_HOSTS.
Traceback (most recent call last):
  File "/home/wemisico/virtualenv/wemisipy/3.13/lib/python3.13/site-packages/django/core/handlers/exception.py", line 55, in inner
    response = get_response(request)
  File "/home/wemisico/virtualenv/wemisipy/3.13/lib/python3.13/site-packages/django/utils/deprecation.py", line 133, in __call__
    response = self.process_request(request)
  File "/home/wemisico/virtualenv/wemisipy/3.13/lib/python3.13/site-packages/django/middleware/common.py", line 48, in process_request
    host = request.get_host()
  File "/home/wemisico/virtualenv/wemisipy/3.13/lib/python3.13/site-packages/django/http/request.py", line 150, in get_host
    raise DisallowedHost(msg)
django.core.exceptions.DisallowedHost: Invalid HTTP_HOST header: 'www.wemisi.com'. You may need to add 'www.wemisi.com' to ALLOWED_HOSTS.
Not Found: /p13.html
Not Found: /p13.html
Invalid HTTP_HOST header: 'www.wemisi.com'. You may need to add 'www.wemisi.com' to ALLOWED_HOSTS.
Traceback (most recent call last):
  File "/home/wemisico/virtualenv/wemisipy/3.13/lib/python3.13/site-packages/django/core/handlers/exception.py", line 55, in inner
    response = get_response(request)
  File "/home/wemisico/virtualenv/wemisipy/3.13/lib/python3.13/site-packages/django/utils/deprecation.py", line 133, in __call__
    response = self.process_request(request)
  File "/home/wemisico/virtualenv/wemisipy/3.13/lib/python3.13/site-packages/django/middleware/common.py", line 48, in process_request
    host = request.get_host()
  File "/home/wemisico/virtualenv/wemisipy/3.13/lib/python3.13/site-packages/django/http/request.py", line 150, in get_host
    raise DisallowedHost(msg)
django.core.exceptions.DisallowedHost: Invalid HTTP_HOST header: 'www.wemisi.com'. You may need to add 'www.wemisi.com' to ALLOWED_HOSTS.
Not Found: /p13.html
Not Found: /p13.html
Not Found: /wp-login.php
Not Found: /p13.html
Not Found: /p13.html
Not Found: /p13.html
Not Found: /p13.html
Not Found: /p13.html
Not Found: /wp-good.php
Not Found: /ioxi-o.php
Not Found: /file.php
Not Found: /wp-admin/css/colors/blue
Not Found: /wp-signin.php
Not Found: /abcd.php
Not Found: /wp-includes/block-bindings
Not Found: /about.php
Not Found: /bless.php
Not Found: /images/install.php
Not Found: /num.php
Not Found: /txets.php
Not Found: /wp-blog.php
Not Found: /wp-content/admin-header.php
Not Found: /wp-content/themes/about.php
Not Found: /wp-includes/js/dist
Not Found: /wp-includes/rest-api/fields
Not Found: /wp.php
Not Found: /admin.php
Not Found: /adminfuns.php
Not Found: /chosen.php
Not Found: /classwithtostring.php
Not Found: /edit.php
Not Found: /goods.php
Not Found: /k.php
Not Found: /mah/function.php
Not Found: /wp-conflg/function.php
Not Found: /wp-content/admin.php
Not Found: /wp-content/languages/index.php
Not Found: /wp-includes/PHPMailer/index.php
Not Found: /wp-includes/images
Not Found: /wp-includes/images/index.php
Not Found: /wp-includes/js/dist/development
Not Found: /wp-user.php
Not Found: /404.php
Not Found: /akcc.php
Not Found: /gg.php
Not Found: /mah.php
Not Found: /new.php
Not Found: /themes.php
Not Found: /uploads/index.php
Not Found: /wp-admin
Not Found: /wp-admin/classwithtostring.php
Not Found: /wp-admin/css
Not Found: /wp-admin/css/about.php
Not Found: /wp-admin/includes/colour.php
Not Found: /wp-admin/js
Not Found: /wp-admin/js/autoload_classmap.php
Not Found: /wp-admin/js/widgets
Not Found: /wp-content/autoload_classmap.php
Not Found: /wp-content/backups-dup-lite
Not Found: /wp-content/languages
Not Found: /wp-content/plugins/admin.php
Not Found: /wp-content/themes/admin.php
Not Found: /wp-content/uploads
Not Found: /wp-content/uploads/2025
Not Found: /wp-includes/IXR
Not Found: /wp-includes/IXR/index.php
Not Found: /wp-includes/SimplePie/index.php
Not Found: /wp-includes/Text
Not Found: /wp-includes/Text/Diff/Engine
Not Found: /wp-includes/block-bindings/index.php
Not Found: /wp-includes/block-supports
Not Found: /wp-includes/blocks/code
Not Found: /wp-includes/customize/chosen.php
Not Found: /wp-includes/html-api/index.php
Not Found: /wp-includes/index.php
Not Found: /wp-includes/js/dist/development/index.php
Not Found: /wp-includes/pomo/index.php
Not Found: /wp-includes/rest-api
Not Found: /wp-includes/sitemaps/autoload_classmap.php
Not Found: /wp-includes/theme-compat
Not Found: /p13.html
Not Found: /p13.html
Not Found: /p13.html
Not Found: /robots.txt
Invalid HTTP_HOST header: 'www.wemisi.com'. You may need to add 'www.wemisi.com' to ALLOWED_HOSTS.
Traceback (most recent call last):
  File "/home/wemisico/virtualenv/wemisipy/3.13/lib/python3.13/site-packages/django/core/handlers/exception.py", line 55, in inner
    response = get_response(request)
  File "/home/wemisico/virtualenv/wemisipy/3.13/lib/python3.13/site-packages/django/utils/deprecation.py", line 133, in __call__
    response = self.process_request(request)
  File "/home/wemisico/virtualenv/wemisipy/3.13/lib/python3.13/site-packages/django/middleware/common.py", line 48, in process_request
    host = request.get_host()
  File "/home/wemisico/virtualenv/wemisipy/3.13/lib/python3.13/site-packages/django/http/request.py", line 150, in get_host
    raise DisallowedHost(msg)
django.core.exceptions.DisallowedHost: Invalid HTTP_HOST header: 'www.wemisi.com'. You may need to add 'www.wemisi.com' to ALLOWED_HOSTS.
Not Found: /p13.html
Not Found: /p13.html
Not Found: /p13.html
Not Found: /wp-login.php
Not Found: /p13.html
Not Found: /p13.html
Not Found: /p13.html
Not Found: /robots.txt
Not Found: /granite.html
Not Found: /p13.html
Not Found: /robots.txt
Not Found: /p13.html
Not Found: /p13.html
Not Found: /p13.html
Not Found: /p13.html
Not Found: /p13.html
Not Found: /p13.html
Not Found: /p13.html
Not Found: /p13.html
Not Found: /p13.html
Not Found: /p13.html
Not Found: /p13.html
Not Found: /apps
Not Found: /api/action
Not Found: /api/actions
Not Found: /_next/data
Not Found: /p13.html
Not Found: /p13.html
Not Found: /p13.html
Not Found: /p13.html
Not Found: /p13.html
Not Found: /p13.html
Not Found: /p13.html
Not Found: /robots.txt
Not Found: /granite.html
Not Found: /p13.html
Not Found: /p13.html
Not Found: /p13.html
Not Found: /p13.html
Not Found: /robots.txt
Not Found: /p13.html
Not Found: /robots.txt
Not Found: /robots.txt
Not Found: /p13.html
Not Found: /p13.html
Not Found: /p13.html
Invalid HTTP_HOST header: 'www.wemisi.com'. You may need to add 'www.wemisi.com' to ALLOWED_HOSTS.
Traceback (most recent call last):
  File "/home/wemisico/virtualenv/wemisipy/3.13/lib/python3.13/site-packages/django/core/handlers/exception.py", line 55, in inner
    response = get_response(request)
  File "/home/wemisico/virtualenv/wemisipy/3.13/lib/python3.13/site-packages/django/utils/deprecation.py", line 133, in __call__
    response = self.process_request(request)
  File "/home/wemisico/virtualenv/wemisipy/3.13/lib/python3.13/site-packages/django/middleware/common.py", line 48, in process_request
    host = request.get_host()
  File "/home/wemisico/virtualenv/wemisipy/3.13/lib/python3.13/site-packages/django/http/request.py", line 150, in get_host
    raise DisallowedHost(msg)
django.core.exceptions.DisallowedHost: Invalid HTTP_HOST header: 'www.wemisi.com'. You may need to add 'www.wemisi.com' to ALLOWED_HOSTS.
Not Found: /p13.html
Not Found: /p13.html
Not Found: /p13.html
Invalid HTTP_HOST header: 'www.wemisi.com'. You may need to add 'www.wemisi.com' to ALLOWED_HOSTS.
Traceback (most recent call last):
  File "/home/wemisico/virtualenv/wemisipy/3.13/lib/python3.13/site-packages/django/core/handlers/exception.py", line 55, in inner
    response = get_response(request)
  File "/home/wemisico/virtualenv/wemisipy/3.13/lib/python3.13/site-packages/django/utils/deprecation.py", line 133, in __call__
    response = self.process_request(request)
  File "/home/wemisico/virtualenv/wemisipy/3.13/lib/python3.13/site-packages/django/middleware/common.py", line 48, in process_request
    host = request.get_host()
  File "/home/wemisico/virtualenv/wemisipy/3.13/lib/python3.13/site-packages/django/http/request.py", line 150, in get_host
    raise DisallowedHost(msg)
django.core.exceptions.DisallowedHost: Invalid HTTP_HOST header: 'www.wemisi.com'. You may need to add 'www.wemisi.com' to ALLOWED_HOSTS.
Not Found: /p13.html
Not Found: /robots.txt
Not Found: /p13.html
Not Found: /p13.html
Not Found: /p13.html
Not Found: /p13.html
Not Found: /p13.html
Not Found: /p13.html
Not Found: /p13.html
Not Found: /p13.html
Not Found: /p13.html
Not Found: /p13.html
Not Found: /p13.html
Not Found: /p13.html
Not Found: /p13.html
Not Found: /p13.html
Not Found: /p13.html
Not Found: /p13.html
Not Found: /p13.html
Not Found: /p13.html
Not Found: /p13.html
Not Found: /p13.html
Not Found: /p13.html
Not Found: /robots.txt
Not Found: /p13.html
Not Found: /wp-good.php
Not Found: /ioxi-o.php
Not Found: /file.php
Not Found: /wp-admin/css/colors/blue
Not Found: /wp-signin.php
Not Found: /abcd.php
Not Found: /wp-includes/block-bindings
Not Found: /about.php
Not Found: /bless.php
Not Found: /images/install.php
Not Found: /num.php
Not Found: /txets.php
Not Found: /wp-blog.php
Not Found: /wp-content/admin-header.php
Not Found: /wp-content/themes/about.php
Not Found: /wp-includes/js/dist
Not Found: /wp-includes/rest-api/fields
Not Found: /wp.php
Not Found: /admin.php
Not Found: /adminfuns.php
Not Found: /chosen.php
Not Found: /classwithtostring.php
Not Found: /edit.php
Not Found: /goods.php
Not Found: /k.php
Not Found: /mah/function.php
Not Found: /wp-conflg/function.php
Not Found: /wp-content/admin.php
Not Found: /wp-content/languages/index.php
Not Found: /wp-includes/PHPMailer/index.php
Not Found: /wp-includes/images
Not Found: /wp-includes/images/index.php
Not Found: /wp-includes/js/dist/development
Not Found: /wp-user.php
Not Found: /404.php
Not Found: /akcc.php
Not Found: /gg.php
Not Found: /mah.php
Not Found: /new.php
Not Found: /themes.php
Not Found: /uploads/index.php
Not Found: /wp-admin
Not Found: /wp-admin/classwithtostring.php
Not Found: /wp-admin/css
Not Found: /wp-admin/css/about.php
Not Found: /wp-admin/includes/colour.php
Not Found: /wp-admin/js
Not Found: /wp-admin/js/autoload_classmap.php
Not Found: /wp-admin/js/widgets
Not Found: /wp-content/autoload_classmap.php
Not Found: /wp-content/backups-dup-lite
Not Found: /wp-content/languages
Not Found: /wp-content/plugins/admin.php
Not Found: /wp-content/themes/admin.php
Not Found: /wp-content/uploads
Not Found: /wp-content/uploads/2025
Not Found: /wp-includes/IXR
Not Found: /wp-includes/IXR/index.php
Not Found: /wp-includes/SimplePie/index.php
Not Found: /wp-includes/Text
Not Found: /wp-includes/Text/Diff/Engine
Not Found: /wp-includes/block-bindings/index.php
Not Found: /wp-includes/block-supports
Not Found: /wp-includes/blocks/code
Not Found: /wp-includes/customize/chosen.php
Not Found: /wp-includes/html-api/index.php
Not Found: /wp-includes/index.php
Not Found: /wp-includes/js/dist/development/index.php
Not Found: /wp-includes/pomo/index.php
Not Found: /wp-includes/rest-api
Not Found: /wp-includes/sitemaps/autoload_classmap.php
Not Found: /wp-includes/theme-compat
Not Found: /p13.html
Not Found: /p13.html
Not Found: /p13.html
Not Found: /p13.html
Not Found: /p13.html
Not Found: /p13.html
Not Found: /p13.html
Not Found: /p13.html
Not Found: /p13.html
Not Found: /list.html
Not Found: /p13.html
Not Found: /wp-login.php
Not Found: /wp-admin/
Not Found: /administrator/
Not Found: /user/login
Not Found: /login
Not Found: /register
Not Found: /login
Not Found: /p13.html
Not Found: /wp-login.php
Not Found: /wp-admin/
Not Found: /administrator/
Not Found: /user/login
Not Found: /login
Not Found: /register
Not Found: /login
Not Found: /robots.txt
Not Found: /robots.txt
Invalid HTTP_HOST header: 'www.wemisi.com'. You may need to add 'www.wemisi.com' to ALLOWED_HOSTS.
Traceback (most recent call last):
  File "/home/wemisico/virtualenv/wemisipy/3.13/lib/python3.13/site-packages/django/core/handlers/exception.py", line 55, in inner
    response = get_response(request)
  File "/home/wemisico/virtualenv/wemisipy/3.13/lib/python3.13/site-packages/django/utils/deprecation.py", line 133, in __call__
    response = self.process_request(request)
  File "/home/wemisico/virtualenv/wemisipy/3.13/lib/python3.13/site-packages/django/middleware/common.py", line 48, in process_request
    host = request.get_host()
  File "/home/wemisico/virtualenv/wemisipy/3.13/lib/python3.13/site-packages/django/http/request.py", line 150, in get_host
    raise DisallowedHost(msg)
django.core.exceptions.DisallowedHost: Invalid HTTP_HOST header: 'www.wemisi.com'. You may need to add 'www.wemisi.com' to ALLOWED_HOSTS.
Not Found: /robots.txt
Invalid HTTP_HOST header: 'www.wemisi.com'. You may need to add 'www.wemisi.com' to ALLOWED_HOSTS.
Traceback (most recent call last):
  File "/home/wemisico/virtualenv/wemisipy/3.13/lib/python3.13/site-packages/django/core/handlers/exception.py", line 55, in inner
    response = get_response(request)
  File "/home/wemisico/virtualenv/wemisipy/3.13/lib/python3.13/site-packages/django/utils/deprecation.py", line 133, in __call__
    response = self.process_request(request)
  File "/home/wemisico/virtualenv/wemisipy/3.13/lib/python3.13/site-packages/django/middleware/common.py", line 48, in process_request
    host = request.get_host()
  File "/home/wemisico/virtualenv/wemisipy/3.13/lib/python3.13/site-packages/django/http/request.py", line 150, in get_host
    raise DisallowedHost(msg)
django.core.exceptions.DisallowedHost: Invalid HTTP_HOST header: 'www.wemisi.com'. You may need to add 'www.wemisi.com' to ALLOWED_HOSTS.
Not Found: /wp-good.php
Not Found: /ioxi-o.php
Not Found: /file.php
Not Found: /wp-admin/css/colors/blue
Not Found: /wp-signin.php
Not Found: /abcd.php
Not Found: /wp-includes/block-bindings
Not Found: /about.php
Not Found: /bless.php
Not Found: /images/install.php
Not Found: /num.php
Not Found: /txets.php
Not Found: /wp-blog.php
Not Found: /wp-content/admin-header.php
Not Found: /wp-content/themes/about.php
Not Found: /wp-includes/js/dist
Not Found: /wp-includes/rest-api/fields
Not Found: /wp.php
Not Found: /admin.php
Not Found: /adminfuns.php
Not Found: /chosen.php
Not Found: /classwithtostring.php
Not Found: /edit.php
Not Found: /goods.php
Not Found: /k.php
Not Found: /mah/function.php
Not Found: /wp-conflg/function.php
Not Found: /wp-content/admin.php
Not Found: /wp-content/languages/index.php
Not Found: /wp-includes/PHPMailer/index.php
Not Found: /wp-includes/images
Not Found: /wp-includes/images/index.php
Not Found: /wp-includes/js/dist/development
Not Found: /wp-user.php
Not Found: /404.php
Not Found: /akcc.php
Not Found: /gg.php
Not Found: /mah.php
Not Found: /new.php
Not Found: /themes.php
Not Found: /uploads/index.php
Not Found: /wp-admin
Not Found: /wp-admin/classwithtostring.php
Not Found: /wp-admin/css
Not Found: /wp-admin/css/about.php
Not Found: /wp-admin/includes/colour.php
Not Found: /wp-admin/js
Not Found: /wp-admin/js/autoload_classmap.php
Not Found: /wp-admin/js/widgets
Not Found: /wp-content/autoload_classmap.php
Not Found: /wp-content/backups-dup-lite
Not Found: /wp-content/languages
Not Found: /wp-content/plugins/admin.php
Not Found: /wp-content/themes/admin.php
Not Found: /wp-content/uploads
Not Found: /wp-content/uploads/2025
Not Found: /wp-includes/IXR
Not Found: /wp-includes/IXR/index.php
Not Found: /wp-includes/SimplePie/index.php
Not Found: /wp-includes/Text
Not Found: /wp-includes/Text/Diff/Engine
Not Found: /wp-includes/block-bindings/index.php
Not Found: /wp-includes/block-supports
Not Found: /wp-includes/blocks/code
Not Found: /wp-includes/customize/chosen.php
Not Found: /wp-includes/html-api/index.php
Not Found: /wp-includes/index.php
Not Found: /wp-includes/js/dist/development/index.php
Not Found: /wp-includes/pomo/index.php
Not Found: /wp-includes/rest-api
Not Found: /wp-includes/sitemaps/autoload_classmap.php
Not Found: /wp-includes/theme-compat
Invalid HTTP_HOST header: 'mail.wemisi.com'. You may need to add 'mail.wemisi.com' to ALLOWED_HOSTS.
Traceback (most recent call last):
  File "/home/wemisico/virtualenv/wemisipy/3.13/lib/python3.13/site-packages/django/core/handlers/exception.py", line 55, in inner
    response = get_response(request)
  File "/home/wemisico/virtualenv/wemisipy/3.13/lib/python3.13/site-packages/django/utils/deprecation.py", line 133, in __call__
    response = self.process_request(request)
  File "/home/wemisico/virtualenv/wemisipy/3.13/lib/python3.13/site-packages/django/middleware/common.py", line 48, in process_request
    host = request.get_host()
  File "/home/wemisico/virtualenv/wemisipy/3.13/lib/python3.13/site-packages/django/http/request.py", line 150, in get_host
    raise DisallowedHost(msg)
django.core.exceptions.DisallowedHost: Invalid HTTP_HOST header: 'mail.wemisi.com'. You may need to add 'mail.wemisi.com' to ALLOWED_HOSTS.
Invalid HTTP_HOST header: 'mail.wemisi.com'. You may need to add 'mail.wemisi.com' to ALLOWED_HOSTS.
Traceback (most recent call last):
  File "/home/wemisico/virtualenv/wemisipy/3.13/lib/python3.13/site-packages/django/core/handlers/exception.py", line 55, in inner
    response = get_response(request)
  File "/home/wemisico/virtualenv/wemisipy/3.13/lib/python3.13/site-packages/django/utils/deprecation.py", line 133, in __call__
    response = self.process_request(request)
  File "/home/wemisico/virtualenv/wemisipy/3.13/lib/python3.13/site-packages/django/middleware/common.py", line 48, in process_request
    host = request.get_host()
  File "/home/wemisico/virtualenv/wemisipy/3.13/lib/python3.13/site-packages/django/http/request.py", line 150, in get_host
    raise DisallowedHost(msg)
django.core.exceptions.DisallowedHost: Invalid HTTP_HOST header: 'mail.wemisi.com'. You may need to add 'mail.wemisi.com' to ALLOWED_HOSTS.
Invalid HTTP_HOST header: 'mail.wemisi.com'. You may need to add 'mail.wemisi.com' to ALLOWED_HOSTS.
Traceback (most recent call last):
  File "/home/wemisico/virtualenv/wemisipy/3.13/lib/python3.13/site-packages/django/core/handlers/exception.py", line 55, in inner
    response = get_response(request)
  File "/home/wemisico/virtualenv/wemisipy/3.13/lib/python3.13/site-packages/django/utils/deprecation.py", line 133, in __call__
    response = self.process_request(request)
  File "/home/wemisico/virtualenv/wemisipy/3.13/lib/python3.13/site-packages/django/middleware/common.py", line 48, in process_request
    host = request.get_host()
  File "/home/wemisico/virtualenv/wemisipy/3.13/lib/python3.13/site-packages/django/http/request.py", line 150, in get_host
    raise DisallowedHost(msg)
django.core.exceptions.DisallowedHost: Invalid HTTP_HOST header: 'mail.wemisi.com'. You may need to add 'mail.wemisi.com' to ALLOWED_HOSTS.
Invalid HTTP_HOST header: 'mail.wemisi.com'. You may need to add 'mail.wemisi.com' to ALLOWED_HOSTS.
Traceback (most recent call last):
  File "/home/wemisico/virtualenv/wemisipy/3.13/lib/python3.13/site-packages/django/core/handlers/exception.py", line 55, in inner
    response = get_response(request)
  File "/home/wemisico/virtualenv/wemisipy/3.13/lib/python3.13/site-packages/django/utils/deprecation.py", line 133, in __call__
    response = self.process_request(request)
  File "/home/wemisico/virtualenv/wemisipy/3.13/lib/python3.13/site-packages/django/middleware/common.py", line 48, in process_request
    host = request.get_host()
  File "/home/wemisico/virtualenv/wemisipy/3.13/lib/python3.13/site-packages/django/http/request.py", line 150, in get_host
    raise DisallowedHost(msg)
django.core.exceptions.DisallowedHost: Invalid HTTP_HOST header: 'mail.wemisi.com'. You may need to add 'mail.wemisi.com' to ALLOWED_HOSTS.
Not Found: /robots.txt
Not Found: /robots.txt
Not Found: /wp-content/plugins/hellopress/wp_filemanager.php
Not Found: /1.php
Not Found: /function.php
Not Found: /wp-admin/js/wp-conflg.php
Not Found: /NewFile.php
Not Found: /about.php
Not Found: /acp.php
Not Found: /admin.php
Not Found: /wp-conflg.php
Not Found: /ahax.php
Not Found: /asasx.php
Not Found: /bless.php
Not Found: /bolt.php
Not Found: /bs1.php
Not Found: /chosen.php
Not Found: /conflg.php
Not Found: /db.php
Not Found: /default.php
Not Found: /dropdown.php
Not Found: /m.php
Not Found: /file.php
Not Found: /file30.php
Not Found: /file9.php
Not Found: /fm.php
Not Found: /goods.php
Not Found: /k.php
Not Found: /lock360.php
Not Found: /manage.php
Not Found: /index/function.php
Not Found: /ot.php
Not Found: /post.php
Not Found: /wp.php
Invalid HTTP_HOST header: 'www.wemisi.com'. You may need to add 'www.wemisi.com' to ALLOWED_HOSTS.
Traceback (most recent call last):
  File "/home/wemisico/virtualenv/wemisipy/3.13/lib/python3.13/site-packages/django/core/handlers/exception.py", line 55, in inner
    response = get_response(request)
  File "/home/wemisico/virtualenv/wemisipy/3.13/lib/python3.13/site-packages/django/utils/deprecation.py", line 133, in __call__
    response = self.process_request(request)
  File "/home/wemisico/virtualenv/wemisipy/3.13/lib/python3.13/site-packages/django/middleware/common.py", line 48, in process_request
    host = request.get_host()
  File "/home/wemisico/virtualenv/wemisipy/3.13/lib/python3.13/site-packages/django/http/request.py", line 150, in get_host
    raise DisallowedHost(msg)
django.core.exceptions.DisallowedHost: Invalid HTTP_HOST header: 'www.wemisi.com'. You may need to add 'www.wemisi.com' to ALLOWED_HOSTS.
Not Found: /wp-admin/css/
Not Found: /.well-known/
Not Found: /sites/default/files/
Not Found: /uploads/
Not Found: /images/
Not Found: /files/
Not Found: /wordpress
Not Found: /Wordpress
Not Found: /WORDPRESS
Not Found: /WordPress
Not Found: /wp
Not Found: /Wp
Not Found: /WP
Not Found: /old
Not Found: /Old
Not Found: /OLD
Not Found: /oldsite
Not Found: /new
Not Found: /New
Not Found: /NEW
Not Found: /wp-old
Not Found: /2022
Not Found: /2023
Not Found: /2024
Not Found: /2017
Not Found: /2020
Not Found: /2019
Not Found: /2018
Not Found: /backup
Not Found: /test
Not Found: /Test
Not Found: /TEST
Not Found: /demo
Not Found: /bc
Not Found: /www
Not Found: /WWW
Not Found: /Www
Not Found: /2021
Not Found: /main
Not Found: /old-site
Not Found: /bk
Not Found: /Backup
Not Found: /BACKUP
Not Found: /SHOP
Not Found: /Shop
Not Found: /shop
Not Found: /bak
Not Found: /sitio
Not Found: /bac
Not Found: /sito
Not Found: /site
Not Found: /Site
Not Found: /SITE
Not Found: /BLOG
Not Found: /Blog
Not Found: /index.html
Not Found: /.well-known/rk2.php
Not Found: /.well-known/x.php
Not Found: /0x.php
Not Found: /13.php
Not Found: /403.php
Not Found: /adminfuns.php
Not Found: /administrator/templates/hathor/error.php
Not Found: /alf.php
Not Found: /alfav4.1-tesla.php
Not Found: /as.php
Not Found: /bb.php
Not Found: /black.php
Not Found: /class.php
Not Found: /css/autoload_classmap.php
Not Found: /cyber.php
Not Found: /d.php
Not Found: /defaults.php
Not Found: /fx.php
Not Found: /gecko.php
Not Found: /gelay.php
Not Found: /h.php
Not Found: /image/c.php
Not Found: /images/alfa.php
Not Found: /index2.php
Not Found: /luuf.php
Not Found: /o.php
Not Found: /php.php
Not Found: /phpmailer.lang-sv.php
Not Found: /sa.php
Not Found: /server.php
Not Found: /sx.php
Not Found: /templates/rhuk_milkyway/index.php
Not Found: /tmp.php
Not Found: /up.php
Not Found: /uploaded_script.php
Not Found: /vendor/composer/about.php
Not Found: /w.php
Not Found: /wp-admin/a.php
Not Found: /wp-admin/alfa.php
Not Found: /wp-admin/images/atomlib.php
Not Found: /wp-admin/images/chosen.php
Not Found: /wp-admin/images/file.php
Not Found: /wp-admin/includes/chosen.php
Not Found: /wp-admin/includes/rk2.php
Not Found: /wp-admin/js/chosen.php
Not Found: /wp-admin/k.php
Not Found: /wp-admin/maint/chosen.php
Not Found: /wp-admin/network/autoload_classmap.php
Not Found: /wp-admin/network/index.php
Not Found: /wp-admin/radio.php
Not Found: /wp-admin/s.php
Not Found: /wp-admin/w.php
Not Found: /wp-admin/z.php
Not Found: /wp-content/403.php
Not Found: /wp-content/bypass.php
Not Found: /wp-content/inputs.php
Not Found: /wp-content/l.php
Not Found: /wp-content/languages/autoload_classmap.php
Not Found: /wp-content/mini.php
Not Found: /wp-content/plugins/akismet/akismet.php
Not Found: /wp-content/plugins/wp-diambar/includes/loadme.php
Not Found: /wp-content/uploads/
Not Found: /wp-content/wp.php
Not Found: /wp-includes/4.php
Not Found: /wp-includes/SimplePie/chosen.php
Not Found: /wp-includes/certificates/chosen.php
Not Found: /wp-includes/edit.php
Not Found: /wp-includes/gelay.php
Not Found: /wp-includes/js/crop/cropper.php
Not Found: /wp-includes/js/thickbox/thickbox.php
Not Found: /wp-includes/js/tinymce/plugins/compat3x/about.php
Not Found: /wp-includes/mini.php
Not Found: /wp-video.php
Not Found: /wp-xml.php
Invalid HTTP_HOST header: 'www.wemisi.com'. You may need to add 'www.wemisi.com' to ALLOWED_HOSTS.
Traceback (most recent call last):
  File "/home/wemisico/virtualenv/wemisipy/3.13/lib/python3.13/site-packages/django/core/handlers/exception.py", line 55, in inner
    response = get_response(request)
  File "/home/wemisico/virtualenv/wemisipy/3.13/lib/python3.13/site-packages/django/utils/deprecation.py", line 133, in __call__
    response = self.process_request(request)
  File "/home/wemisico/virtualenv/wemisipy/3.13/lib/python3.13/site-packages/django/middleware/common.py", line 48, in process_request
    host = request.get_host()
  File "/home/wemisico/virtualenv/wemisipy/3.13/lib/python3.13/site-packages/django/http/request.py", line 150, in get_host
    raise DisallowedHost(msg)
django.core.exceptions.DisallowedHost: Invalid HTTP_HOST header: 'www.wemisi.com'. You may need to add 'www.wemisi.com' to ALLOWED_HOSTS.
Not Found: /robots.txt
Not Found: /granite.html
Invalid HTTP_HOST header: 'www.wemisi.com'. You may need to add 'www.wemisi.com' to ALLOWED_HOSTS.
Traceback (most recent call last):
  File "/home/wemisico/virtualenv/wemisipy/3.13/lib/python3.13/site-packages/django/core/handlers/exception.py", line 55, in inner
    response = get_response(request)
  File "/home/wemisico/virtualenv/wemisipy/3.13/lib/python3.13/site-packages/django/utils/deprecation.py", line 133, in __call__
    response = self.process_request(request)
  File "/home/wemisico/virtualenv/wemisipy/3.13/lib/python3.13/site-packages/django/middleware/common.py", line 48, in process_request
    host = request.get_host()
  File "/home/wemisico/virtualenv/wemisipy/3.13/lib/python3.13/site-packages/django/http/request.py", line 150, in get_host
    raise DisallowedHost(msg)
django.core.exceptions.DisallowedHost: Invalid HTTP_HOST header: 'www.wemisi.com'. You may need to add 'www.wemisi.com' to ALLOWED_HOSTS.
Invalid HTTP_HOST header: 'www.wemisi.com'. You may need to add 'www.wemisi.com' to ALLOWED_HOSTS.
Traceback (most recent call last):
  File "/home/wemisico/virtualenv/wemisipy/3.13/lib/python3.13/site-packages/django/core/handlers/exception.py", line 55, in inner
    response = get_response(request)
  File "/home/wemisico/virtualenv/wemisipy/3.13/lib/python3.13/site-packages/django/utils/deprecation.py", line 133, in __call__
    response = self.process_request(request)
  File "/home/wemisico/virtualenv/wemisipy/3.13/lib/python3.13/site-packages/django/middleware/common.py", line 48, in process_request
    host = request.get_host()
  File "/home/wemisico/virtualenv/wemisipy/3.13/lib/python3.13/site-packages/django/http/request.py", line 150, in get_host
    raise DisallowedHost(msg)
django.core.exceptions.DisallowedHost: Invalid HTTP_HOST header: 'www.wemisi.com'. You may need to add 'www.wemisi.com' to ALLOWED_HOSTS.
Not Found: /wp-good.php
Not Found: /ioxi-o.php
Not Found: /file.php
Not Found: /wp-admin/css/colors/blue
Not Found: /wp-signin.php
Not Found: /abcd.php
Not Found: /wp-includes/block-bindings
Not Found: /about.php
Not Found: /bless.php
Not Found: /images/install.php
Not Found: /num.php
Not Found: /txets.php
Not Found: /wp-blog.php
Not Found: /wp-content/admin-header.php
Not Found: /wp-content/themes/about.php
Not Found: /wp-includes/js/dist
Not Found: /wp-includes/rest-api/fields
Not Found: /wp.php
Not Found: /admin.php
Not Found: /adminfuns.php
Not Found: /chosen.php
Not Found: /classwithtostring.php
Not Found: /edit.php
Not Found: /goods.php
Not Found: /k.php
Not Found: /mah/function.php
Not Found: /wp-conflg/function.php
Not Found: /wp-content/admin.php
Not Found: /wp-content/languages/index.php
Not Found: /wp-includes/PHPMailer/index.php
Not Found: /wp-includes/images
Not Found: /wp-includes/images/index.php
Not Found: /wp-includes/js/dist/development
Not Found: /wp-user.php
Not Found: /404.php
Not Found: /akcc.php
Not Found: /gg.php
Not Found: /mah.php
Not Found: /new.php
Not Found: /themes.php
Not Found: /uploads/index.php
Not Found: /wp-admin
Not Found: /wp-admin/classwithtostring.php
Not Found: /wp-admin/css
Not Found: /wp-admin/css/about.php
Not Found: /wp-admin/includes/colour.php
Not Found: /wp-admin/js
Not Found: /wp-admin/js/autoload_classmap.php
Not Found: /wp-admin/js/widgets
Not Found: /wp-content/autoload_classmap.php
Not Found: /wp-content/backups-dup-lite
Not Found: /wp-content/languages
Not Found: /wp-content/plugins/admin.php
Not Found: /wp-content/themes/admin.php
Not Found: /wp-content/uploads
Not Found: /wp-content/uploads/2025
Not Found: /wp-includes/IXR
Not Found: /wp-includes/IXR/index.php
Not Found: /wp-includes/SimplePie/index.php
Not Found: /wp-includes/Text
Not Found: /wp-includes/Text/Diff/Engine
Not Found: /wp-includes/block-bindings/index.php
Not Found: /wp-includes/block-supports
Not Found: /wp-includes/blocks/code
Not Found: /wp-includes/customize/chosen.php
Not Found: /wp-includes/html-api/index.php
Not Found: /wp-includes/index.php
Not Found: /wp-includes/js/dist/development/index.php
Not Found: /wp-includes/pomo/index.php
Not Found: /wp-includes/rest-api
Not Found: /wp-includes/sitemaps/autoload_classmap.php
Not Found: /wp-includes/theme-compat
Not Found: /robots.txt
Not Found: /robots.txt
Invalid HTTP_HOST header: 'www.wemisi.com'. You may need to add 'www.wemisi.com' to ALLOWED_HOSTS.
Traceback (most recent call last):
  File "/home/wemisico/virtualenv/wemisipy/3.13/lib/python3.13/site-packages/django/core/handlers/exception.py", line 55, in inner
    response = get_response(request)
  File "/home/wemisico/virtualenv/wemisipy/3.13/lib/python3.13/site-packages/django/utils/deprecation.py", line 133, in __call__
    response = self.process_request(request)
  File "/home/wemisico/virtualenv/wemisipy/3.13/lib/python3.13/site-packages/django/middleware/common.py", line 48, in process_request
    host = request.get_host()
  File "/home/wemisico/virtualenv/wemisipy/3.13/lib/python3.13/site-packages/django/http/request.py", line 150, in get_host
    raise DisallowedHost(msg)
django.core.exceptions.DisallowedHost: Invalid HTTP_HOST header: 'www.wemisi.com'. You may need to add 'www.wemisi.com' to ALLOWED_HOSTS.
Not Found: /images/15.png
Not Found: /list.html
Not Found: /favicon.ico
Not Found: /favicon.ico
Not Found: /robots.txt
Invalid HTTP_HOST header: 'mail.wemisi.com'. You may need to add 'mail.wemisi.com' to ALLOWED_HOSTS.
Traceback (most recent call last):
  File "/home/wemisico/virtualenv/wemisipy/3.13/lib/python3.13/site-packages/django/core/handlers/exception.py", line 55, in inner
    response = get_response(request)
  File "/home/wemisico/virtualenv/wemisipy/3.13/lib/python3.13/site-packages/django/utils/deprecation.py", line 133, in __call__
    response = self.process_request(request)
  File "/home/wemisico/virtualenv/wemisipy/3.13/lib/python3.13/site-packages/django/middleware/common.py", line 48, in process_request
    host = request.get_host()
  File "/home/wemisico/virtualenv/wemisipy/3.13/lib/python3.13/site-packages/django/http/request.py", line 150, in get_host
    raise DisallowedHost(msg)
django.core.exceptions.DisallowedHost: Invalid HTTP_HOST header: 'mail.wemisi.com'. You may need to add 'mail.wemisi.com' to ALLOWED_HOSTS.
Not Found: /robots.txt
Invalid HTTP_HOST header: 'www.wemisi.com'. You may need to add 'www.wemisi.com' to ALLOWED_HOSTS.
Traceback (most recent call last):
  File "/home/wemisico/virtualenv/wemisipy/3.13/lib/python3.13/site-packages/django/core/handlers/exception.py", line 55, in inner
    response = get_response(request)
  File "/home/wemisico/virtualenv/wemisipy/3.13/lib/python3.13/site-packages/django/utils/deprecation.py", line 133, in __call__
    response = self.process_request(request)
  File "/home/wemisico/virtualenv/wemisipy/3.13/lib/python3.13/site-packages/django/middleware/common.py", line 48, in process_request
    host = request.get_host()
  File "/home/wemisico/virtualenv/wemisipy/3.13/lib/python3.13/site-packages/django/http/request.py", line 150, in get_host
    raise DisallowedHost(msg)
django.core.exceptions.DisallowedHost: Invalid HTTP_HOST header: 'www.wemisi.com'. You may need to add 'www.wemisi.com' to ALLOWED_HOSTS.
Not Found: /robots.txt
Not Found: /robots.txt
Not Found: /media/system/js/core.js
Not Found: /wp-includes/js/jquery/jquery.js
Invalid HTTP_HOST header: 'www.wemisi.com'. You may need to add 'www.wemisi.com' to ALLOWED_HOSTS.
Traceback (most recent call last):
  File "/home/wemisico/virtualenv/wemisipy/3.13/lib/python3.13/site-packages/django/core/handlers/exception.py", line 55, in inner
    response = get_response(request)
  File "/home/wemisico/virtualenv/wemisipy/3.13/lib/python3.13/site-packages/django/utils/deprecation.py", line 133, in __call__
    response = self.process_request(request)
  File "/home/wemisico/virtualenv/wemisipy/3.13/lib/python3.13/site-packages/django/middleware/common.py", line 48, in process_request
    host = request.get_host()
  File "/home/wemisico/virtualenv/wemisipy/3.13/lib/python3.13/site-packages/django/http/request.py", line 150, in get_host
    raise DisallowedHost(msg)
django.core.exceptions.DisallowedHost: Invalid HTTP_HOST header: 'www.wemisi.com'. You may need to add 'www.wemisi.com' to ALLOWED_HOSTS.
Not Found: /robots.txt
Not Found: /wp-login.php
Not Found: /apps
Not Found: /api/action
Not Found: /api/actions
Not Found: /_next/data
Invalid HTTP_HOST header: 'www.wemisi.com'. You may need to add 'www.wemisi.com' to ALLOWED_HOSTS.
Traceback (most recent call last):
  File "/home/wemisico/virtualenv/wemisipy/3.13/lib/python3.13/site-packages/django/core/handlers/exception.py", line 55, in inner
    response = get_response(request)
  File "/home/wemisico/virtualenv/wemisipy/3.13/lib/python3.13/site-packages/django/utils/deprecation.py", line 133, in __call__
    response = self.process_request(request)
  File "/home/wemisico/virtualenv/wemisipy/3.13/lib/python3.13/site-packages/django/middleware/common.py", line 48, in process_request
    host = request.get_host()
  File "/home/wemisico/virtualenv/wemisipy/3.13/lib/python3.13/site-packages/django/http/request.py", line 150, in get_host
    raise DisallowedHost(msg)
django.core.exceptions.DisallowedHost: Invalid HTTP_HOST header: 'www.wemisi.com'. You may need to add 'www.wemisi.com' to ALLOWED_HOSTS.
Not Found: /robots.txt
Not Found: /robots.txt
Invalid HTTP_HOST header: 'www.wemisi.com'. You may need to add 'www.wemisi.com' to ALLOWED_HOSTS.
Traceback (most recent call last):
  File "/home/wemisico/virtualenv/wemisipy/3.13/lib/python3.13/site-packages/django/core/handlers/exception.py", line 55, in inner
    response = get_response(request)
  File "/home/wemisico/virtualenv/wemisipy/3.13/lib/python3.13/site-packages/django/utils/deprecation.py", line 133, in __call__
    response = self.process_request(request)
  File "/home/wemisico/virtualenv/wemisipy/3.13/lib/python3.13/site-packages/django/middleware/common.py", line 48, in process_request
    host = request.get_host()
  File "/home/wemisico/virtualenv/wemisipy/3.13/lib/python3.13/site-packages/django/http/request.py", line 150, in get_host
    raise DisallowedHost(msg)
django.core.exceptions.DisallowedHost: Invalid HTTP_HOST header: 'www.wemisi.com'. You may need to add 'www.wemisi.com' to ALLOWED_HOSTS.
Invalid HTTP_HOST header: 'www.wemisi.com'. You may need to add 'www.wemisi.com' to ALLOWED_HOSTS.
Traceback (most recent call last):
  File "/home/wemisico/virtualenv/wemisipy/3.13/lib/python3.13/site-packages/django/core/handlers/exception.py", line 55, in inner
    response = get_response(request)
  File "/home/wemisico/virtualenv/wemisipy/3.13/lib/python3.13/site-packages/django/utils/deprecation.py", line 133, in __call__
    response = self.process_request(request)
  File "/home/wemisico/virtualenv/wemisipy/3.13/lib/python3.13/site-packages/django/middleware/common.py", line 48, in process_request
    host = request.get_host()
  File "/home/wemisico/virtualenv/wemisipy/3.13/lib/python3.13/site-packages/django/http/request.py", line 150, in get_host
    raise DisallowedHost(msg)
django.core.exceptions.DisallowedHost: Invalid HTTP_HOST header: 'www.wemisi.com'. You may need to add 'www.wemisi.com' to ALLOWED_HOSTS.
Not Found: /robots.txt
Not Found: /coming.html
Not Found: /favicon.ico
Not Found: /robots.txt
Not Found: /robots.txt
Not Found: /robots.txt
Not Found: /apps
Not Found: /api/action
Not Found: /api/actions
Not Found: /_next/data
Not Found: /robots.txt
Not Found: /robots.txt
Invalid HTTP_HOST header: 'www.wemisi.com'. You may need to add 'www.wemisi.com' to ALLOWED_HOSTS.
Traceback (most recent call last):
  File "/home/wemisico/virtualenv/wemisipy/3.13/lib/python3.13/site-packages/django/core/handlers/exception.py", line 55, in inner
    response = get_response(request)
  File "/home/wemisico/virtualenv/wemisipy/3.13/lib/python3.13/site-packages/django/utils/deprecation.py", line 133, in __call__
    response = self.process_request(request)
  File "/home/wemisico/virtualenv/wemisipy/3.13/lib/python3.13/site-packages/django/middleware/common.py", line 48, in process_request
    host = request.get_host()
  File "/home/wemisico/virtualenv/wemisipy/3.13/lib/python3.13/site-packages/django/http/request.py", line 150, in get_host
    raise DisallowedHost(msg)
django.core.exceptions.DisallowedHost: Invalid HTTP_HOST header: 'www.wemisi.com'. You may need to add 'www.wemisi.com' to ALLOWED_HOSTS.
Invalid HTTP_HOST header: 'www.wemisi.com'. You may need to add 'www.wemisi.com' to ALLOWED_HOSTS.
Traceback (most recent call last):
  File "/home/wemisico/virtualenv/wemisipy/3.13/lib/python3.13/site-packages/django/core/handlers/exception.py", line 55, in inner
    response = get_response(request)
  File "/home/wemisico/virtualenv/wemisipy/3.13/lib/python3.13/site-packages/django/utils/deprecation.py", line 133, in __call__
    response = self.process_request(request)
  File "/home/wemisico/virtualenv/wemisipy/3.13/lib/python3.13/site-packages/django/middleware/common.py", line 48, in process_request
    host = request.get_host()
  File "/home/wemisico/virtualenv/wemisipy/3.13/lib/python3.13/site-packages/django/http/request.py", line 150, in get_host
    raise DisallowedHost(msg)
django.core.exceptions.DisallowedHost: Invalid HTTP_HOST header: 'www.wemisi.com'. You may need to add 'www.wemisi.com' to ALLOWED_HOSTS.
Invalid HTTP_HOST header: 'www.wemisi.com'. You may need to add 'www.wemisi.com' to ALLOWED_HOSTS.
Traceback (most recent call last):
  File "/home/wemisico/virtualenv/wemisipy/3.13/lib/python3.13/site-packages/django/core/handlers/exception.py", line 55, in inner
    response = get_response(request)
  File "/home/wemisico/virtualenv/wemisipy/3.13/lib/python3.13/site-packages/django/utils/deprecation.py", line 133, in __call__
    response = self.process_request(request)
  File "/home/wemisico/virtualenv/wemisipy/3.13/lib/python3.13/site-packages/django/middleware/common.py", line 48, in process_request
    host = request.get_host()
  File "/home/wemisico/virtualenv/wemisipy/3.13/lib/python3.13/site-packages/django/http/request.py", line 150, in get_host
    raise DisallowedHost(msg)
django.core.exceptions.DisallowedHost: Invalid HTTP_HOST header: 'www.wemisi.com'. You may need to add 'www.wemisi.com' to ALLOWED_HOSTS.
Invalid HTTP_HOST header: 'www.wemisi.com'. You may need to add 'www.wemisi.com' to ALLOWED_HOSTS.
Traceback (most recent call last):
  File "/home/wemisico/virtualenv/wemisipy/3.13/lib/python3.13/site-packages/django/core/handlers/exception.py", line 55, in inner
    response = get_response(request)
  File "/home/wemisico/virtualenv/wemisipy/3.13/lib/python3.13/site-packages/django/utils/deprecation.py", line 133, in __call__
    response = self.process_request(request)
  File "/home/wemisico/virtualenv/wemisipy/3.13/lib/python3.13/site-packages/django/middleware/common.py", line 48, in process_request
    host = request.get_host()
  File "/home/wemisico/virtualenv/wemisipy/3.13/lib/python3.13/site-packages/django/http/request.py", line 150, in get_host
    raise DisallowedHost(msg)
django.core.exceptions.DisallowedHost: Invalid HTTP_HOST header: 'www.wemisi.com'. You may need to add 'www.wemisi.com' to ALLOWED_HOSTS.
Invalid HTTP_HOST header: 'www.wemisi.com'. You may need to add 'www.wemisi.com' to ALLOWED_HOSTS.
Traceback (most recent call last):
  File "/home/wemisico/virtualenv/wemisipy/3.13/lib/python3.13/site-packages/django/core/handlers/exception.py", line 55, in inner
    response = get_response(request)
  File "/home/wemisico/virtualenv/wemisipy/3.13/lib/python3.13/site-packages/django/utils/deprecation.py", line 133, in __call__
    response = self.process_request(request)
  File "/home/wemisico/virtualenv/wemisipy/3.13/lib/python3.13/site-packages/django/middleware/common.py", line 48, in process_request
    host = request.get_host()
  File "/home/wemisico/virtualenv/wemisipy/3.13/lib/python3.13/site-packages/django/http/request.py", line 150, in get_host
    raise DisallowedHost(msg)
django.core.exceptions.DisallowedHost: Invalid HTTP_HOST header: 'www.wemisi.com'. You may need to add 'www.wemisi.com' to ALLOWED_HOSTS.
Invalid HTTP_HOST header: 'www.wemisi.com'. You may need to add 'www.wemisi.com' to ALLOWED_HOSTS.
Traceback (most recent call last):
  File "/home/wemisico/virtualenv/wemisipy/3.13/lib/python3.13/site-packages/django/core/handlers/exception.py", line 55, in inner
    response = get_response(request)
  File "/home/wemisico/virtualenv/wemisipy/3.13/lib/python3.13/site-packages/django/utils/deprecation.py", line 133, in __call__
    response = self.process_request(request)
  File "/home/wemisico/virtualenv/wemisipy/3.13/lib/python3.13/site-packages/django/middleware/common.py", line 48, in process_request
    host = request.get_host()
  File "/home/wemisico/virtualenv/wemisipy/3.13/lib/python3.13/site-packages/django/http/request.py", line 150, in get_host
    raise DisallowedHost(msg)
django.core.exceptions.DisallowedHost: Invalid HTTP_HOST header: 'www.wemisi.com'. You may need to add 'www.wemisi.com' to ALLOWED_HOSTS.
Invalid HTTP_HOST header: 'www.wemisi.com'. You may need to add 'www.wemisi.com' to ALLOWED_HOSTS.
Traceback (most recent call last):
  File "/home/wemisico/virtualenv/wemisipy/3.13/lib/python3.13/site-packages/django/core/handlers/exception.py", line 55, in inner
    response = get_response(request)
  File "/home/wemisico/virtualenv/wemisipy/3.13/lib/python3.13/site-packages/django/utils/deprecation.py", line 133, in __call__
    response = self.process_request(request)
  File "/home/wemisico/virtualenv/wemisipy/3.13/lib/python3.13/site-packages/django/middleware/common.py", line 48, in process_request
    host = request.get_host()
  File "/home/wemisico/virtualenv/wemisipy/3.13/lib/python3.13/site-packages/django/http/request.py", line 150, in get_host
    raise DisallowedHost(msg)
django.core.exceptions.DisallowedHost: Invalid HTTP_HOST header: 'www.wemisi.com'. You may need to add 'www.wemisi.com' to ALLOWED_HOSTS.
Invalid HTTP_HOST header: 'www.wemisi.com'. You may need to add 'www.wemisi.com' to ALLOWED_HOSTS.
Traceback (most recent call last):
  File "/home/wemisico/virtualenv/wemisipy/3.13/lib/python3.13/site-packages/django/core/handlers/exception.py", line 55, in inner
    response = get_response(request)
  File "/home/wemisico/virtualenv/wemisipy/3.13/lib/python3.13/site-packages/django/utils/deprecation.py", line 133, in __call__
    response = self.process_request(request)
  File "/home/wemisico/virtualenv/wemisipy/3.13/lib/python3.13/site-packages/django/middleware/common.py", line 48, in process_request
    host = request.get_host()
  File "/home/wemisico/virtualenv/wemisipy/3.13/lib/python3.13/site-packages/django/http/request.py", line 150, in get_host
    raise DisallowedHost(msg)
django.core.exceptions.DisallowedHost: Invalid HTTP_HOST header: 'www.wemisi.com'. You may need to add 'www.wemisi.com' to ALLOWED_HOSTS.
Not Found: /robots.txt
Invalid HTTP_HOST header: 'www.wemisi.com'. You may need to add 'www.wemisi.com' to ALLOWED_HOSTS.
Traceback (most recent call last):
  File "/home/wemisico/virtualenv/wemisipy/3.13/lib/python3.13/site-packages/django/core/handlers/exception.py", line 55, in inner
    response = get_response(request)
  File "/home/wemisico/virtualenv/wemisipy/3.13/lib/python3.13/site-packages/django/utils/deprecation.py", line 133, in __call__
    response = self.process_request(request)
  File "/home/wemisico/virtualenv/wemisipy/3.13/lib/python3.13/site-packages/django/middleware/common.py", line 48, in process_request
    host = request.get_host()
  File "/home/wemisico/virtualenv/wemisipy/3.13/lib/python3.13/site-packages/django/http/request.py", line 150, in get_host
    raise DisallowedHost(msg)
django.core.exceptions.DisallowedHost: Invalid HTTP_HOST header: 'www.wemisi.com'. You may need to add 'www.wemisi.com' to ALLOWED_HOSTS.
Not Found: /robots.txt
Invalid HTTP_HOST header: 'www.wemisi.com'. You may need to add 'www.wemisi.com' to ALLOWED_HOSTS.
Traceback (most recent call last):
  File "/home/wemisico/virtualenv/wemisipy/3.13/lib/python3.13/site-packages/django/core/handlers/exception.py", line 55, in inner
    response = get_response(request)
  File "/home/wemisico/virtualenv/wemisipy/3.13/lib/python3.13/site-packages/django/utils/deprecation.py", line 133, in __call__
    response = self.process_request(request)
  File "/home/wemisico/virtualenv/wemisipy/3.13/lib/python3.13/site-packages/django/middleware/common.py", line 48, in process_request
    host = request.get_host()
  File "/home/wemisico/virtualenv/wemisipy/3.13/lib/python3.13/site-packages/django/http/request.py", line 150, in get_host
    raise DisallowedHost(msg)
django.core.exceptions.DisallowedHost: Invalid HTTP_HOST header: 'www.wemisi.com'. You may need to add 'www.wemisi.com' to ALLOWED_HOSTS.
Not Found: /robots.txt
Not Found: /favicon.ico
Not Found: /robots.txt
Not Found: /favicon.ico
Not Found: /favicon.ico
Not Found: /robots.txt
Not Found: /robots.txt
Not Found: /cart.html
Not Found: /robots.txt
Not Found: /robots.txt
Not Found: /robots.txt
Not Found: /robots.txt
Not Found: /sitemap.xml
Not Found: /wp-sitemap.xml
Not Found: /sitemap_index.xml
Not Found: /wp-login.php
Invalid HTTP_HOST header: 'www.wemisi.com'. You may need to add 'www.wemisi.com' to ALLOWED_HOSTS.
Traceback (most recent call last):
  File "/home/wemisico/virtualenv/wemisipy/3.13/lib/python3.13/site-packages/django/core/handlers/exception.py", line 55, in inner
    response = get_response(request)
  File "/home/wemisico/virtualenv/wemisipy/3.13/lib/python3.13/site-packages/django/utils/deprecation.py", line 133, in __call__
    response = self.process_request(request)
  File "/home/wemisico/virtualenv/wemisipy/3.13/lib/python3.13/site-packages/django/middleware/common.py", line 48, in process_request
    host = request.get_host()
  File "/home/wemisico/virtualenv/wemisipy/3.13/lib/python3.13/site-packages/django/http/request.py", line 150, in get_host
    raise DisallowedHost(msg)
django.core.exceptions.DisallowedHost: Invalid HTTP_HOST header: 'www.wemisi.com'. You may need to add 'www.wemisi.com' to ALLOWED_HOSTS.
Invalid HTTP_HOST header: 'www.wemisi.com'. You may need to add 'www.wemisi.com' to ALLOWED_HOSTS.
Traceback (most recent call last):
  File "/home/wemisico/virtualenv/wemisipy/3.13/lib/python3.13/site-packages/django/core/handlers/exception.py", line 55, in inner
    response = get_response(request)
  File "/home/wemisico/virtualenv/wemisipy/3.13/lib/python3.13/site-packages/django/utils/deprecation.py", line 133, in __call__
    response = self.process_request(request)
  File "/home/wemisico/virtualenv/wemisipy/3.13/lib/python3.13/site-packages/django/middleware/common.py", line 48, in process_request
    host = request.get_host()
  File "/home/wemisico/virtualenv/wemisipy/3.13/lib/python3.13/site-packages/django/http/request.py", line 150, in get_host
    raise DisallowedHost(msg)
django.core.exceptions.DisallowedHost: Invalid HTTP_HOST header: 'www.wemisi.com'. You may need to add 'www.wemisi.com' to ALLOWED_HOSTS.
Invalid HTTP_HOST header: 'www.wemisi.com'. You may need to add 'www.wemisi.com' to ALLOWED_HOSTS.
Traceback (most recent call last):
  File "/home/wemisico/virtualenv/wemisipy/3.13/lib/python3.13/site-packages/django/core/handlers/exception.py", line 55, in inner
    response = get_response(request)
  File "/home/wemisico/virtualenv/wemisipy/3.13/lib/python3.13/site-packages/django/utils/deprecation.py", line 133, in __call__
    response = self.process_request(request)
  File "/home/wemisico/virtualenv/wemisipy/3.13/lib/python3.13/site-packages/django/middleware/common.py", line 48, in process_request
    host = request.get_host()
  File "/home/wemisico/virtualenv/wemisipy/3.13/lib/python3.13/site-packages/django/http/request.py", line 150, in get_host
    raise DisallowedHost(msg)
django.core.exceptions.DisallowedHost: Invalid HTTP_HOST header: 'www.wemisi.com'. You may need to add 'www.wemisi.com' to ALLOWED_HOSTS.
Invalid HTTP_HOST header: 'www.wemisi.com'. You may need to add 'www.wemisi.com' to ALLOWED_HOSTS.
Traceback (most recent call last):
  File "/home/wemisico/virtualenv/wemisipy/3.13/lib/python3.13/site-packages/django/core/handlers/exception.py", line 55, in inner
    response = get_response(request)
  File "/home/wemisico/virtualenv/wemisipy/3.13/lib/python3.13/site-packages/django/utils/deprecation.py", line 133, in __call__
    response = self.process_request(request)
  File "/home/wemisico/virtualenv/wemisipy/3.13/lib/python3.13/site-packages/django/middleware/common.py", line 48, in process_request
    host = request.get_host()
  File "/home/wemisico/virtualenv/wemisipy/3.13/lib/python3.13/site-packages/django/http/request.py", line 150, in get_host
    raise DisallowedHost(msg)
django.core.exceptions.DisallowedHost: Invalid HTTP_HOST header: 'www.wemisi.com'. You may need to add 'www.wemisi.com' to ALLOWED_HOSTS.
Not Found: /robots.txt
Invalid HTTP_HOST header: 'www.wemisi.com'. You may need to add 'www.wemisi.com' to ALLOWED_HOSTS.
Traceback (most recent call last):
  File "/home/wemisico/virtualenv/wemisipy/3.13/lib/python3.13/site-packages/django/core/handlers/exception.py", line 55, in inner
    response = get_response(request)
  File "/home/wemisico/virtualenv/wemisipy/3.13/lib/python3.13/site-packages/django/utils/deprecation.py", line 133, in __call__
    response = self.process_request(request)
  File "/home/wemisico/virtualenv/wemisipy/3.13/lib/python3.13/site-packages/django/middleware/common.py", line 48, in process_request
    host = request.get_host()
  File "/home/wemisico/virtualenv/wemisipy/3.13/lib/python3.13/site-packages/django/http/request.py", line 150, in get_host
    raise DisallowedHost(msg)
django.core.exceptions.DisallowedHost: Invalid HTTP_HOST header: 'www.wemisi.com'. You may need to add 'www.wemisi.com' to ALLOWED_HOSTS.
Not Found: /robots.txt
Invalid HTTP_HOST header: 'www.wemisi.com'. You may need to add 'www.wemisi.com' to ALLOWED_HOSTS.
Traceback (most recent call last):
  File "/home/wemisico/virtualenv/wemisipy/3.13/lib/python3.13/site-packages/django/core/handlers/exception.py", line 55, in inner
    response = get_response(request)
  File "/home/wemisico/virtualenv/wemisipy/3.13/lib/python3.13/site-packages/django/utils/deprecation.py", line 133, in __call__
    response = self.process_request(request)
  File "/home/wemisico/virtualenv/wemisipy/3.13/lib/python3.13/site-packages/django/middleware/common.py", line 48, in process_request
    host = request.get_host()
  File "/home/wemisico/virtualenv/wemisipy/3.13/lib/python3.13/site-packages/django/http/request.py", line 150, in get_host
    raise DisallowedHost(msg)
django.core.exceptions.DisallowedHost: Invalid HTTP_HOST header: 'www.wemisi.com'. You may need to add 'www.wemisi.com' to ALLOWED_HOSTS.
Invalid HTTP_HOST header: 'www.wemisi.com'. You may need to add 'www.wemisi.com' to ALLOWED_HOSTS.
Traceback (most recent call last):
  File "/home/wemisico/virtualenv/wemisipy/3.13/lib/python3.13/site-packages/django/core/handlers/exception.py", line 55, in inner
    response = get_response(request)
  File "/home/wemisico/virtualenv/wemisipy/3.13/lib/python3.13/site-packages/django/utils/deprecation.py", line 133, in __call__
    response = self.process_request(request)
  File "/home/wemisico/virtualenv/wemisipy/3.13/lib/python3.13/site-packages/django/middleware/common.py", line 48, in process_request
    host = request.get_host()
  File "/home/wemisico/virtualenv/wemisipy/3.13/lib/python3.13/site-packages/django/http/request.py", line 150, in get_host
    raise DisallowedHost(msg)
django.core.exceptions.DisallowedHost: Invalid HTTP_HOST header: 'www.wemisi.com'. You may need to add 'www.wemisi.com' to ALLOWED_HOSTS.
Not Found: /robots.txt
Invalid HTTP_HOST header: 'www.wemisi.com'. You may need to add 'www.wemisi.com' to ALLOWED_HOSTS.
Traceback (most recent call last):
  File "/home/wemisico/virtualenv/wemisipy/3.13/lib/python3.13/site-packages/django/core/handlers/exception.py", line 55, in inner
    response = get_response(request)
  File "/home/wemisico/virtualenv/wemisipy/3.13/lib/python3.13/site-packages/django/utils/deprecation.py", line 133, in __call__
    response = self.process_request(request)
  File "/home/wemisico/virtualenv/wemisipy/3.13/lib/python3.13/site-packages/django/middleware/common.py", line 48, in process_request
    host = request.get_host()
  File "/home/wemisico/virtualenv/wemisipy/3.13/lib/python3.13/site-packages/django/http/request.py", line 150, in get_host
    raise DisallowedHost(msg)
django.core.exceptions.DisallowedHost: Invalid HTTP_HOST header: 'www.wemisi.com'. You may need to add 'www.wemisi.com' to ALLOWED_HOSTS.
Invalid HTTP_HOST header: 'www.wemisi.com'. You may need to add 'www.wemisi.com' to ALLOWED_HOSTS.
Traceback (most recent call last):
  File "/home/wemisico/virtualenv/wemisipy/3.13/lib/python3.13/site-packages/django/core/handlers/exception.py", line 55, in inner
    response = get_response(request)
  File "/home/wemisico/virtualenv/wemisipy/3.13/lib/python3.13/site-packages/django/utils/deprecation.py", line 133, in __call__
    response = self.process_request(request)
  File "/home/wemisico/virtualenv/wemisipy/3.13/lib/python3.13/site-packages/django/middleware/common.py", line 48, in process_request
    host = request.get_host()
  File "/home/wemisico/virtualenv/wemisipy/3.13/lib/python3.13/site-packages/django/http/request.py", line 150, in get_host
    raise DisallowedHost(msg)
django.core.exceptions.DisallowedHost: Invalid HTTP_HOST header: 'www.wemisi.com'. You may need to add 'www.wemisi.com' to ALLOWED_HOSTS.
Not Found: /robots.txt
Not Found: /robots.txt
Internal Server Error: /accounts/login/
Traceback (most recent call last):
  File "/home/wemisico/virtualenv/wemisipy/3.13/lib/python3.13/site-packages/django/core/handlers/exception.py", line 55, in inner
    response = get_response(request)
  File "/home/wemisico/virtualenv/wemisipy/3.13/lib/python3.13/site-packages/django/core/handlers/base.py", line 220, in _get_response
    response = response.render()
  File "/home/wemisico/virtualenv/wemisipy/3.13/lib/python3.13/site-packages/django/template/response.py", line 114, in render
    self.content = self.rendered_content
                   ^^^^^^^^^^^^^^^^^^^^^
  File "/home/wemisico/virtualenv/wemisipy/3.13/lib/python3.13/site-packages/django/template/response.py", line 90, in rendered_content
    template = self.resolve_template(self.template_name)
  File "/home/wemisico/virtualenv/wemisipy/3.13/lib/python3.13/site-packages/django/template/response.py", line 72, in resolve_template
    return select_template(template, using=self.using)
  File "/home/wemisico/virtualenv/wemisipy/3.13/lib/python3.13/site-packages/django/template/loader.py", line 47, in select_template
    raise TemplateDoesNotExist(", ".join(template_name_list), chain=chain)
django.template.exceptions.TemplateDoesNotExist: registration/login.html
Not Found: /robots.txt
Invalid HTTP_HOST header: 'www.wemisi.com'. You may need to add 'www.wemisi.com' to ALLOWED_HOSTS.
Traceback (most recent call last):
  File "/home/wemisico/virtualenv/wemisipy/3.13/lib/python3.13/site-packages/django/core/handlers/exception.py", line 55, in inner
    response = get_response(request)
  File "/home/wemisico/virtualenv/wemisipy/3.13/lib/python3.13/site-packages/django/utils/deprecation.py", line 133, in __call__
    response = self.process_request(request)
  File "/home/wemisico/virtualenv/wemisipy/3.13/lib/python3.13/site-packages/django/middleware/common.py", line 48, in process_request
    host = request.get_host()
  File "/home/wemisico/virtualenv/wemisipy/3.13/lib/python3.13/site-packages/django/http/request.py", line 150, in get_host
    raise DisallowedHost(msg)
django.core.exceptions.DisallowedHost: Invalid HTTP_HOST header: 'www.wemisi.com'. You may need to add 'www.wemisi.com' to ALLOWED_HOSTS.
Not Found: /robots.txt
Invalid HTTP_HOST header: 'www.wemisi.com'. You may need to add 'www.wemisi.com' to ALLOWED_HOSTS.
Traceback (most recent call last):
  File "/home/wemisico/virtualenv/wemisipy/3.13/lib/python3.13/site-packages/django/core/handlers/exception.py", line 55, in inner
    response = get_response(request)
  File "/home/wemisico/virtualenv/wemisipy/3.13/lib/python3.13/site-packages/django/utils/deprecation.py", line 133, in __call__
    response = self.process_request(request)
  File "/home/wemisico/virtualenv/wemisipy/3.13/lib/python3.13/site-packages/django/middleware/common.py", line 48, in process_request
    host = request.get_host()
  File "/home/wemisico/virtualenv/wemisipy/3.13/lib/python3.13/site-packages/django/http/request.py", line 150, in get_host
    raise DisallowedHost(msg)
django.core.exceptions.DisallowedHost: Invalid HTTP_HOST header: 'www.wemisi.com'. You may need to add 'www.wemisi.com' to ALLOWED_HOSTS.
Invalid HTTP_HOST header: 'www.wemisi.com'. You may need to add 'www.wemisi.com' to ALLOWED_HOSTS.
Traceback (most recent call last):
  File "/home/wemisico/virtualenv/wemisipy/3.13/lib/python3.13/site-packages/django/core/handlers/exception.py", line 55, in inner
    response = get_response(request)
  File "/home/wemisico/virtualenv/wemisipy/3.13/lib/python3.13/site-packages/django/utils/deprecation.py", line 133, in __call__
    response = self.process_request(request)
  File "/home/wemisico/virtualenv/wemisipy/3.13/lib/python3.13/site-packages/django/middleware/common.py", line 48, in process_request
    host = request.get_host()
  File "/home/wemisico/virtualenv/wemisipy/3.13/lib/python3.13/site-packages/django/http/request.py", line 150, in get_host
    raise DisallowedHost(msg)
django.core.exceptions.DisallowedHost: Invalid HTTP_HOST header: 'www.wemisi.com'. You may need to add 'www.wemisi.com' to ALLOWED_HOSTS.
Not Found: /favicon.ico
Not Found: /robots.txt
Invalid HTTP_HOST header: 'www.wemisi.com'. You may need to add 'www.wemisi.com' to ALLOWED_HOSTS.
Traceback (most recent call last):
  File "/home/wemisico/virtualenv/wemisipy/3.13/lib/python3.13/site-packages/django/core/handlers/exception.py", line 55, in inner
    response = get_response(request)
  File "/home/wemisico/virtualenv/wemisipy/3.13/lib/python3.13/site-packages/django/utils/deprecation.py", line 133, in __call__
    response = self.process_request(request)
  File "/home/wemisico/virtualenv/wemisipy/3.13/lib/python3.13/site-packages/django/middleware/common.py", line 48, in process_request
    host = request.get_host()
  File "/home/wemisico/virtualenv/wemisipy/3.13/lib/python3.13/site-packages/django/http/request.py", line 150, in get_host
    raise DisallowedHost(msg)
django.core.exceptions.DisallowedHost: Invalid HTTP_HOST header: 'www.wemisi.com'. You may need to add 'www.wemisi.com' to ALLOWED_HOSTS.
Invalid HTTP_HOST header: 'www.wemisi.com'. You may need to add 'www.wemisi.com' to ALLOWED_HOSTS.
Traceback (most recent call last):
  File "/home/wemisico/virtualenv/wemisipy/3.13/lib/python3.13/site-packages/django/core/handlers/exception.py", line 55, in inner
    response = get_response(request)
  File "/home/wemisico/virtualenv/wemisipy/3.13/lib/python3.13/site-packages/django/utils/deprecation.py", line 133, in __call__
    response = self.process_request(request)
  File "/home/wemisico/virtualenv/wemisipy/3.13/lib/python3.13/site-packages/django/middleware/common.py", line 48, in process_request
    host = request.get_host()
  File "/home/wemisico/virtualenv/wemisipy/3.13/lib/python3.13/site-packages/django/http/request.py", line 150, in get_host
    raise DisallowedHost(msg)
django.core.exceptions.DisallowedHost: Invalid HTTP_HOST header: 'www.wemisi.com'. You may need to add 'www.wemisi.com' to ALLOWED_HOSTS.
Invalid HTTP_HOST header: 'www.wemisi.com'. You may need to add 'www.wemisi.com' to ALLOWED_HOSTS.
Traceback (most recent call last):
  File "/home/wemisico/virtualenv/wemisipy/3.13/lib/python3.13/site-packages/django/core/handlers/exception.py", line 55, in inner
    response = get_response(request)
  File "/home/wemisico/virtualenv/wemisipy/3.13/lib/python3.13/site-packages/django/utils/deprecation.py", line 133, in __call__
    response = self.process_request(request)
  File "/home/wemisico/virtualenv/wemisipy/3.13/lib/python3.13/site-packages/django/middleware/common.py", line 48, in process_request
    host = request.get_host()
  File "/home/wemisico/virtualenv/wemisipy/3.13/lib/python3.13/site-packages/django/http/request.py", line 150, in get_host
    raise DisallowedHost(msg)
django.core.exceptions.DisallowedHost: Invalid HTTP_HOST header: 'www.wemisi.com'. You may need to add 'www.wemisi.com' to ALLOWED_HOSTS.
Not Found: /robots.txt
Invalid HTTP_HOST header: 'www.wemisi.com'. You may need to add 'www.wemisi.com' to ALLOWED_HOSTS.
Traceback (most recent call last):
  File "/home/wemisico/virtualenv/wemisipy/3.13/lib/python3.13/site-packages/django/core/handlers/exception.py", line 55, in inner
    response = get_response(request)
  File "/home/wemisico/virtualenv/wemisipy/3.13/lib/python3.13/site-packages/django/utils/deprecation.py", line 133, in __call__
    response = self.process_request(request)
  File "/home/wemisico/virtualenv/wemisipy/3.13/lib/python3.13/site-packages/django/middleware/common.py", line 48, in process_request
    host = request.get_host()
  File "/home/wemisico/virtualenv/wemisipy/3.13/lib/python3.13/site-packages/django/http/request.py", line 150, in get_host
    raise DisallowedHost(msg)
django.core.exceptions.DisallowedHost: Invalid HTTP_HOST header: 'www.wemisi.com'. You may need to add 'www.wemisi.com' to ALLOWED_HOSTS.
Invalid HTTP_HOST header: 'www.wemisi.com'. You may need to add 'www.wemisi.com' to ALLOWED_HOSTS.
Traceback (most recent call last):
  File "/home/wemisico/virtualenv/wemisipy/3.13/lib/python3.13/site-packages/django/core/handlers/exception.py", line 55, in inner
    response = get_response(request)
  File "/home/wemisico/virtualenv/wemisipy/3.13/lib/python3.13/site-packages/django/utils/deprecation.py", line 133, in __call__
    response = self.process_request(request)
  File "/home/wemisico/virtualenv/wemisipy/3.13/lib/python3.13/site-packages/django/middleware/common.py", line 48, in process_request
    host = request.get_host()
  File "/home/wemisico/virtualenv/wemisipy/3.13/lib/python3.13/site-packages/django/http/request.py", line 150, in get_host
    raise DisallowedHost(msg)
django.core.exceptions.DisallowedHost: Invalid HTTP_HOST header: 'www.wemisi.com'. You may need to add 'www.wemisi.com' to ALLOWED_HOSTS.
Not Found: /robots.txt
Invalid HTTP_HOST header: 'www.wemisi.com'. You may need to add 'www.wemisi.com' to ALLOWED_HOSTS.
Traceback (most recent call last):
  File "/home/wemisico/virtualenv/wemisipy/3.13/lib/python3.13/site-packages/django/core/handlers/exception.py", line 55, in inner
    response = get_response(request)
  File "/home/wemisico/virtualenv/wemisipy/3.13/lib/python3.13/site-packages/django/utils/deprecation.py", line 133, in __call__
    response = self.process_request(request)
  File "/home/wemisico/virtualenv/wemisipy/3.13/lib/python3.13/site-packages/django/middleware/common.py", line 48, in process_request
    host = request.get_host()
  File "/home/wemisico/virtualenv/wemisipy/3.13/lib/python3.13/site-packages/django/http/request.py", line 150, in get_host
    raise DisallowedHost(msg)
django.core.exceptions.DisallowedHost: Invalid HTTP_HOST header: 'www.wemisi.com'. You may need to add 'www.wemisi.com' to ALLOWED_HOSTS.
Not Found: /robots.txt
Not Found: /robots.txt
Invalid HTTP_HOST header: 'www.wemisi.com'. You may need to add 'www.wemisi.com' to ALLOWED_HOSTS.
Traceback (most recent call last):
  File "/home/wemisico/virtualenv/wemisipy/3.13/lib/python3.13/site-packages/django/core/handlers/exception.py", line 55, in inner
    response = get_response(request)
  File "/home/wemisico/virtualenv/wemisipy/3.13/lib/python3.13/site-packages/django/utils/deprecation.py", line 133, in __call__
    response = self.process_request(request)
  File "/home/wemisico/virtualenv/wemisipy/3.13/lib/python3.13/site-packages/django/middleware/common.py", line 48, in process_request
    host = request.get_host()
  File "/home/wemisico/virtualenv/wemisipy/3.13/lib/python3.13/site-packages/django/http/request.py", line 150, in get_host
    raise DisallowedHost(msg)
django.core.exceptions.DisallowedHost: Invalid HTTP_HOST header: 'www.wemisi.com'. You may need to add 'www.wemisi.com' to ALLOWED_HOSTS.
Not Found: /robots.txt
Not Found: /robots.txt
Not Found: /robots.txt
Not Found: /robots.txt
Not Found: /favicon.ico
Not Found: /favicon.ico
Not Found: /robots.txt
Not Found: /robots.txt
Not Found: /bms.html
Not Found: /robots.txt
Not Found: /favicon.ico
Not Found: /wp-login.php
Not Found: /robots.txt
Not Found: /robots.txt
Not Found: /robots.txt
Invalid HTTP_HOST header: 'www.wemisi.com'. You may need to add 'www.wemisi.com' to ALLOWED_HOSTS.
Traceback (most recent call last):
  File "/home/wemisico/virtualenv/wemisipy/3.13/lib/python3.13/site-packages/django/core/handlers/exception.py", line 55, in inner
    response = get_response(request)
  File "/home/wemisico/virtualenv/wemisipy/3.13/lib/python3.13/site-packages/django/utils/deprecation.py", line 133, in __call__
    response = self.process_request(request)
  File "/home/wemisico/virtualenv/wemisipy/3.13/lib/python3.13/site-packages/django/middleware/common.py", line 48, in process_request
    host = request.get_host()
  File "/home/wemisico/virtualenv/wemisipy/3.13/lib/python3.13/site-packages/django/http/request.py", line 150, in get_host
    raise DisallowedHost(msg)
django.core.exceptions.DisallowedHost: Invalid HTTP_HOST header: 'www.wemisi.com'. You may need to add 'www.wemisi.com' to ALLOWED_HOSTS.
Not Found: /robots.txt
Invalid HTTP_HOST header: 'www.wemisi.com'. You may need to add 'www.wemisi.com' to ALLOWED_HOSTS.
Traceback (most recent call last):
  File "/home/wemisico/virtualenv/wemisipy/3.13/lib/python3.13/site-packages/django/core/handlers/exception.py", line 55, in inner
    response = get_response(request)
  File "/home/wemisico/virtualenv/wemisipy/3.13/lib/python3.13/site-packages/django/utils/deprecation.py", line 133, in __call__
    response = self.process_request(request)
  File "/home/wemisico/virtualenv/wemisipy/3.13/lib/python3.13/site-packages/django/middleware/common.py", line 48, in process_request
    host = request.get_host()
  File "/home/wemisico/virtualenv/wemisipy/3.13/lib/python3.13/site-packages/django/http/request.py", line 150, in get_host
    raise DisallowedHost(msg)
django.core.exceptions.DisallowedHost: Invalid HTTP_HOST header: 'www.wemisi.com'. You may need to add 'www.wemisi.com' to ALLOWED_HOSTS.
Invalid HTTP_HOST header: 'www.wemisi.com'. You may need to add 'www.wemisi.com' to ALLOWED_HOSTS.
Traceback (most recent call last):
  File "/home/wemisico/virtualenv/wemisipy/3.13/lib/python3.13/site-packages/django/core/handlers/exception.py", line 55, in inner
    response = get_response(request)
  File "/home/wemisico/virtualenv/wemisipy/3.13/lib/python3.13/site-packages/django/utils/deprecation.py", line 133, in __call__
    response = self.process_request(request)
  File "/home/wemisico/virtualenv/wemisipy/3.13/lib/python3.13/site-packages/django/middleware/common.py", line 48, in process_request
    host = request.get_host()
  File "/home/wemisico/virtualenv/wemisipy/3.13/lib/python3.13/site-packages/django/http/request.py", line 150, in get_host
    raise DisallowedHost(msg)
django.core.exceptions.DisallowedHost: Invalid HTTP_HOST header: 'www.wemisi.com'. You may need to add 'www.wemisi.com' to ALLOWED_HOSTS.
Invalid HTTP_HOST header: 'www.wemisi.com'. You may need to add 'www.wemisi.com' to ALLOWED_HOSTS.
Traceback (most recent call last):
  File "/home/wemisico/virtualenv/wemisipy/3.13/lib/python3.13/site-packages/django/core/handlers/exception.py", line 55, in inner
    response = get_response(request)
  File "/home/wemisico/virtualenv/wemisipy/3.13/lib/python3.13/site-packages/django/utils/deprecation.py", line 133, in __call__
    response = self.process_request(request)
  File "/home/wemisico/virtualenv/wemisipy/3.13/lib/python3.13/site-packages/django/middleware/common.py", line 48, in process_request
    host = request.get_host()
  File "/home/wemisico/virtualenv/wemisipy/3.13/lib/python3.13/site-packages/django/http/request.py", line 150, in get_host
    raise DisallowedHost(msg)
django.core.exceptions.DisallowedHost: Invalid HTTP_HOST header: 'www.wemisi.com'. You may need to add 'www.wemisi.com' to ALLOWED_HOSTS.
Forbidden (Referer checking failed - no Referer.): /
Not Found: /robots.txt
Not Found: /sitemap.xml
Not Found: /robots.txt
Not Found: /esp.html
Invalid HTTP_HOST header: 'www.wemisi.com'. You may need to add 'www.wemisi.com' to ALLOWED_HOSTS.
Traceback (most recent call last):
  File "/home/wemisico/virtualenv/wemisipy/3.13/lib/python3.13/site-packages/django/core/handlers/exception.py", line 55, in inner
    response = get_response(request)
  File "/home/wemisico/virtualenv/wemisipy/3.13/lib/python3.13/site-packages/django/utils/deprecation.py", line 133, in __call__
    response = self.process_request(request)
  File "/home/wemisico/virtualenv/wemisipy/3.13/lib/python3.13/site-packages/django/middleware/common.py", line 48, in process_request
    host = request.get_host()
  File "/home/wemisico/virtualenv/wemisipy/3.13/lib/python3.13/site-packages/django/http/request.py", line 150, in get_host
    raise DisallowedHost(msg)
django.core.exceptions.DisallowedHost: Invalid HTTP_HOST header: 'www.wemisi.com'. You may need to add 'www.wemisi.com' to ALLOWED_HOSTS.
Not Found: /robots.txt
Not Found: /robots.txt
Invalid HTTP_HOST header: 'www.wemisi.com'. You may need to add 'www.wemisi.com' to ALLOWED_HOSTS.
Traceback (most recent call last):
  File "/home/wemisico/virtualenv/wemisipy/3.13/lib/python3.13/site-packages/django/core/handlers/exception.py", line 55, in inner
    response = get_response(request)
  File "/home/wemisico/virtualenv/wemisipy/3.13/lib/python3.13/site-packages/django/utils/deprecation.py", line 133, in __call__
    response = self.process_request(request)
  File "/home/wemisico/virtualenv/wemisipy/3.13/lib/python3.13/site-packages/django/middleware/common.py", line 48, in process_request
    host = request.get_host()
  File "/home/wemisico/virtualenv/wemisipy/3.13/lib/python3.13/site-packages/django/http/request.py", line 150, in get_host
    raise DisallowedHost(msg)
django.core.exceptions.DisallowedHost: Invalid HTTP_HOST header: 'www.wemisi.com'. You may need to add 'www.wemisi.com' to ALLOWED_HOSTS.
Not Found: /robots.txt
Not Found: /p9.html
Not Found: /p1.html
Not Found: /p10.html
Not Found: /p11.html
Not Found: /p12.html
Not Found: /p13.html
Not Found: /p14.html
Not Found: /p15.html
Not Found: /p16.html
Not Found: /p17.html
Not Found: /p2.html
Not Found: /p3.html
Not Found: /p4.html
Not Found: /p5.html
Not Found: /p6.html
Not Found: /p7.html
Not Found: /p8.html
Not Found: /p9.html
Not Found: /p13.html
Not Found: /p12.html
Not Found: /p11.html
Not Found: /p1.html
Invalid HTTP_HOST header: 'www.wemisi.com'. You may need to add 'www.wemisi.com' to ALLOWED_HOSTS.
Traceback (most recent call last):
  File "/home/wemisico/virtualenv/wemisipy/3.13/lib/python3.13/site-packages/django/core/handlers/exception.py", line 55, in inner
    response = get_response(request)
  File "/home/wemisico/virtualenv/wemisipy/3.13/lib/python3.13/site-packages/django/utils/deprecation.py", line 133, in __call__
    response = self.process_request(request)
  File "/home/wemisico/virtualenv/wemisipy/3.13/lib/python3.13/site-packages/django/middleware/common.py", line 48, in process_request
    host = request.get_host()
  File "/home/wemisico/virtualenv/wemisipy/3.13/lib/python3.13/site-packages/django/http/request.py", line 150, in get_host
    raise DisallowedHost(msg)
django.core.exceptions.DisallowedHost: Invalid HTTP_HOST header: 'www.wemisi.com'. You may need to add 'www.wemisi.com' to ALLOWED_HOSTS.
Not Found: /favicon.ico
Not Found: /p8.html
Not Found: /p7.html
Not Found: /p6.html
Not Found: /p5.html
Not Found: /p4.html
Not Found: /p3.html
Not Found: /p2.html
Not Found: /p17.html
Not Found: /p16.html
Not Found: /p15.html
Not Found: /p14.html
Not Found: /p10.html
Invalid HTTP_HOST header: 'www.wemisi.com'. You may need to add 'www.wemisi.com' to ALLOWED_HOSTS.
Traceback (most recent call last):
  File "/home/wemisico/virtualenv/wemisipy/3.13/lib/python3.13/site-packages/django/core/handlers/exception.py", line 55, in inner
    response = get_response(request)
  File "/home/wemisico/virtualenv/wemisipy/3.13/lib/python3.13/site-packages/django/utils/deprecation.py", line 133, in __call__
    response = self.process_request(request)
  File "/home/wemisico/virtualenv/wemisipy/3.13/lib/python3.13/site-packages/django/middleware/common.py", line 48, in process_request
    host = request.get_host()
  File "/home/wemisico/virtualenv/wemisipy/3.13/lib/python3.13/site-packages/django/http/request.py", line 150, in get_host
    raise DisallowedHost(msg)
django.core.exceptions.DisallowedHost: Invalid HTTP_HOST header: 'www.wemisi.com'. You may need to add 'www.wemisi.com' to ALLOWED_HOSTS.
Invalid HTTP_HOST header: 'www.wemisi.com'. You may need to add 'www.wemisi.com' to ALLOWED_HOSTS.
Traceback (most recent call last):
  File "/home/wemisico/virtualenv/wemisipy/3.13/lib/python3.13/site-packages/django/core/handlers/exception.py", line 55, in inner
    response = get_response(request)
  File "/home/wemisico/virtualenv/wemisipy/3.13/lib/python3.13/site-packages/django/utils/deprecation.py", line 133, in __call__
    response = self.process_request(request)
  File "/home/wemisico/virtualenv/wemisipy/3.13/lib/python3.13/site-packages/django/middleware/common.py", line 48, in process_request
    host = request.get_host()
  File "/home/wemisico/virtualenv/wemisipy/3.13/lib/python3.13/site-packages/django/http/request.py", line 150, in get_host
    raise DisallowedHost(msg)
django.core.exceptions.DisallowedHost: Invalid HTTP_HOST header: 'www.wemisi.com'. You may need to add 'www.wemisi.com' to ALLOWED_HOSTS.
Invalid HTTP_HOST header: 'www.wemisi.com'. You may need to add 'www.wemisi.com' to ALLOWED_HOSTS.
Traceback (most recent call last):
  File "/home/wemisico/virtualenv/wemisipy/3.13/lib/python3.13/site-packages/django/core/handlers/exception.py", line 55, in inner
    response = get_response(request)
  File "/home/wemisico/virtualenv/wemisipy/3.13/lib/python3.13/site-packages/django/utils/deprecation.py", line 133, in __call__
    response = self.process_request(request)
  File "/home/wemisico/virtualenv/wemisipy/3.13/lib/python3.13/site-packages/django/middleware/common.py", line 48, in process_request
    host = request.get_host()
  File "/home/wemisico/virtualenv/wemisipy/3.13/lib/python3.13/site-packages/django/http/request.py", line 150, in get_host
    raise DisallowedHost(msg)
django.core.exceptions.DisallowedHost: Invalid HTTP_HOST header: 'www.wemisi.com'. You may need to add 'www.wemisi.com' to ALLOWED_HOSTS.
Not Found: /robots.txt
Not Found: /robots.txt
Not Found: /qzkeyAdmin/ashx/FileHandler.ashx
Not Found: /Admin/ashx/FileHandler.ashx
Not Found: /robots.txt
Not Found: /index.html
Not Found: /robots.txt
Not Found: /robots.txt
Not Found: /robots.txt
Not Found: /services.html
Invalid HTTP_HOST header: 'www.wemisi.com'. You may need to add 'www.wemisi.com' to ALLOWED_HOSTS.
Traceback (most recent call last):
  File "/home/wemisico/virtualenv/wemisipy/3.13/lib/python3.13/site-packages/django/core/handlers/exception.py", line 55, in inner
    response = get_response(request)
  File "/home/wemisico/virtualenv/wemisipy/3.13/lib/python3.13/site-packages/django/utils/deprecation.py", line 133, in __call__
    response = self.process_request(request)
  File "/home/wemisico/virtualenv/wemisipy/3.13/lib/python3.13/site-packages/django/middleware/common.py", line 48, in process_request
    host = request.get_host()
  File "/home/wemisico/virtualenv/wemisipy/3.13/lib/python3.13/site-packages/django/http/request.py", line 150, in get_host
    raise DisallowedHost(msg)
django.core.exceptions.DisallowedHost: Invalid HTTP_HOST header: 'www.wemisi.com'. You may need to add 'www.wemisi.com' to ALLOWED_HOSTS.
Not Found: /robots.txt
Not Found: /cart.html
Not Found: /robots.txt
Not Found: /favicon.ico
Invalid HTTP_HOST header: 'www.wemisi.com'. You may need to add 'www.wemisi.com' to ALLOWED_HOSTS.
Traceback (most recent call last):
  File "/home/wemisico/virtualenv/wemisipy/3.13/lib/python3.13/site-packages/django/core/handlers/exception.py", line 55, in inner
    response = get_response(request)
  File "/home/wemisico/virtualenv/wemisipy/3.13/lib/python3.13/site-packages/django/utils/deprecation.py", line 133, in __call__
    response = self.process_request(request)
  File "/home/wemisico/virtualenv/wemisipy/3.13/lib/python3.13/site-packages/django/middleware/common.py", line 48, in process_request
    host = request.get_host()
  File "/home/wemisico/virtualenv/wemisipy/3.13/lib/python3.13/site-packages/django/http/request.py", line 150, in get_host
    raise DisallowedHost(msg)
django.core.exceptions.DisallowedHost: Invalid HTTP_HOST header: 'www.wemisi.com'. You may need to add 'www.wemisi.com' to ALLOWED_HOSTS.
Invalid HTTP_HOST header: 'www.wemisi.com'. You may need to add 'www.wemisi.com' to ALLOWED_HOSTS.
Traceback (most recent call last):
  File "/home/wemisico/virtualenv/wemisipy/3.13/lib/python3.13/site-packages/django/core/handlers/exception.py", line 55, in inner
    response = get_response(request)
  File "/home/wemisico/virtualenv/wemisipy/3.13/lib/python3.13/site-packages/django/utils/deprecation.py", line 133, in __call__
    response = self.process_request(request)
  File "/home/wemisico/virtualenv/wemisipy/3.13/lib/python3.13/site-packages/django/middleware/common.py", line 48, in process_request
    host = request.get_host()
  File "/home/wemisico/virtualenv/wemisipy/3.13/lib/python3.13/site-packages/django/http/request.py", line 150, in get_host
    raise DisallowedHost(msg)
django.core.exceptions.DisallowedHost: Invalid HTTP_HOST header: 'www.wemisi.com'. You may need to add 'www.wemisi.com' to ALLOWED_HOSTS.
Invalid HTTP_HOST header: 'www.wemisi.com'. You may need to add 'www.wemisi.com' to ALLOWED_HOSTS.
Traceback (most recent call last):
  File "/home/wemisico/virtualenv/wemisipy/3.13/lib/python3.13/site-packages/django/core/handlers/exception.py", line 55, in inner
    response = get_response(request)
  File "/home/wemisico/virtualenv/wemisipy/3.13/lib/python3.13/site-packages/django/utils/deprecation.py", line 133, in __call__
    response = self.process_request(request)
  File "/home/wemisico/virtualenv/wemisipy/3.13/lib/python3.13/site-packages/django/middleware/common.py", line 48, in process_request
    host = request.get_host()
  File "/home/wemisico/virtualenv/wemisipy/3.13/lib/python3.13/site-packages/django/http/request.py", line 150, in get_host
    raise DisallowedHost(msg)
django.core.exceptions.DisallowedHost: Invalid HTTP_HOST header: 'www.wemisi.com'. You may need to add 'www.wemisi.com' to ALLOWED_HOSTS.
Invalid HTTP_HOST header: 'www.wemisi.com'. You may need to add 'www.wemisi.com' to ALLOWED_HOSTS.
Traceback (most recent call last):
  File "/home/wemisico/virtualenv/wemisipy/3.13/lib/python3.13/site-packages/django/core/handlers/exception.py", line 55, in inner
    response = get_response(request)
  File "/home/wemisico/virtualenv/wemisipy/3.13/lib/python3.13/site-packages/django/utils/deprecation.py", line 133, in __call__
    response = self.process_request(request)
  File "/home/wemisico/virtualenv/wemisipy/3.13/lib/python3.13/site-packages/django/middleware/common.py", line 48, in process_request
    host = request.get_host()
  File "/home/wemisico/virtualenv/wemisipy/3.13/lib/python3.13/site-packages/django/http/request.py", line 150, in get_host
    raise DisallowedHost(msg)
django.core.exceptions.DisallowedHost: Invalid HTTP_HOST header: 'www.wemisi.com'. You may need to add 'www.wemisi.com' to ALLOWED_HOSTS.
Invalid HTTP_HOST header: 'www.wemisi.com'. You may need to add 'www.wemisi.com' to ALLOWED_HOSTS.
Traceback (most recent call last):
  File "/home/wemisico/virtualenv/wemisipy/3.13/lib/python3.13/site-packages/django/core/handlers/exception.py", line 55, in inner
    response = get_response(request)
  File "/home/wemisico/virtualenv/wemisipy/3.13/lib/python3.13/site-packages/django/utils/deprecation.py", line 133, in __call__
    response = self.process_request(request)
  File "/home/wemisico/virtualenv/wemisipy/3.13/lib/python3.13/site-packages/django/middleware/common.py", line 48, in process_request
    host = request.get_host()
  File "/home/wemisico/virtualenv/wemisipy/3.13/lib/python3.13/site-packages/django/http/request.py", line 150, in get_host
    raise DisallowedHost(msg)
django.core.exceptions.DisallowedHost: Invalid HTTP_HOST header: 'www.wemisi.com'. You may need to add 'www.wemisi.com' to ALLOWED_HOSTS.
Invalid HTTP_HOST header: 'www.wemisi.com'. You may need to add 'www.wemisi.com' to ALLOWED_HOSTS.
Traceback (most recent call last):
  File "/home/wemisico/virtualenv/wemisipy/3.13/lib/python3.13/site-packages/django/core/handlers/exception.py", line 55, in inner
    response = get_response(request)
  File "/home/wemisico/virtualenv/wemisipy/3.13/lib/python3.13/site-packages/django/utils/deprecation.py", line 133, in __call__
    response = self.process_request(request)
  File "/home/wemisico/virtualenv/wemisipy/3.13/lib/python3.13/site-packages/django/middleware/common.py", line 48, in process_request
    host = request.get_host()
  File "/home/wemisico/virtualenv/wemisipy/3.13/lib/python3.13/site-packages/django/http/request.py", line 150, in get_host
    raise DisallowedHost(msg)
django.core.exceptions.DisallowedHost: Invalid HTTP_HOST header: 'www.wemisi.com'. You may need to add 'www.wemisi.com' to ALLOWED_HOSTS.
Not Found: /robots.txt
Not Found: /robots.txt
Not Found: /favicon.ico
Not Found: /favicon.ico
Not Found: /robots.txt
Not Found: /robots.txt
Not Found: /robots.txt
Not Found: /robots.txt
Not Found: /favicon.ico
Not Found: /robots.txt
Invalid HTTP_HOST header: 'www.wemisi.com'. You may need to add 'www.wemisi.com' to ALLOWED_HOSTS.
Traceback (most recent call last):
  File "/home/wemisico/virtualenv/wemisipy/3.13/lib/python3.13/site-packages/django/core/handlers/exception.py", line 55, in inner
    response = get_response(request)
  File "/home/wemisico/virtualenv/wemisipy/3.13/lib/python3.13/site-packages/django/utils/deprecation.py", line 133, in __call__
    response = self.process_request(request)
  File "/home/wemisico/virtualenv/wemisipy/3.13/lib/python3.13/site-packages/django/middleware/common.py", line 48, in process_request
    host = request.get_host()
  File "/home/wemisico/virtualenv/wemisipy/3.13/lib/python3.13/site-packages/django/http/request.py", line 150, in get_host
    raise DisallowedHost(msg)
django.core.exceptions.DisallowedHost: Invalid HTTP_HOST header: 'www.wemisi.com'. You may need to add 'www.wemisi.com' to ALLOWED_HOSTS.
Not Found: /robots.txt
Not Found: /favicon.ico
Invalid HTTP_HOST header: 'www.wemisi.com'. You may need to add 'www.wemisi.com' to ALLOWED_HOSTS.
Traceback (most recent call last):
  File "/home/wemisico/virtualenv/wemisipy/3.13/lib/python3.13/site-packages/django/core/handlers/exception.py", line 55, in inner
    response = get_response(request)
  File "/home/wemisico/virtualenv/wemisipy/3.13/lib/python3.13/site-packages/django/utils/deprecation.py", line 133, in __call__
    response = self.process_request(request)
  File "/home/wemisico/virtualenv/wemisipy/3.13/lib/python3.13/site-packages/django/middleware/common.py", line 48, in process_request
    host = request.get_host()
  File "/home/wemisico/virtualenv/wemisipy/3.13/lib/python3.13/site-packages/django/http/request.py", line 150, in get_host
    raise DisallowedHost(msg)
django.core.exceptions.DisallowedHost: Invalid HTTP_HOST header: 'www.wemisi.com'. You may need to add 'www.wemisi.com' to ALLOWED_HOSTS.
Invalid HTTP_HOST header: 'www.wemisi.com'. You may need to add 'www.wemisi.com' to ALLOWED_HOSTS.
Traceback (most recent call last):
  File "/home/wemisico/virtualenv/wemisipy/3.13/lib/python3.13/site-packages/django/core/handlers/exception.py", line 55, in inner
    response = get_response(request)
  File "/home/wemisico/virtualenv/wemisipy/3.13/lib/python3.13/site-packages/django/utils/deprecation.py", line 133, in __call__
    response = self.process_request(request)
  File "/home/wemisico/virtualenv/wemisipy/3.13/lib/python3.13/site-packages/django/middleware/common.py", line 48, in process_request
    host = request.get_host()
  File "/home/wemisico/virtualenv/wemisipy/3.13/lib/python3.13/site-packages/django/http/request.py", line 150, in get_host
    raise DisallowedHost(msg)
django.core.exceptions.DisallowedHost: Invalid HTTP_HOST header: 'www.wemisi.com'. You may need to add 'www.wemisi.com' to ALLOWED_HOSTS.
Not Found: /robots.txt
Not Found: /robots.txt
Not Found: /favicon.ico
Not Found: /media/blog_images/1.jpg
Not Found: /media/blog_images/1.jpg
Not Found: /media/blog_images/1.jpg
Not Found: /robots.txt
Not Found: /robots.txt
Invalid HTTP_HOST header: 'www.wemisi.com'. You may need to add 'www.wemisi.com' to ALLOWED_HOSTS.
Traceback (most recent call last):
  File "/home/wemisico/virtualenv/wemisipy/3.13/lib/python3.13/site-packages/django/core/handlers/exception.py", line 55, in inner
    response = get_response(request)
  File "/home/wemisico/virtualenv/wemisipy/3.13/lib/python3.13/site-packages/django/utils/deprecation.py", line 133, in __call__
    response = self.process_request(request)
  File "/home/wemisico/virtualenv/wemisipy/3.13/lib/python3.13/site-packages/django/middleware/common.py", line 48, in process_request
    host = request.get_host()
  File "/home/wemisico/virtualenv/wemisipy/3.13/lib/python3.13/site-packages/django/http/request.py", line 150, in get_host
    raise DisallowedHost(msg)
django.core.exceptions.DisallowedHost: Invalid HTTP_HOST header: 'www.wemisi.com'. You may need to add 'www.wemisi.com' to ALLOWED_HOSTS.
Not Found: /robots.txt
Not Found: /robots.txt
Not Found: /robots.txt
Not Found: /robots.txt
Not Found: /list.html
Not Found: /robots.txt
Not Found: /robots.txt
Not Found: /robots.txt
Invalid HTTP_HOST header: 'www.wemisi.com'. You may need to add 'www.wemisi.com' to ALLOWED_HOSTS.
Traceback (most recent call last):
  File "/home/wemisico/virtualenv/wemisipy/3.13/lib/python3.13/site-packages/django/core/handlers/exception.py", line 55, in inner
    response = get_response(request)
  File "/home/wemisico/virtualenv/wemisipy/3.13/lib/python3.13/site-packages/django/utils/deprecation.py", line 133, in __call__
    response = self.process_request(request)
  File "/home/wemisico/virtualenv/wemisipy/3.13/lib/python3.13/site-packages/django/middleware/common.py", line 48, in process_request
    host = request.get_host()
  File "/home/wemisico/virtualenv/wemisipy/3.13/lib/python3.13/site-packages/django/http/request.py", line 150, in get_host
    raise DisallowedHost(msg)
django.core.exceptions.DisallowedHost: Invalid HTTP_HOST header: 'www.wemisi.com'. You may need to add 'www.wemisi.com' to ALLOWED_HOSTS.
Not Found: /robots.txt
Not Found: /robots.txt
Not Found: /robots.txt
Not Found: /marble.html
Not Found: /robots.txt
Not Found: /list.html
Not Found: /coming-soon.html
Invalid HTTP_HOST header: 'www.wemisi.com'. You may need to add 'www.wemisi.com' to ALLOWED_HOSTS.
Traceback (most recent call last):
  File "/home/wemisico/virtualenv/wemisipy/3.13/lib/python3.13/site-packages/django/core/handlers/exception.py", line 55, in inner
    response = get_response(request)
  File "/home/wemisico/virtualenv/wemisipy/3.13/lib/python3.13/site-packages/django/utils/deprecation.py", line 133, in __call__
    response = self.process_request(request)
  File "/home/wemisico/virtualenv/wemisipy/3.13/lib/python3.13/site-packages/django/middleware/common.py", line 48, in process_request
    host = request.get_host()
  File "/home/wemisico/virtualenv/wemisipy/3.13/lib/python3.13/site-packages/django/http/request.py", line 150, in get_host
    raise DisallowedHost(msg)
django.core.exceptions.DisallowedHost: Invalid HTTP_HOST header: 'www.wemisi.com'. You may need to add 'www.wemisi.com' to ALLOWED_HOSTS.
Invalid HTTP_HOST header: 'www.wemisi.com'. You may need to add 'www.wemisi.com' to ALLOWED_HOSTS.
Traceback (most recent call last):
  File "/home/wemisico/virtualenv/wemisipy/3.13/lib/python3.13/site-packages/django/core/handlers/exception.py", line 55, in inner
    response = get_response(request)
  File "/home/wemisico/virtualenv/wemisipy/3.13/lib/python3.13/site-packages/django/utils/deprecation.py", line 133, in __call__
    response = self.process_request(request)
  File "/home/wemisico/virtualenv/wemisipy/3.13/lib/python3.13/site-packages/django/middleware/common.py", line 48, in process_request
    host = request.get_host()
  File "/home/wemisico/virtualenv/wemisipy/3.13/lib/python3.13/site-packages/django/http/request.py", line 150, in get_host
    raise DisallowedHost(msg)
django.core.exceptions.DisallowedHost: Invalid HTTP_HOST header: 'www.wemisi.com'. You may need to add 'www.wemisi.com' to ALLOWED_HOSTS.
Not Found: /robots.txt
Not Found: /robots.txt
Invalid HTTP_HOST header: 'www.wemisi.com'. You may need to add 'www.wemisi.com' to ALLOWED_HOSTS.
Traceback (most recent call last):
  File "/home/wemisico/virtualenv/wemisipy/3.13/lib/python3.13/site-packages/django/core/handlers/exception.py", line 55, in inner
    response = get_response(request)
  File "/home/wemisico/virtualenv/wemisipy/3.13/lib/python3.13/site-packages/django/utils/deprecation.py", line 133, in __call__
    response = self.process_request(request)
  File "/home/wemisico/virtualenv/wemisipy/3.13/lib/python3.13/site-packages/django/middleware/common.py", line 48, in process_request
    host = request.get_host()
  File "/home/wemisico/virtualenv/wemisipy/3.13/lib/python3.13/site-packages/django/http/request.py", line 150, in get_host
    raise DisallowedHost(msg)
django.core.exceptions.DisallowedHost: Invalid HTTP_HOST header: 'www.wemisi.com'. You may need to add 'www.wemisi.com' to ALLOWED_HOSTS.
Not Found: /robots.txt
Not Found: /granite.html
Not Found: /robots.txt
Not Found: /fence.html
Not Found: /idp.html
Not Found: /robots.txt
Invalid HTTP_HOST header: 'www.wemisi.com'. You may need to add 'www.wemisi.com' to ALLOWED_HOSTS.
Traceback (most recent call last):
  File "/home/wemisico/virtualenv/wemisipy/3.13/lib/python3.13/site-packages/django/core/handlers/exception.py", line 55, in inner
    response = get_response(request)
  File "/home/wemisico/virtualenv/wemisipy/3.13/lib/python3.13/site-packages/django/utils/deprecation.py", line 133, in __call__
    response = self.process_request(request)
  File "/home/wemisico/virtualenv/wemisipy/3.13/lib/python3.13/site-packages/django/middleware/common.py", line 48, in process_request
    host = request.get_host()
  File "/home/wemisico/virtualenv/wemisipy/3.13/lib/python3.13/site-packages/django/http/request.py", line 150, in get_host
    raise DisallowedHost(msg)
django.core.exceptions.DisallowedHost: Invalid HTTP_HOST header: 'www.wemisi.com'. You may need to add 'www.wemisi.com' to ALLOWED_HOSTS.
Invalid HTTP_HOST header: 'www.wemisi.com'. You may need to add 'www.wemisi.com' to ALLOWED_HOSTS.
Traceback (most recent call last):
  File "/home/wemisico/virtualenv/wemisipy/3.13/lib/python3.13/site-packages/django/core/handlers/exception.py", line 55, in inner
    response = get_response(request)
  File "/home/wemisico/virtualenv/wemisipy/3.13/lib/python3.13/site-packages/django/utils/deprecation.py", line 133, in __call__
    response = self.process_request(request)
  File "/home/wemisico/virtualenv/wemisipy/3.13/lib/python3.13/site-packages/django/middleware/common.py", line 48, in process_request
    host = request.get_host()
  File "/home/wemisico/virtualenv/wemisipy/3.13/lib/python3.13/site-packages/django/http/request.py", line 150, in get_host
    raise DisallowedHost(msg)
django.core.exceptions.DisallowedHost: Invalid HTTP_HOST header: 'www.wemisi.com'. You may need to add 'www.wemisi.com' to ALLOWED_HOSTS.
Not Found: /robots.txt
Not Found: /fence.html
Not Found: /wp-login.php
Invalid HTTP_HOST header: 'www.wemisi.com'. You may need to add 'www.wemisi.com' to ALLOWED_HOSTS.
Traceback (most recent call last):
  File "/home/wemisico/virtualenv/wemisipy/3.13/lib/python3.13/site-packages/django/core/handlers/exception.py", line 55, in inner
    response = get_response(request)
  File "/home/wemisico/virtualenv/wemisipy/3.13/lib/python3.13/site-packages/django/utils/deprecation.py", line 133, in __call__
    response = self.process_request(request)
  File "/home/wemisico/virtualenv/wemisipy/3.13/lib/python3.13/site-packages/django/middleware/common.py", line 48, in process_request
    host = request.get_host()
  File "/home/wemisico/virtualenv/wemisipy/3.13/lib/python3.13/site-packages/django/http/request.py", line 150, in get_host
    raise DisallowedHost(msg)
django.core.exceptions.DisallowedHost: Invalid HTTP_HOST header: 'www.wemisi.com'. You may need to add 'www.wemisi.com' to ALLOWED_HOSTS.
Invalid HTTP_HOST header: 'www.wemisi.com'. You may need to add 'www.wemisi.com' to ALLOWED_HOSTS.
Traceback (most recent call last):
  File "/home/wemisico/virtualenv/wemisipy/3.13/lib/python3.13/site-packages/django/core/handlers/exception.py", line 55, in inner
    response = get_response(request)
  File "/home/wemisico/virtualenv/wemisipy/3.13/lib/python3.13/site-packages/django/utils/deprecation.py", line 133, in __call__
    response = self.process_request(request)
  File "/home/wemisico/virtualenv/wemisipy/3.13/lib/python3.13/site-packages/django/middleware/common.py", line 48, in process_request
    host = request.get_host()
  File "/home/wemisico/virtualenv/wemisipy/3.13/lib/python3.13/site-packages/django/http/request.py", line 150, in get_host
    raise DisallowedHost(msg)
django.core.exceptions.DisallowedHost: Invalid HTTP_HOST header: 'www.wemisi.com'. You may need to add 'www.wemisi.com' to ALLOWED_HOSTS.
Not Found: /robots.txt
Not Found: /robots.txt
Not Found: /robots.txt
Not Found: /favicon.ico
Not Found: /favicon.ico
Not Found: /favicon.ico
Not Found: /favicon.ico
Not Found: /robots.txt
Not Found: /index.html
Invalid HTTP_HOST header: 'www.wemisi.com'. You may need to add 'www.wemisi.com' to ALLOWED_HOSTS.
Traceback (most recent call last):
  File "/home/wemisico/virtualenv/wemisipy/3.13/lib/python3.13/site-packages/django/core/handlers/exception.py", line 55, in inner
    response = get_response(request)
  File "/home/wemisico/virtualenv/wemisipy/3.13/lib/python3.13/site-packages/django/utils/deprecation.py", line 133, in __call__
    response = self.process_request(request)
  File "/home/wemisico/virtualenv/wemisipy/3.13/lib/python3.13/site-packages/django/middleware/common.py", line 48, in process_request
    host = request.get_host()
  File "/home/wemisico/virtualenv/wemisipy/3.13/lib/python3.13/site-packages/django/http/request.py", line 150, in get_host
    raise DisallowedHost(msg)
django.core.exceptions.DisallowedHost: Invalid HTTP_HOST header: 'www.wemisi.com'. You may need to add 'www.wemisi.com' to ALLOWED_HOSTS.
Not Found: /favicon.ico
Not Found: /favicon.ico
Invalid HTTP_HOST header: 'www.wemisi.com'. You may need to add 'www.wemisi.com' to ALLOWED_HOSTS.
Traceback (most recent call last):
  File "/home/wemisico/virtualenv/wemisipy/3.13/lib/python3.13/site-packages/django/core/handlers/exception.py", line 55, in inner
    response = get_response(request)
  File "/home/wemisico/virtualenv/wemisipy/3.13/lib/python3.13/site-packages/django/utils/deprecation.py", line 133, in __call__
    response = self.process_request(request)
  File "/home/wemisico/virtualenv/wemisipy/3.13/lib/python3.13/site-packages/django/middleware/common.py", line 48, in process_request
    host = request.get_host()
  File "/home/wemisico/virtualenv/wemisipy/3.13/lib/python3.13/site-packages/django/http/request.py", line 150, in get_host
    raise DisallowedHost(msg)
django.core.exceptions.DisallowedHost: Invalid HTTP_HOST header: 'www.wemisi.com'. You may need to add 'www.wemisi.com' to ALLOWED_HOSTS.
Invalid HTTP_HOST header: 'www.wemisi.com'. You may need to add 'www.wemisi.com' to ALLOWED_HOSTS.
Traceback (most recent call last):
  File "/home/wemisico/virtualenv/wemisipy/3.13/lib/python3.13/site-packages/django/core/handlers/exception.py", line 55, in inner
    response = get_response(request)
  File "/home/wemisico/virtualenv/wemisipy/3.13/lib/python3.13/site-packages/django/utils/deprecation.py", line 133, in __call__
    response = self.process_request(request)
  File "/home/wemisico/virtualenv/wemisipy/3.13/lib/python3.13/site-packages/django/middleware/common.py", line 48, in process_request
    host = request.get_host()
  File "/home/wemisico/virtualenv/wemisipy/3.13/lib/python3.13/site-packages/django/http/request.py", line 150, in get_host
    raise DisallowedHost(msg)
django.core.exceptions.DisallowedHost: Invalid HTTP_HOST header: 'www.wemisi.com'. You may need to add 'www.wemisi.com' to ALLOWED_HOSTS.
Not Found: /robots.txt
Invalid HTTP_HOST header: 'www.wemisi.com'. You may need to add 'www.wemisi.com' to ALLOWED_HOSTS.
Traceback (most recent call last):
  File "/home/wemisico/virtualenv/wemisipy/3.13/lib/python3.13/site-packages/django/core/handlers/exception.py", line 55, in inner
    response = get_response(request)
  File "/home/wemisico/virtualenv/wemisipy/3.13/lib/python3.13/site-packages/django/utils/deprecation.py", line 133, in __call__
    response = self.process_request(request)
  File "/home/wemisico/virtualenv/wemisipy/3.13/lib/python3.13/site-packages/django/middleware/common.py", line 48, in process_request
    host = request.get_host()
  File "/home/wemisico/virtualenv/wemisipy/3.13/lib/python3.13/site-packages/django/http/request.py", line 150, in get_host
    raise DisallowedHost(msg)
django.core.exceptions.DisallowedHost: Invalid HTTP_HOST header: 'www.wemisi.com'. You may need to add 'www.wemisi.com' to ALLOWED_HOSTS.
Invalid HTTP_HOST header: 'www.wemisi.com'. You may need to add 'www.wemisi.com' to ALLOWED_HOSTS.
Traceback (most recent call last):
  File "/home/wemisico/virtualenv/wemisipy/3.13/lib/python3.13/site-packages/django/core/handlers/exception.py", line 55, in inner
    response = get_response(request)
  File "/home/wemisico/virtualenv/wemisipy/3.13/lib/python3.13/site-packages/django/utils/deprecation.py", line 133, in __call__
    response = self.process_request(request)
  File "/home/wemisico/virtualenv/wemisipy/3.13/lib/python3.13/site-packages/django/middleware/common.py", line 48, in process_request
    host = request.get_host()
  File "/home/wemisico/virtualenv/wemisipy/3.13/lib/python3.13/site-packages/django/http/request.py", line 150, in get_host
    raise DisallowedHost(msg)
django.core.exceptions.DisallowedHost: Invalid HTTP_HOST header: 'www.wemisi.com'. You may need to add 'www.wemisi.com' to ALLOWED_HOSTS.
Invalid HTTP_HOST header: 'www.wemisi.com'. You may need to add 'www.wemisi.com' to ALLOWED_HOSTS.
Traceback (most recent call last):
  File "/home/wemisico/virtualenv/wemisipy/3.13/lib/python3.13/site-packages/django/core/handlers/exception.py", line 55, in inner
    response = get_response(request)
  File "/home/wemisico/virtualenv/wemisipy/3.13/lib/python3.13/site-packages/django/utils/deprecation.py", line 133, in __call__
    response = self.process_request(request)
  File "/home/wemisico/virtualenv/wemisipy/3.13/lib/python3.13/site-packages/django/middleware/common.py", line 48, in process_request
    host = request.get_host()
  File "/home/wemisico/virtualenv/wemisipy/3.13/lib/python3.13/site-packages/django/http/request.py", line 150, in get_host
    raise DisallowedHost(msg)
django.core.exceptions.DisallowedHost: Invalid HTTP_HOST header: 'www.wemisi.com'. You may need to add 'www.wemisi.com' to ALLOWED_HOSTS.
Invalid HTTP_HOST header: 'www.wemisi.com'. You may need to add 'www.wemisi.com' to ALLOWED_HOSTS.
Traceback (most recent call last):
  File "/home/wemisico/virtualenv/wemisipy/3.13/lib/python3.13/site-packages/django/core/handlers/exception.py", line 55, in inner
    response = get_response(request)
  File "/home/wemisico/virtualenv/wemisipy/3.13/lib/python3.13/site-packages/django/utils/deprecation.py", line 133, in __call__
    response = self.process_request(request)
  File "/home/wemisico/virtualenv/wemisipy/3.13/lib/python3.13/site-packages/django/middleware/common.py", line 48, in process_request
    host = request.get_host()
  File "/home/wemisico/virtualenv/wemisipy/3.13/lib/python3.13/site-packages/django/http/request.py", line 150, in get_host
    raise DisallowedHost(msg)
django.core.exceptions.DisallowedHost: Invalid HTTP_HOST header: 'www.wemisi.com'. You may need to add 'www.wemisi.com' to ALLOWED_HOSTS.
Not Found: /robots.txt
Invalid HTTP_HOST header: 'www.wemisi.com'. You may need to add 'www.wemisi.com' to ALLOWED_HOSTS.
Traceback (most recent call last):
  File "/home/wemisico/virtualenv/wemisipy/3.13/lib/python3.13/site-packages/django/core/handlers/exception.py", line 55, in inner
    response = get_response(request)
  File "/home/wemisico/virtualenv/wemisipy/3.13/lib/python3.13/site-packages/django/utils/deprecation.py", line 133, in __call__
    response = self.process_request(request)
  File "/home/wemisico/virtualenv/wemisipy/3.13/lib/python3.13/site-packages/django/middleware/common.py", line 48, in process_request
    host = request.get_host()
  File "/home/wemisico/virtualenv/wemisipy/3.13/lib/python3.13/site-packages/django/http/request.py", line 150, in get_host
    raise DisallowedHost(msg)
django.core.exceptions.DisallowedHost: Invalid HTTP_HOST header: 'www.wemisi.com'. You may need to add 'www.wemisi.com' to ALLOWED_HOSTS.
Invalid HTTP_HOST header: 'www.wemisi.com'. You may need to add 'www.wemisi.com' to ALLOWED_HOSTS.
Traceback (most recent call last):
  File "/home/wemisico/virtualenv/wemisipy/3.13/lib/python3.13/site-packages/django/core/handlers/exception.py", line 55, in inner
    response = get_response(request)
  File "/home/wemisico/virtualenv/wemisipy/3.13/lib/python3.13/site-packages/django/utils/deprecation.py", line 133, in __call__
    response = self.process_request(request)
  File "/home/wemisico/virtualenv/wemisipy/3.13/lib/python3.13/site-packages/django/middleware/common.py", line 48, in process_request
    host = request.get_host()
  File "/home/wemisico/virtualenv/wemisipy/3.13/lib/python3.13/site-packages/django/http/request.py", line 150, in get_host
    raise DisallowedHost(msg)
django.core.exceptions.DisallowedHost: Invalid HTTP_HOST header: 'www.wemisi.com'. You may need to add 'www.wemisi.com' to ALLOWED_HOSTS.
Not Found: /robots.txt
Not Found: /robots.txt
Invalid HTTP_HOST header: 'www.wemisi.com'. You may need to add 'www.wemisi.com' to ALLOWED_HOSTS.
Traceback (most recent call last):
  File "/home/wemisico/virtualenv/wemisipy/3.13/lib/python3.13/site-packages/django/core/handlers/exception.py", line 55, in inner
    response = get_response(request)
  File "/home/wemisico/virtualenv/wemisipy/3.13/lib/python3.13/site-packages/django/utils/deprecation.py", line 133, in __call__
    response = self.process_request(request)
  File "/home/wemisico/virtualenv/wemisipy/3.13/lib/python3.13/site-packages/django/middleware/common.py", line 48, in process_request
    host = request.get_host()
  File "/home/wemisico/virtualenv/wemisipy/3.13/lib/python3.13/site-packages/django/http/request.py", line 150, in get_host
    raise DisallowedHost(msg)
django.core.exceptions.DisallowedHost: Invalid HTTP_HOST header: 'www.wemisi.com'. You may need to add 'www.wemisi.com' to ALLOWED_HOSTS.
Not Found: /robots.txt
Not Found: /robots.txt
Invalid HTTP_HOST header: 'www.wemisi.com'. You may need to add 'www.wemisi.com' to ALLOWED_HOSTS.
Traceback (most recent call last):
  File "/home/wemisico/virtualenv/wemisipy/3.13/lib/python3.13/site-packages/django/core/handlers/exception.py", line 55, in inner
    response = get_response(request)
  File "/home/wemisico/virtualenv/wemisipy/3.13/lib/python3.13/site-packages/django/utils/deprecation.py", line 133, in __call__
    response = self.process_request(request)
  File "/home/wemisico/virtualenv/wemisipy/3.13/lib/python3.13/site-packages/django/middleware/common.py", line 48, in process_request
    host = request.get_host()
  File "/home/wemisico/virtualenv/wemisipy/3.13/lib/python3.13/site-packages/django/http/request.py", line 150, in get_host
    raise DisallowedHost(msg)
django.core.exceptions.DisallowedHost: Invalid HTTP_HOST header: 'www.wemisi.com'. You may need to add 'www.wemisi.com' to ALLOWED_HOSTS.
Invalid HTTP_HOST header: 'www.wemisi.com'. You may need to add 'www.wemisi.com' to ALLOWED_HOSTS.
Traceback (most recent call last):
  File "/home/wemisico/virtualenv/wemisipy/3.13/lib/python3.13/site-packages/django/core/handlers/exception.py", line 55, in inner
    response = get_response(request)
  File "/home/wemisico/virtualenv/wemisipy/3.13/lib/python3.13/site-packages/django/utils/deprecation.py", line 133, in __call__
    response = self.process_request(request)
  File "/home/wemisico/virtualenv/wemisipy/3.13/lib/python3.13/site-packages/django/middleware/common.py", line 48, in process_request
    host = request.get_host()
  File "/home/wemisico/virtualenv/wemisipy/3.13/lib/python3.13/site-packages/django/http/request.py", line 150, in get_host
    raise DisallowedHost(msg)
django.core.exceptions.DisallowedHost: Invalid HTTP_HOST header: 'www.wemisi.com'. You may need to add 'www.wemisi.com' to ALLOWED_HOSTS.
Invalid HTTP_HOST header: 'www.wemisi.com'. You may need to add 'www.wemisi.com' to ALLOWED_HOSTS.
Traceback (most recent call last):
  File "/home/wemisico/virtualenv/wemisipy/3.13/lib/python3.13/site-packages/django/core/handlers/exception.py", line 55, in inner
    response = get_response(request)
  File "/home/wemisico/virtualenv/wemisipy/3.13/lib/python3.13/site-packages/django/utils/deprecation.py", line 133, in __call__
    response = self.process_request(request)
  File "/home/wemisico/virtualenv/wemisipy/3.13/lib/python3.13/site-packages/django/middleware/common.py", line 48, in process_request
    host = request.get_host()
  File "/home/wemisico/virtualenv/wemisipy/3.13/lib/python3.13/site-packages/django/http/request.py", line 150, in get_host
    raise DisallowedHost(msg)
django.core.exceptions.DisallowedHost: Invalid HTTP_HOST header: 'www.wemisi.com'. You may need to add 'www.wemisi.com' to ALLOWED_HOSTS.
Invalid HTTP_HOST header: 'www.wemisi.com'. You may need to add 'www.wemisi.com' to ALLOWED_HOSTS.
Traceback (most recent call last):
  File "/home/wemisico/virtualenv/wemisipy/3.13/lib/python3.13/site-packages/django/core/handlers/exception.py", line 55, in inner
    response = get_response(request)
  File "/home/wemisico/virtualenv/wemisipy/3.13/lib/python3.13/site-packages/django/utils/deprecation.py", line 133, in __call__
    response = self.process_request(request)
  File "/home/wemisico/virtualenv/wemisipy/3.13/lib/python3.13/site-packages/django/middleware/common.py", line 48, in process_request
    host = request.get_host()
  File "/home/wemisico/virtualenv/wemisipy/3.13/lib/python3.13/site-packages/django/http/request.py", line 150, in get_host
    raise DisallowedHost(msg)
django.core.exceptions.DisallowedHost: Invalid HTTP_HOST header: 'www.wemisi.com'. You may need to add 'www.wemisi.com' to ALLOWED_HOSTS.
Not Found: /robots.txt
Not Found: /idp.html
Not Found: /robots.txt
Invalid HTTP_HOST header: 'www.wemisi.com'. You may need to add 'www.wemisi.com' to ALLOWED_HOSTS.
Traceback (most recent call last):
  File "/home/wemisico/virtualenv/wemisipy/3.13/lib/python3.13/site-packages/django/core/handlers/exception.py", line 55, in inner
    response = get_response(request)
  File "/home/wemisico/virtualenv/wemisipy/3.13/lib/python3.13/site-packages/django/utils/deprecation.py", line 133, in __call__
    response = self.process_request(request)
  File "/home/wemisico/virtualenv/wemisipy/3.13/lib/python3.13/site-packages/django/middleware/common.py", line 48, in process_request
    host = request.get_host()
  File "/home/wemisico/virtualenv/wemisipy/3.13/lib/python3.13/site-packages/django/http/request.py", line 150, in get_host
    raise DisallowedHost(msg)
django.core.exceptions.DisallowedHost: Invalid HTTP_HOST header: 'www.wemisi.com'. You may need to add 'www.wemisi.com' to ALLOWED_HOSTS.
Invalid HTTP_HOST header: 'www.wemisi.com'. You may need to add 'www.wemisi.com' to ALLOWED_HOSTS.
Traceback (most recent call last):
  File "/home/wemisico/virtualenv/wemisipy/3.13/lib/python3.13/site-packages/django/core/handlers/exception.py", line 55, in inner
    response = get_response(request)
  File "/home/wemisico/virtualenv/wemisipy/3.13/lib/python3.13/site-packages/django/utils/deprecation.py", line 133, in __call__
    response = self.process_request(request)
  File "/home/wemisico/virtualenv/wemisipy/3.13/lib/python3.13/site-packages/django/middleware/common.py", line 48, in process_request
    host = request.get_host()
  File "/home/wemisico/virtualenv/wemisipy/3.13/lib/python3.13/site-packages/django/http/request.py", line 150, in get_host
    raise DisallowedHost(msg)
django.core.exceptions.DisallowedHost: Invalid HTTP_HOST header: 'www.wemisi.com'. You may need to add 'www.wemisi.com' to ALLOWED_HOSTS.
Not Found: /robots.txt
Not Found: /robots.txt
Not Found: /robots.txt
Not Found: /index.html
Not Found: /robots.txt
Not Found: /robots.txt
Not Found: /robots.txt
Not Found: /robots.txt
Not Found: /robots.txt
Not Found: /robots.txt
Not Found: /favicon.ico
Not Found: /favicon.ico
Invalid HTTP_HOST header: 'www.wemisi.com'. You may need to add 'www.wemisi.com' to ALLOWED_HOSTS.
Traceback (most recent call last):
  File "/home/wemisico/virtualenv/wemisipy/3.13/lib/python3.13/site-packages/django/core/handlers/exception.py", line 55, in inner
    response = get_response(request)
  File "/home/wemisico/virtualenv/wemisipy/3.13/lib/python3.13/site-packages/django/utils/deprecation.py", line 133, in __call__
    response = self.process_request(request)
  File "/home/wemisico/virtualenv/wemisipy/3.13/lib/python3.13/site-packages/django/middleware/common.py", line 48, in process_request
    host = request.get_host()
  File "/home/wemisico/virtualenv/wemisipy/3.13/lib/python3.13/site-packages/django/http/request.py", line 150, in get_host
    raise DisallowedHost(msg)
django.core.exceptions.DisallowedHost: Invalid HTTP_HOST header: 'www.wemisi.com'. You may need to add 'www.wemisi.com' to ALLOWED_HOSTS.
Invalid HTTP_HOST header: 'www.wemisi.com'. You may need to add 'www.wemisi.com' to ALLOWED_HOSTS.
Traceback (most recent call last):
  File "/home/wemisico/virtualenv/wemisipy/3.13/lib/python3.13/site-packages/django/core/handlers/exception.py", line 55, in inner
    response = get_response(request)
  File "/home/wemisico/virtualenv/wemisipy/3.13/lib/python3.13/site-packages/django/utils/deprecation.py", line 133, in __call__
    response = self.process_request(request)
  File "/home/wemisico/virtualenv/wemisipy/3.13/lib/python3.13/site-packages/django/middleware/common.py", line 48, in process_request
    host = request.get_host()
  File "/home/wemisico/virtualenv/wemisipy/3.13/lib/python3.13/site-packages/django/http/request.py", line 150, in get_host
    raise DisallowedHost(msg)
django.core.exceptions.DisallowedHost: Invalid HTTP_HOST header: 'www.wemisi.com'. You may need to add 'www.wemisi.com' to ALLOWED_HOSTS.
Invalid HTTP_HOST header: 'www.wemisi.com'. You may need to add 'www.wemisi.com' to ALLOWED_HOSTS.
Traceback (most recent call last):
  File "/home/wemisico/virtualenv/wemisipy/3.13/lib/python3.13/site-packages/django/core/handlers/exception.py", line 55, in inner
    response = get_response(request)
  File "/home/wemisico/virtualenv/wemisipy/3.13/lib/python3.13/site-packages/django/utils/deprecation.py", line 133, in __call__
    response = self.process_request(request)
  File "/home/wemisico/virtualenv/wemisipy/3.13/lib/python3.13/site-packages/django/middleware/common.py", line 48, in process_request
    host = request.get_host()
  File "/home/wemisico/virtualenv/wemisipy/3.13/lib/python3.13/site-packages/django/http/request.py", line 150, in get_host
    raise DisallowedHost(msg)
django.core.exceptions.DisallowedHost: Invalid HTTP_HOST header: 'www.wemisi.com'. You may need to add 'www.wemisi.com' to ALLOWED_HOSTS.
Not Found: /robots.txt
Invalid HTTP_HOST header: 'www.wemisi.com'. You may need to add 'www.wemisi.com' to ALLOWED_HOSTS.
Traceback (most recent call last):
  File "/home/wemisico/virtualenv/wemisipy/3.13/lib/python3.13/site-packages/django/core/handlers/exception.py", line 55, in inner
    response = get_response(request)
  File "/home/wemisico/virtualenv/wemisipy/3.13/lib/python3.13/site-packages/django/utils/deprecation.py", line 133, in __call__
    response = self.process_request(request)
  File "/home/wemisico/virtualenv/wemisipy/3.13/lib/python3.13/site-packages/django/middleware/common.py", line 48, in process_request
    host = request.get_host()
  File "/home/wemisico/virtualenv/wemisipy/3.13/lib/python3.13/site-packages/django/http/request.py", line 150, in get_host
    raise DisallowedHost(msg)
django.core.exceptions.DisallowedHost: Invalid HTTP_HOST header: 'www.wemisi.com'. You may need to add 'www.wemisi.com' to ALLOWED_HOSTS.
Not Found: /robots.txt
Invalid HTTP_HOST header: 'www.wemisi.com'. You may need to add 'www.wemisi.com' to ALLOWED_HOSTS.
Traceback (most recent call last):
  File "/home/wemisico/virtualenv/wemisipy/3.13/lib/python3.13/site-packages/django/core/handlers/exception.py", line 55, in inner
    response = get_response(request)
  File "/home/wemisico/virtualenv/wemisipy/3.13/lib/python3.13/site-packages/django/utils/deprecation.py", line 133, in __call__
    response = self.process_request(request)
  File "/home/wemisico/virtualenv/wemisipy/3.13/lib/python3.13/site-packages/django/middleware/common.py", line 48, in process_request
    host = request.get_host()
  File "/home/wemisico/virtualenv/wemisipy/3.13/lib/python3.13/site-packages/django/http/request.py", line 150, in get_host
    raise DisallowedHost(msg)
django.core.exceptions.DisallowedHost: Invalid HTTP_HOST header: 'www.wemisi.com'. You may need to add 'www.wemisi.com' to ALLOWED_HOSTS.
Invalid HTTP_HOST header: 'www.wemisi.com'. You may need to add 'www.wemisi.com' to ALLOWED_HOSTS.
Traceback (most recent call last):
  File "/home/wemisico/virtualenv/wemisipy/3.13/lib/python3.13/site-packages/django/core/handlers/exception.py", line 55, in inner
    response = get_response(request)
  File "/home/wemisico/virtualenv/wemisipy/3.13/lib/python3.13/site-packages/django/utils/deprecation.py", line 133, in __call__
    response = self.process_request(request)
  File "/home/wemisico/virtualenv/wemisipy/3.13/lib/python3.13/site-packages/django/middleware/common.py", line 48, in process_request
    host = request.get_host()
  File "/home/wemisico/virtualenv/wemisipy/3.13/lib/python3.13/site-packages/django/http/request.py", line 150, in get_host
    raise DisallowedHost(msg)
django.core.exceptions.DisallowedHost: Invalid HTTP_HOST header: 'www.wemisi.com'. You may need to add 'www.wemisi.com' to ALLOWED_HOSTS.
Not Found: /robots.txt
Invalid HTTP_HOST header: 'www.wemisi.com'. You may need to add 'www.wemisi.com' to ALLOWED_HOSTS.
Traceback (most recent call last):
  File "/home/wemisico/virtualenv/wemisipy/3.13/lib/python3.13/site-packages/django/core/handlers/exception.py", line 55, in inner
    response = get_response(request)
  File "/home/wemisico/virtualenv/wemisipy/3.13/lib/python3.13/site-packages/django/utils/deprecation.py", line 133, in __call__
    response = self.process_request(request)
  File "/home/wemisico/virtualenv/wemisipy/3.13/lib/python3.13/site-packages/django/middleware/common.py", line 48, in process_request
    host = request.get_host()
  File "/home/wemisico/virtualenv/wemisipy/3.13/lib/python3.13/site-packages/django/http/request.py", line 150, in get_host
    raise DisallowedHost(msg)
django.core.exceptions.DisallowedHost: Invalid HTTP_HOST header: 'www.wemisi.com'. You may need to add 'www.wemisi.com' to ALLOWED_HOSTS.
Not Found: /robots.txt
Invalid HTTP_HOST header: 'www.wemisi.com'. You may need to add 'www.wemisi.com' to ALLOWED_HOSTS.
Traceback (most recent call last):
  File "/home/wemisico/virtualenv/wemisipy/3.13/lib/python3.13/site-packages/django/core/handlers/exception.py", line 55, in inner
    response = get_response(request)
  File "/home/wemisico/virtualenv/wemisipy/3.13/lib/python3.13/site-packages/django/utils/deprecation.py", line 133, in __call__
    response = self.process_request(request)
  File "/home/wemisico/virtualenv/wemisipy/3.13/lib/python3.13/site-packages/django/middleware/common.py", line 48, in process_request
    host = request.get_host()
  File "/home/wemisico/virtualenv/wemisipy/3.13/lib/python3.13/site-packages/django/http/request.py", line 150, in get_host
    raise DisallowedHost(msg)
django.core.exceptions.DisallowedHost: Invalid HTTP_HOST header: 'www.wemisi.com'. You may need to add 'www.wemisi.com' to ALLOWED_HOSTS.
Invalid HTTP_HOST header: 'www.wemisi.com'. You may need to add 'www.wemisi.com' to ALLOWED_HOSTS.
Traceback (most recent call last):
  File "/home/wemisico/virtualenv/wemisipy/3.13/lib/python3.13/site-packages/django/core/handlers/exception.py", line 55, in inner
    response = get_response(request)
  File "/home/wemisico/virtualenv/wemisipy/3.13/lib/python3.13/site-packages/django/utils/deprecation.py", line 133, in __call__
    response = self.process_request(request)
  File "/home/wemisico/virtualenv/wemisipy/3.13/lib/python3.13/site-packages/django/middleware/common.py", line 48, in process_request
    host = request.get_host()
  File "/home/wemisico/virtualenv/wemisipy/3.13/lib/python3.13/site-packages/django/http/request.py", line 150, in get_host
    raise DisallowedHost(msg)
django.core.exceptions.DisallowedHost: Invalid HTTP_HOST header: 'www.wemisi.com'. You may need to add 'www.wemisi.com' to ALLOWED_HOSTS.
Invalid HTTP_HOST header: 'www.wemisi.com'. You may need to add 'www.wemisi.com' to ALLOWED_HOSTS.
Traceback (most recent call last):
  File "/home/wemisico/virtualenv/wemisipy/3.13/lib/python3.13/site-packages/django/core/handlers/exception.py", line 55, in inner
    response = get_response(request)
  File "/home/wemisico/virtualenv/wemisipy/3.13/lib/python3.13/site-packages/django/utils/deprecation.py", line 133, in __call__
    response = self.process_request(request)
  File "/home/wemisico/virtualenv/wemisipy/3.13/lib/python3.13/site-packages/django/middleware/common.py", line 48, in process_request
    host = request.get_host()
  File "/home/wemisico/virtualenv/wemisipy/3.13/lib/python3.13/site-packages/django/http/request.py", line 150, in get_host
    raise DisallowedHost(msg)
django.core.exceptions.DisallowedHost: Invalid HTTP_HOST header: 'www.wemisi.com'. You may need to add 'www.wemisi.com' to ALLOWED_HOSTS.
Invalid HTTP_HOST header: 'www.wemisi.com'. You may need to add 'www.wemisi.com' to ALLOWED_HOSTS.
Traceback (most recent call last):
  File "/home/wemisico/virtualenv/wemisipy/3.13/lib/python3.13/site-packages/django/core/handlers/exception.py", line 55, in inner
    response = get_response(request)
  File "/home/wemisico/virtualenv/wemisipy/3.13/lib/python3.13/site-packages/django/utils/deprecation.py", line 133, in __call__
    response = self.process_request(request)
  File "/home/wemisico/virtualenv/wemisipy/3.13/lib/python3.13/site-packages/django/middleware/common.py", line 48, in process_request
    host = request.get_host()
  File "/home/wemisico/virtualenv/wemisipy/3.13/lib/python3.13/site-packages/django/http/request.py", line 150, in get_host
    raise DisallowedHost(msg)
django.core.exceptions.DisallowedHost: Invalid HTTP_HOST header: 'www.wemisi.com'. You may need to add 'www.wemisi.com' to ALLOWED_HOSTS.
Not Found: /robots.txt
Not Found: /favicon.ico
Not Found: /.well-known/security.txt
Not Found: /media/system/js/core.js
Not Found: /wp-includes/js/jquery/jquery.js
Not Found: /robots.txt
Not Found: /list.html
Not Found: /robots.txt
Internal Server Error: /accounts/login/
Traceback (most recent call last):
  File "/home/wemisico/virtualenv/wemisipy/3.13/lib/python3.13/site-packages/django/core/handlers/exception.py", line 55, in inner
    response = get_response(request)
  File "/home/wemisico/virtualenv/wemisipy/3.13/lib/python3.13/site-packages/django/core/handlers/base.py", line 220, in _get_response
    response = response.render()
  File "/home/wemisico/virtualenv/wemisipy/3.13/lib/python3.13/site-packages/django/template/response.py", line 114, in render
    self.content = self.rendered_content
                   ^^^^^^^^^^^^^^^^^^^^^
  File "/home/wemisico/virtualenv/wemisipy/3.13/lib/python3.13/site-packages/django/template/response.py", line 90, in rendered_content
    template = self.resolve_template(self.template_name)
  File "/home/wemisico/virtualenv/wemisipy/3.13/lib/python3.13/site-packages/django/template/response.py", line 72, in resolve_template
    return select_template(template, using=self.using)
  File "/home/wemisico/virtualenv/wemisipy/3.13/lib/python3.13/site-packages/django/template/loader.py", line 47, in select_template
    raise TemplateDoesNotExist(", ".join(template_name_list), chain=chain)
django.template.exceptions.TemplateDoesNotExist: registration/login.html
Invalid HTTP_HOST header: 'www.wemisi.com'. You may need to add 'www.wemisi.com' to ALLOWED_HOSTS.
Traceback (most recent call last):
  File "/home/wemisico/virtualenv/wemisipy/3.13/lib/python3.13/site-packages/django/core/handlers/exception.py", line 55, in inner
    response = get_response(request)
  File "/home/wemisico/virtualenv/wemisipy/3.13/lib/python3.13/site-packages/django/utils/deprecation.py", line 133, in __call__
    response = self.process_request(request)
  File "/home/wemisico/virtualenv/wemisipy/3.13/lib/python3.13/site-packages/django/middleware/common.py", line 48, in process_request
    host = request.get_host()
  File "/home/wemisico/virtualenv/wemisipy/3.13/lib/python3.13/site-packages/django/http/request.py", line 150, in get_host
    raise DisallowedHost(msg)
django.core.exceptions.DisallowedHost: Invalid HTTP_HOST header: 'www.wemisi.com'. You may need to add 'www.wemisi.com' to ALLOWED_HOSTS.
Invalid HTTP_HOST header: 'www.wemisi.com'. You may need to add 'www.wemisi.com' to ALLOWED_HOSTS.
Traceback (most recent call last):
  File "/home/wemisico/virtualenv/wemisipy/3.13/lib/python3.13/site-packages/django/core/handlers/exception.py", line 55, in inner
    response = get_response(request)
  File "/home/wemisico/virtualenv/wemisipy/3.13/lib/python3.13/site-packages/django/utils/deprecation.py", line 133, in __call__
    response = self.process_request(request)
  File "/home/wemisico/virtualenv/wemisipy/3.13/lib/python3.13/site-packages/django/middleware/common.py", line 48, in process_request
    host = request.get_host()
  File "/home/wemisico/virtualenv/wemisipy/3.13/lib/python3.13/site-packages/django/http/request.py", line 150, in get_host
    raise DisallowedHost(msg)
django.core.exceptions.DisallowedHost: Invalid HTTP_HOST header: 'www.wemisi.com'. You may need to add 'www.wemisi.com' to ALLOWED_HOSTS.
Invalid HTTP_HOST header: 'www.wemisi.com'. You may need to add 'www.wemisi.com' to ALLOWED_HOSTS.
Traceback (most recent call last):
  File "/home/wemisico/virtualenv/wemisipy/3.13/lib/python3.13/site-packages/django/core/handlers/exception.py", line 55, in inner
    response = get_response(request)
  File "/home/wemisico/virtualenv/wemisipy/3.13/lib/python3.13/site-packages/django/utils/deprecation.py", line 133, in __call__
    response = self.process_request(request)
  File "/home/wemisico/virtualenv/wemisipy/3.13/lib/python3.13/site-packages/django/middleware/common.py", line 48, in process_request
    host = request.get_host()
  File "/home/wemisico/virtualenv/wemisipy/3.13/lib/python3.13/site-packages/django/http/request.py", line 150, in get_host
    raise DisallowedHost(msg)
django.core.exceptions.DisallowedHost: Invalid HTTP_HOST header: 'www.wemisi.com'. You may need to add 'www.wemisi.com' to ALLOWED_HOSTS.
Not Found: /robots.txt
Not Found: /robots.txt
Not Found: /robots.txt
Not Found: /robots.txt
Not Found: /bms.html
Invalid HTTP_HOST header: 'www.wemisi.com'. You may need to add 'www.wemisi.com' to ALLOWED_HOSTS.
Traceback (most recent call last):
  File "/home/wemisico/virtualenv/wemisipy/3.13/lib/python3.13/site-packages/django/core/handlers/exception.py", line 55, in inner
    response = get_response(request)
  File "/home/wemisico/virtualenv/wemisipy/3.13/lib/python3.13/site-packages/django/utils/deprecation.py", line 133, in __call__
    response = self.process_request(request)
  File "/home/wemisico/virtualenv/wemisipy/3.13/lib/python3.13/site-packages/django/middleware/common.py", line 48, in process_request
    host = request.get_host()
  File "/home/wemisico/virtualenv/wemisipy/3.13/lib/python3.13/site-packages/django/http/request.py", line 150, in get_host
    raise DisallowedHost(msg)
django.core.exceptions.DisallowedHost: Invalid HTTP_HOST header: 'www.wemisi.com'. You may need to add 'www.wemisi.com' to ALLOWED_HOSTS.
Invalid HTTP_HOST header: 'www.wemisi.com'. You may need to add 'www.wemisi.com' to ALLOWED_HOSTS.
Traceback (most recent call last):
  File "/home/wemisico/virtualenv/wemisipy/3.13/lib/python3.13/site-packages/django/core/handlers/exception.py", line 55, in inner
    response = get_response(request)
  File "/home/wemisico/virtualenv/wemisipy/3.13/lib/python3.13/site-packages/django/utils/deprecation.py", line 133, in __call__
    response = self.process_request(request)
  File "/home/wemisico/virtualenv/wemisipy/3.13/lib/python3.13/site-packages/django/middleware/common.py", line 48, in process_request
    host = request.get_host()
  File "/home/wemisico/virtualenv/wemisipy/3.13/lib/python3.13/site-packages/django/http/request.py", line 150, in get_host
    raise DisallowedHost(msg)
django.core.exceptions.DisallowedHost: Invalid HTTP_HOST header: 'www.wemisi.com'. You may need to add 'www.wemisi.com' to ALLOWED_HOSTS.
Not Found: /favicon.ico
Not Found: /favicon.ico
Not Found: /vendor/phpunit/phpunit/phpunit.xsd
[UID:2270][3700431] Child process with pid: 3700579 was killed by signal: 15, core dumped: no
Not Found: /robots.txt
Not Found: /robots.txt
Not Found: /robots.txt
Not Found: /robots.txt
Not Found: /idp.html
Not Found: /robots.txt
Invalid HTTP_HOST header: 'www.wemisi.com'. You may need to add 'www.wemisi.com' to ALLOWED_HOSTS.
Traceback (most recent call last):
  File "/home/wemisico/virtualenv/wemisipy/3.13/lib/python3.13/site-packages/django/core/handlers/exception.py", line 55, in inner
    response = get_response(request)
  File "/home/wemisico/virtualenv/wemisipy/3.13/lib/python3.13/site-packages/django/utils/deprecation.py", line 133, in __call__
    response = self.process_request(request)
  File "/home/wemisico/virtualenv/wemisipy/3.13/lib/python3.13/site-packages/django/middleware/common.py", line 48, in process_request
    host = request.get_host()
  File "/home/wemisico/virtualenv/wemisipy/3.13/lib/python3.13/site-packages/django/http/request.py", line 150, in get_host
    raise DisallowedHost(msg)
django.core.exceptions.DisallowedHost: Invalid HTTP_HOST header: 'www.wemisi.com'. You may need to add 'www.wemisi.com' to ALLOWED_HOSTS.
Not Found: /robots.txt
Not Found: /robots.txt
Not Found: /robots.txt
Not Found: /robots.txt
Not Found: /robots.txt
Not Found: /robots.txt
Not Found: /robots.txt
Not Found: /robots.txt
Not Found: /list.html
Not Found: /robots.txt
Invalid HTTP_HOST header: 'www.wemisi.com'. You may need to add 'www.wemisi.com' to ALLOWED_HOSTS.
Traceback (most recent call last):
  File "/home/wemisico/virtualenv/wemisipy/3.13/lib/python3.13/site-packages/django/core/handlers/exception.py", line 55, in inner
    response = get_response(request)
  File "/home/wemisico/virtualenv/wemisipy/3.13/lib/python3.13/site-packages/django/utils/deprecation.py", line 133, in __call__
    response = self.process_request(request)
  File "/home/wemisico/virtualenv/wemisipy/3.13/lib/python3.13/site-packages/django/middleware/common.py", line 48, in process_request
    host = request.get_host()
  File "/home/wemisico/virtualenv/wemisipy/3.13/lib/python3.13/site-packages/django/http/request.py", line 150, in get_host
    raise DisallowedHost(msg)
django.core.exceptions.DisallowedHost: Invalid HTTP_HOST header: 'www.wemisi.com'. You may need to add 'www.wemisi.com' to ALLOWED_HOSTS.
Invalid HTTP_HOST header: 'www.wemisi.com'. You may need to add 'www.wemisi.com' to ALLOWED_HOSTS.
Traceback (most recent call last):
  File "/home/wemisico/virtualenv/wemisipy/3.13/lib/python3.13/site-packages/django/core/handlers/exception.py", line 55, in inner
    response = get_response(request)
  File "/home/wemisico/virtualenv/wemisipy/3.13/lib/python3.13/site-packages/django/utils/deprecation.py", line 133, in __call__
    response = self.process_request(request)
  File "/home/wemisico/virtualenv/wemisipy/3.13/lib/python3.13/site-packages/django/middleware/common.py", line 48, in process_request
    host = request.get_host()
  File "/home/wemisico/virtualenv/wemisipy/3.13/lib/python3.13/site-packages/django/http/request.py", line 150, in get_host
    raise DisallowedHost(msg)
django.core.exceptions.DisallowedHost: Invalid HTTP_HOST header: 'www.wemisi.com'. You may need to add 'www.wemisi.com' to ALLOWED_HOSTS.
Invalid HTTP_HOST header: 'www.wemisi.com'. You may need to add 'www.wemisi.com' to ALLOWED_HOSTS.
Traceback (most recent call last):
  File "/home/wemisico/virtualenv/wemisipy/3.13/lib/python3.13/site-packages/django/core/handlers/exception.py", line 55, in inner
    response = get_response(request)
  File "/home/wemisico/virtualenv/wemisipy/3.13/lib/python3.13/site-packages/django/utils/deprecation.py", line 133, in __call__
    response = self.process_request(request)
  File "/home/wemisico/virtualenv/wemisipy/3.13/lib/python3.13/site-packages/django/middleware/common.py", line 48, in process_request
    host = request.get_host()
  File "/home/wemisico/virtualenv/wemisipy/3.13/lib/python3.13/site-packages/django/http/request.py", line 150, in get_host
    raise DisallowedHost(msg)
django.core.exceptions.DisallowedHost: Invalid HTTP_HOST header: 'www.wemisi.com'. You may need to add 'www.wemisi.com' to ALLOWED_HOSTS.
Not Found: /media/blog_images/1.jpg
Not Found: /media/blog_images/1.jpg
Not Found: /robots.txt
Invalid HTTP_HOST header: 'www.wemisi.com'. You may need to add 'www.wemisi.com' to ALLOWED_HOSTS.
Traceback (most recent call last):
  File "/home/wemisico/virtualenv/wemisipy/3.13/lib/python3.13/site-packages/django/core/handlers/exception.py", line 55, in inner
    response = get_response(request)
  File "/home/wemisico/virtualenv/wemisipy/3.13/lib/python3.13/site-packages/django/utils/deprecation.py", line 133, in __call__
    response = self.process_request(request)
  File "/home/wemisico/virtualenv/wemisipy/3.13/lib/python3.13/site-packages/django/middleware/common.py", line 48, in process_request
    host = request.get_host()
  File "/home/wemisico/virtualenv/wemisipy/3.13/lib/python3.13/site-packages/django/http/request.py", line 150, in get_host
    raise DisallowedHost(msg)
django.core.exceptions.DisallowedHost: Invalid HTTP_HOST header: 'www.wemisi.com'. You may need to add 'www.wemisi.com' to ALLOWED_HOSTS.
Internal Server Error: /accounts/login/
Traceback (most recent call last):
  File "/home/wemisico/virtualenv/wemisipy/3.13/lib/python3.13/site-packages/django/core/handlers/exception.py", line 55, in inner
    response = get_response(request)
  File "/home/wemisico/virtualenv/wemisipy/3.13/lib/python3.13/site-packages/django/core/handlers/base.py", line 220, in _get_response
    response = response.render()
  File "/home/wemisico/virtualenv/wemisipy/3.13/lib/python3.13/site-packages/django/template/response.py", line 114, in render
    self.content = self.rendered_content
                   ^^^^^^^^^^^^^^^^^^^^^
  File "/home/wemisico/virtualenv/wemisipy/3.13/lib/python3.13/site-packages/django/template/response.py", line 90, in rendered_content
    template = self.resolve_template(self.template_name)
  File "/home/wemisico/virtualenv/wemisipy/3.13/lib/python3.13/site-packages/django/template/response.py", line 72, in resolve_template
    return select_template(template, using=self.using)
  File "/home/wemisico/virtualenv/wemisipy/3.13/lib/python3.13/site-packages/django/template/loader.py", line 47, in select_template
    raise TemplateDoesNotExist(", ".join(template_name_list), chain=chain)
django.template.exceptions.TemplateDoesNotExist: registration/login.html
Not Found: /robots.txt
Invalid HTTP_HOST header: 'www.wemisi.com'. You may need to add 'www.wemisi.com' to ALLOWED_HOSTS.
Traceback (most recent call last):
  File "/home/wemisico/virtualenv/wemisipy/3.13/lib/python3.13/site-packages/django/core/handlers/exception.py", line 55, in inner
    response = get_response(request)
  File "/home/wemisico/virtualenv/wemisipy/3.13/lib/python3.13/site-packages/django/utils/deprecation.py", line 133, in __call__
    response = self.process_request(request)
  File "/home/wemisico/virtualenv/wemisipy/3.13/lib/python3.13/site-packages/django/middleware/common.py", line 48, in process_request
    host = request.get_host()
  File "/home/wemisico/virtualenv/wemisipy/3.13/lib/python3.13/site-packages/django/http/request.py", line 150, in get_host
    raise DisallowedHost(msg)
django.core.exceptions.DisallowedHost: Invalid HTTP_HOST header: 'www.wemisi.com'. You may need to add 'www.wemisi.com' to ALLOWED_HOSTS.
Not Found: /robots.txt
Internal Server Error: /accounts/login/
Traceback (most recent call last):
  File "/home/wemisico/virtualenv/wemisipy/3.13/lib/python3.13/site-packages/django/core/handlers/exception.py", line 55, in inner
    response = get_response(request)
  File "/home/wemisico/virtualenv/wemisipy/3.13/lib/python3.13/site-packages/django/core/handlers/base.py", line 220, in _get_response
    response = response.render()
  File "/home/wemisico/virtualenv/wemisipy/3.13/lib/python3.13/site-packages/django/template/response.py", line 114, in render
    self.content = self.rendered_content
                   ^^^^^^^^^^^^^^^^^^^^^
  File "/home/wemisico/virtualenv/wemisipy/3.13/lib/python3.13/site-packages/django/template/response.py", line 90, in rendered_content
    template = self.resolve_template(self.template_name)
  File "/home/wemisico/virtualenv/wemisipy/3.13/lib/python3.13/site-packages/django/template/response.py", line 72, in resolve_template
    return select_template(template, using=self.using)
  File "/home/wemisico/virtualenv/wemisipy/3.13/lib/python3.13/site-packages/django/template/loader.py", line 47, in select_template
    raise TemplateDoesNotExist(", ".join(template_name_list), chain=chain)
django.template.exceptions.TemplateDoesNotExist: registration/login.html
Not Found: /index.html
Not Found: /p14.html
Not Found: /robots.txt
Not Found: /p15.html
Invalid HTTP_HOST header: 'mail.wemisi.com'. You may need to add 'mail.wemisi.com' to ALLOWED_HOSTS.
Traceback (most recent call last):
  File "/home/wemisico/virtualenv/wemisipy/3.13/lib/python3.13/site-packages/django/core/handlers/exception.py", line 55, in inner
    response = get_response(request)
  File "/home/wemisico/virtualenv/wemisipy/3.13/lib/python3.13/site-packages/django/utils/deprecation.py", line 133, in __call__
    response = self.process_request(request)
  File "/home/wemisico/virtualenv/wemisipy/3.13/lib/python3.13/site-packages/django/middleware/common.py", line 48, in process_request
    host = request.get_host()
  File "/home/wemisico/virtualenv/wemisipy/3.13/lib/python3.13/site-packages/django/http/request.py", line 150, in get_host
    raise DisallowedHost(msg)
django.core.exceptions.DisallowedHost: Invalid HTTP_HOST header: 'mail.wemisi.com'. You may need to add 'mail.wemisi.com' to ALLOWED_HOSTS.
Invalid HTTP_HOST header: 'mail.wemisi.com'. You may need to add 'mail.wemisi.com' to ALLOWED_HOSTS.
Traceback (most recent call last):
  File "/home/wemisico/virtualenv/wemisipy/3.13/lib/python3.13/site-packages/django/core/handlers/exception.py", line 55, in inner
    response = get_response(request)
  File "/home/wemisico/virtualenv/wemisipy/3.13/lib/python3.13/site-packages/django/utils/deprecation.py", line 133, in __call__
    response = self.process_request(request)
  File "/home/wemisico/virtualenv/wemisipy/3.13/lib/python3.13/site-packages/django/middleware/common.py", line 48, in process_request
    host = request.get_host()
  File "/home/wemisico/virtualenv/wemisipy/3.13/lib/python3.13/site-packages/django/http/request.py", line 150, in get_host
    raise DisallowedHost(msg)
django.core.exceptions.DisallowedHost: Invalid HTTP_HOST header: 'mail.wemisi.com'. You may need to add 'mail.wemisi.com' to ALLOWED_HOSTS.
Invalid HTTP_HOST header: 'mail.wemisi.com'. You may need to add 'mail.wemisi.com' to ALLOWED_HOSTS.
Traceback (most recent call last):
  File "/home/wemisico/virtualenv/wemisipy/3.13/lib/python3.13/site-packages/django/core/handlers/exception.py", line 55, in inner
    response = get_response(request)
  File "/home/wemisico/virtualenv/wemisipy/3.13/lib/python3.13/site-packages/django/utils/deprecation.py", line 133, in __call__
    response = self.process_request(request)
  File "/home/wemisico/virtualenv/wemisipy/3.13/lib/python3.13/site-packages/django/middleware/common.py", line 48, in process_request
    host = request.get_host()
  File "/home/wemisico/virtualenv/wemisipy/3.13/lib/python3.13/site-packages/django/http/request.py", line 150, in get_host
    raise DisallowedHost(msg)
django.core.exceptions.DisallowedHost: Invalid HTTP_HOST header: 'mail.wemisi.com'. You may need to add 'mail.wemisi.com' to ALLOWED_HOSTS.
Invalid HTTP_HOST header: 'mail.wemisi.com'. You may need to add 'mail.wemisi.com' to ALLOWED_HOSTS.
Traceback (most recent call last):
  File "/home/wemisico/virtualenv/wemisipy/3.13/lib/python3.13/site-packages/django/core/handlers/exception.py", line 55, in inner
    response = get_response(request)
  File "/home/wemisico/virtualenv/wemisipy/3.13/lib/python3.13/site-packages/django/utils/deprecation.py", line 133, in __call__
    response = self.process_request(request)
  File "/home/wemisico/virtualenv/wemisipy/3.13/lib/python3.13/site-packages/django/middleware/common.py", line 48, in process_request
    host = request.get_host()
  File "/home/wemisico/virtualenv/wemisipy/3.13/lib/python3.13/site-packages/django/http/request.py", line 150, in get_host
    raise DisallowedHost(msg)
django.core.exceptions.DisallowedHost: Invalid HTTP_HOST header: 'mail.wemisi.com'. You may need to add 'mail.wemisi.com' to ALLOWED_HOSTS.
Not Found: /favicon.ico
Invalid HTTP_HOST header: 'www.wemisi.com'. You may need to add 'www.wemisi.com' to ALLOWED_HOSTS.
Traceback (most recent call last):
  File "/home/wemisico/virtualenv/wemisipy/3.13/lib/python3.13/site-packages/django/core/handlers/exception.py", line 55, in inner
    response = get_response(request)
  File "/home/wemisico/virtualenv/wemisipy/3.13/lib/python3.13/site-packages/django/utils/deprecation.py", line 133, in __call__
    response = self.process_request(request)
  File "/home/wemisico/virtualenv/wemisipy/3.13/lib/python3.13/site-packages/django/middleware/common.py", line 48, in process_request
    host = request.get_host()
  File "/home/wemisico/virtualenv/wemisipy/3.13/lib/python3.13/site-packages/django/http/request.py", line 150, in get_host
    raise DisallowedHost(msg)
django.core.exceptions.DisallowedHost: Invalid HTTP_HOST header: 'www.wemisi.com'. You may need to add 'www.wemisi.com' to ALLOWED_HOSTS.
Invalid HTTP_HOST header: 'www.wemisi.com'. You may need to add 'www.wemisi.com' to ALLOWED_HOSTS.
Traceback (most recent call last):
  File "/home/wemisico/virtualenv/wemisipy/3.13/lib/python3.13/site-packages/django/core/handlers/exception.py", line 55, in inner
    response = get_response(request)
  File "/home/wemisico/virtualenv/wemisipy/3.13/lib/python3.13/site-packages/django/utils/deprecation.py", line 133, in __call__
    response = self.process_request(request)
  File "/home/wemisico/virtualenv/wemisipy/3.13/lib/python3.13/site-packages/django/middleware/common.py", line 48, in process_request
    host = request.get_host()
  File "/home/wemisico/virtualenv/wemisipy/3.13/lib/python3.13/site-packages/django/http/request.py", line 150, in get_host
    raise DisallowedHost(msg)
django.core.exceptions.DisallowedHost: Invalid HTTP_HOST header: 'www.wemisi.com'. You may need to add 'www.wemisi.com' to ALLOWED_HOSTS.
Not Found: /p16.html
Invalid HTTP_HOST header: 'www.wemisi.com'. You may need to add 'www.wemisi.com' to ALLOWED_HOSTS.
Traceback (most recent call last):
  File "/home/wemisico/virtualenv/wemisipy/3.13/lib/python3.13/site-packages/django/core/handlers/exception.py", line 55, in inner
    response = get_response(request)
  File "/home/wemisico/virtualenv/wemisipy/3.13/lib/python3.13/site-packages/django/utils/deprecation.py", line 133, in __call__
    response = self.process_request(request)
  File "/home/wemisico/virtualenv/wemisipy/3.13/lib/python3.13/site-packages/django/middleware/common.py", line 48, in process_request
    host = request.get_host()
  File "/home/wemisico/virtualenv/wemisipy/3.13/lib/python3.13/site-packages/django/http/request.py", line 150, in get_host
    raise DisallowedHost(msg)
django.core.exceptions.DisallowedHost: Invalid HTTP_HOST header: 'www.wemisi.com'. You may need to add 'www.wemisi.com' to ALLOWED_HOSTS.
Not Found: /robots.txt
Not Found: /p17.html
Invalid HTTP_HOST header: 'www.wemisi.com'. You may need to add 'www.wemisi.com' to ALLOWED_HOSTS.
Traceback (most recent call last):
  File "/home/wemisico/virtualenv/wemisipy/3.13/lib/python3.13/site-packages/django/core/handlers/exception.py", line 55, in inner
    response = get_response(request)
  File "/home/wemisico/virtualenv/wemisipy/3.13/lib/python3.13/site-packages/django/utils/deprecation.py", line 133, in __call__
    response = self.process_request(request)
  File "/home/wemisico/virtualenv/wemisipy/3.13/lib/python3.13/site-packages/django/middleware/common.py", line 48, in process_request
    host = request.get_host()
  File "/home/wemisico/virtualenv/wemisipy/3.13/lib/python3.13/site-packages/django/http/request.py", line 150, in get_host
    raise DisallowedHost(msg)
django.core.exceptions.DisallowedHost: Invalid HTTP_HOST header: 'www.wemisi.com'. You may need to add 'www.wemisi.com' to ALLOWED_HOSTS.
Not Found: /robots.txt
Not Found: /robots.txt
Not Found: /robots.txt
Not Found: /favicon.ico
Invalid HTTP_HOST header: 'www.wemisi.com'. You may need to add 'www.wemisi.com' to ALLOWED_HOSTS.
Traceback (most recent call last):
  File "/home/wemisico/virtualenv/wemisipy/3.13/lib/python3.13/site-packages/django/core/handlers/exception.py", line 55, in inner
    response = get_response(request)
  File "/home/wemisico/virtualenv/wemisipy/3.13/lib/python3.13/site-packages/django/utils/deprecation.py", line 133, in __call__
    response = self.process_request(request)
  File "/home/wemisico/virtualenv/wemisipy/3.13/lib/python3.13/site-packages/django/middleware/common.py", line 48, in process_request
    host = request.get_host()
  File "/home/wemisico/virtualenv/wemisipy/3.13/lib/python3.13/site-packages/django/http/request.py", line 150, in get_host
    raise DisallowedHost(msg)
django.core.exceptions.DisallowedHost: Invalid HTTP_HOST header: 'www.wemisi.com'. You may need to add 'www.wemisi.com' to ALLOWED_HOSTS.
Invalid HTTP_HOST header: 'www.wemisi.com'. You may need to add 'www.wemisi.com' to ALLOWED_HOSTS.
Traceback (most recent call last):
  File "/home/wemisico/virtualenv/wemisipy/3.13/lib/python3.13/site-packages/django/core/handlers/exception.py", line 55, in inner
    response = get_response(request)
  File "/home/wemisico/virtualenv/wemisipy/3.13/lib/python3.13/site-packages/django/utils/deprecation.py", line 133, in __call__
    response = self.process_request(request)
  File "/home/wemisico/virtualenv/wemisipy/3.13/lib/python3.13/site-packages/django/middleware/common.py", line 48, in process_request
    host = request.get_host()
  File "/home/wemisico/virtualenv/wemisipy/3.13/lib/python3.13/site-packages/django/http/request.py", line 150, in get_host
    raise DisallowedHost(msg)
django.core.exceptions.DisallowedHost: Invalid HTTP_HOST header: 'www.wemisi.com'. You may need to add 'www.wemisi.com' to ALLOWED_HOSTS.
Not Found: /robots.txt
Invalid HTTP_HOST header: 'www.wemisi.com'. You may need to add 'www.wemisi.com' to ALLOWED_HOSTS.
Traceback (most recent call last):
  File "/home/wemisico/virtualenv/wemisipy/3.13/lib/python3.13/site-packages/django/core/handlers/exception.py", line 55, in inner
    response = get_response(request)
  File "/home/wemisico/virtualenv/wemisipy/3.13/lib/python3.13/site-packages/django/utils/deprecation.py", line 133, in __call__
    response = self.process_request(request)
  File "/home/wemisico/virtualenv/wemisipy/3.13/lib/python3.13/site-packages/django/middleware/common.py", line 48, in process_request
    host = request.get_host()
  File "/home/wemisico/virtualenv/wemisipy/3.13/lib/python3.13/site-packages/django/http/request.py", line 150, in get_host
    raise DisallowedHost(msg)
django.core.exceptions.DisallowedHost: Invalid HTTP_HOST header: 'www.wemisi.com'. You may need to add 'www.wemisi.com' to ALLOWED_HOSTS.
Not Found: /images/16.png
Not Found: /images/16.png
Invalid HTTP_HOST header: 'www.wemisi.com'. You may need to add 'www.wemisi.com' to ALLOWED_HOSTS.
Traceback (most recent call last):
  File "/home/wemisico/virtualenv/wemisipy/3.13/lib/python3.13/site-packages/django/core/handlers/exception.py", line 55, in inner
    response = get_response(request)
  File "/home/wemisico/virtualenv/wemisipy/3.13/lib/python3.13/site-packages/django/utils/deprecation.py", line 133, in __call__
    response = self.process_request(request)
  File "/home/wemisico/virtualenv/wemisipy/3.13/lib/python3.13/site-packages/django/middleware/common.py", line 48, in process_request
    host = request.get_host()
  File "/home/wemisico/virtualenv/wemisipy/3.13/lib/python3.13/site-packages/django/http/request.py", line 150, in get_host
    raise DisallowedHost(msg)
django.core.exceptions.DisallowedHost: Invalid HTTP_HOST header: 'www.wemisi.com'. You may need to add 'www.wemisi.com' to ALLOWED_HOSTS.
Not Found: /robots.txt
Not Found: /services.html
Not Found: /favicon.ico
Not Found: /favicon.ico
Not Found: /robots.txt
Not Found: /robots.txt
Not Found: /images/marble%20forest%20green.png
Not Found: /images/marble%20forest%20green.png
Not Found: /robots.txt
Not Found: /index.php
Not Found: /data/conf/version.txt
Invalid HTTP_HOST header: 'www.wemisi.com'. You may need to add 'www.wemisi.com' to ALLOWED_HOSTS.
Traceback (most recent call last):
  File "/home/wemisico/virtualenv/wemisipy/3.13/lib/python3.13/site-packages/django/core/handlers/exception.py", line 55, in inner
    response = get_response(request)
  File "/home/wemisico/virtualenv/wemisipy/3.13/lib/python3.13/site-packages/django/utils/deprecation.py", line 133, in __call__
    response = self.process_request(request)
  File "/home/wemisico/virtualenv/wemisipy/3.13/lib/python3.13/site-packages/django/middleware/common.py", line 48, in process_request
    host = request.get_host()
  File "/home/wemisico/virtualenv/wemisipy/3.13/lib/python3.13/site-packages/django/http/request.py", line 150, in get_host
    raise DisallowedHost(msg)
django.core.exceptions.DisallowedHost: Invalid HTTP_HOST header: 'www.wemisi.com'. You may need to add 'www.wemisi.com' to ALLOWED_HOSTS.
Invalid HTTP_HOST header: 'www.wemisi.com'. You may need to add 'www.wemisi.com' to ALLOWED_HOSTS.
Traceback (most recent call last):
  File "/home/wemisico/virtualenv/wemisipy/3.13/lib/python3.13/site-packages/django/core/handlers/exception.py", line 55, in inner
    response = get_response(request)
  File "/home/wemisico/virtualenv/wemisipy/3.13/lib/python3.13/site-packages/django/utils/deprecation.py", line 133, in __call__
    response = self.process_request(request)
  File "/home/wemisico/virtualenv/wemisipy/3.13/lib/python3.13/site-packages/django/middleware/common.py", line 48, in process_request
    host = request.get_host()
  File "/home/wemisico/virtualenv/wemisipy/3.13/lib/python3.13/site-packages/django/http/request.py", line 150, in get_host
    raise DisallowedHost(msg)
django.core.exceptions.DisallowedHost: Invalid HTTP_HOST header: 'www.wemisi.com'. You may need to add 'www.wemisi.com' to ALLOWED_HOSTS.
Invalid HTTP_HOST header: 'www.wemisi.com'. You may need to add 'www.wemisi.com' to ALLOWED_HOSTS.
Traceback (most recent call last):
  File "/home/wemisico/virtualenv/wemisipy/3.13/lib/python3.13/site-packages/django/core/handlers/exception.py", line 55, in inner
    response = get_response(request)
  File "/home/wemisico/virtualenv/wemisipy/3.13/lib/python3.13/site-packages/django/utils/deprecation.py", line 133, in __call__
    response = self.process_request(request)
  File "/home/wemisico/virtualenv/wemisipy/3.13/lib/python3.13/site-packages/django/middleware/common.py", line 48, in process_request
    host = request.get_host()
  File "/home/wemisico/virtualenv/wemisipy/3.13/lib/python3.13/site-packages/django/http/request.py", line 150, in get_host
    raise DisallowedHost(msg)
django.core.exceptions.DisallowedHost: Invalid HTTP_HOST header: 'www.wemisi.com'. You may need to add 'www.wemisi.com' to ALLOWED_HOSTS.
Not Found: /favicon.ico
Not Found: /robots.txt
Invalid HTTP_HOST header: 'www.wemisi.com'. You may need to add 'www.wemisi.com' to ALLOWED_HOSTS.
Traceback (most recent call last):
  File "/home/wemisico/virtualenv/wemisipy/3.13/lib/python3.13/site-packages/django/core/handlers/exception.py", line 55, in inner
    response = get_response(request)
  File "/home/wemisico/virtualenv/wemisipy/3.13/lib/python3.13/site-packages/django/utils/deprecation.py", line 133, in __call__
    response = self.process_request(request)
  File "/home/wemisico/virtualenv/wemisipy/3.13/lib/python3.13/site-packages/django/middleware/common.py", line 48, in process_request
    host = request.get_host()
  File "/home/wemisico/virtualenv/wemisipy/3.13/lib/python3.13/site-packages/django/http/request.py", line 150, in get_host
    raise DisallowedHost(msg)
django.core.exceptions.DisallowedHost: Invalid HTTP_HOST header: 'www.wemisi.com'. You may need to add 'www.wemisi.com' to ALLOWED_HOSTS.
Invalid HTTP_HOST header: 'www.wemisi.com'. You may need to add 'www.wemisi.com' to ALLOWED_HOSTS.
Traceback (most recent call last):
  File "/home/wemisico/virtualenv/wemisipy/3.13/lib/python3.13/site-packages/django/core/handlers/exception.py", line 55, in inner
    response = get_response(request)
  File "/home/wemisico/virtualenv/wemisipy/3.13/lib/python3.13/site-packages/django/utils/deprecation.py", line 133, in __call__
    response = self.process_request(request)
  File "/home/wemisico/virtualenv/wemisipy/3.13/lib/python3.13/site-packages/django/middleware/common.py", line 48, in process_request
    host = request.get_host()
  File "/home/wemisico/virtualenv/wemisipy/3.13/lib/python3.13/site-packages/django/http/request.py", line 150, in get_host
    raise DisallowedHost(msg)
django.core.exceptions.DisallowedHost: Invalid HTTP_HOST header: 'www.wemisi.com'. You may need to add 'www.wemisi.com' to ALLOWED_HOSTS.
Not Found: /robots.txt
Not Found: /robots.txt
Invalid HTTP_HOST header: 'www.wemisi.com'. You may need to add 'www.wemisi.com' to ALLOWED_HOSTS.
Traceback (most recent call last):
  File "/home/wemisico/virtualenv/wemisipy/3.13/lib/python3.13/site-packages/django/core/handlers/exception.py", line 55, in inner
    response = get_response(request)
  File "/home/wemisico/virtualenv/wemisipy/3.13/lib/python3.13/site-packages/django/utils/deprecation.py", line 133, in __call__
    response = self.process_request(request)
  File "/home/wemisico/virtualenv/wemisipy/3.13/lib/python3.13/site-packages/django/middleware/common.py", line 48, in process_request
    host = request.get_host()
  File "/home/wemisico/virtualenv/wemisipy/3.13/lib/python3.13/site-packages/django/http/request.py", line 150, in get_host
    raise DisallowedHost(msg)
django.core.exceptions.DisallowedHost: Invalid HTTP_HOST header: 'www.wemisi.com'. You may need to add 'www.wemisi.com' to ALLOWED_HOSTS.
Invalid HTTP_HOST header: 'www.wemisi.com'. You may need to add 'www.wemisi.com' to ALLOWED_HOSTS.
Traceback (most recent call last):
  File "/home/wemisico/virtualenv/wemisipy/3.13/lib/python3.13/site-packages/django/core/handlers/exception.py", line 55, in inner
    response = get_response(request)
  File "/home/wemisico/virtualenv/wemisipy/3.13/lib/python3.13/site-packages/django/utils/deprecation.py", line 133, in __call__
    response = self.process_request(request)
  File "/home/wemisico/virtualenv/wemisipy/3.13/lib/python3.13/site-packages/django/middleware/common.py", line 48, in process_request
    host = request.get_host()
  File "/home/wemisico/virtualenv/wemisipy/3.13/lib/python3.13/site-packages/django/http/request.py", line 150, in get_host
    raise DisallowedHost(msg)
django.core.exceptions.DisallowedHost: Invalid HTTP_HOST header: 'www.wemisi.com'. You may need to add 'www.wemisi.com' to ALLOWED_HOSTS.
Not Found: /robots.txt
Invalid HTTP_HOST header: 'www.wemisi.com'. You may need to add 'www.wemisi.com' to ALLOWED_HOSTS.
Traceback (most recent call last):
  File "/home/wemisico/virtualenv/wemisipy/3.13/lib/python3.13/site-packages/django/core/handlers/exception.py", line 55, in inner
    response = get_response(request)
  File "/home/wemisico/virtualenv/wemisipy/3.13/lib/python3.13/site-packages/django/utils/deprecation.py", line 133, in __call__
    response = self.process_request(request)
  File "/home/wemisico/virtualenv/wemisipy/3.13/lib/python3.13/site-packages/django/middleware/common.py", line 48, in process_request
    host = request.get_host()
  File "/home/wemisico/virtualenv/wemisipy/3.13/lib/python3.13/site-packages/django/http/request.py", line 150, in get_host
    raise DisallowedHost(msg)
django.core.exceptions.DisallowedHost: Invalid HTTP_HOST header: 'www.wemisi.com'. You may need to add 'www.wemisi.com' to ALLOWED_HOSTS.
Not Found: /robots.txt
Not Found: /robots.txt
Not Found: /robots.txt
Not Found: /sitemap.xml
Not Found: /wp-sitemap.xml
Not Found: /sitemap_index.xml
Not Found: /coming-soon.html
Not Found: /robots.txt
Not Found: /robots.txt
Not Found: /robots.txt
Not Found: /robots.txt
Invalid HTTP_HOST header: 'www.wemisi.com'. You may need to add 'www.wemisi.com' to ALLOWED_HOSTS.
Traceback (most recent call last):
  File "/home/wemisico/virtualenv/wemisipy/3.13/lib/python3.13/site-packages/django/core/handlers/exception.py", line 55, in inner
    response = get_response(request)
  File "/home/wemisico/virtualenv/wemisipy/3.13/lib/python3.13/site-packages/django/utils/deprecation.py", line 133, in __call__
    response = self.process_request(request)
  File "/home/wemisico/virtualenv/wemisipy/3.13/lib/python3.13/site-packages/django/middleware/common.py", line 48, in process_request
    host = request.get_host()
  File "/home/wemisico/virtualenv/wemisipy/3.13/lib/python3.13/site-packages/django/http/request.py", line 150, in get_host
    raise DisallowedHost(msg)
django.core.exceptions.DisallowedHost: Invalid HTTP_HOST header: 'www.wemisi.com'. You may need to add 'www.wemisi.com' to ALLOWED_HOSTS.
Not Found: /robots.txt
Invalid HTTP_HOST header: 'www.wemisi.com'. You may need to add 'www.wemisi.com' to ALLOWED_HOSTS.
Traceback (most recent call last):
  File "/home/wemisico/virtualenv/wemisipy/3.13/lib/python3.13/site-packages/django/core/handlers/exception.py", line 55, in inner
    response = get_response(request)
  File "/home/wemisico/virtualenv/wemisipy/3.13/lib/python3.13/site-packages/django/utils/deprecation.py", line 133, in __call__
    response = self.process_request(request)
  File "/home/wemisico/virtualenv/wemisipy/3.13/lib/python3.13/site-packages/django/middleware/common.py", line 48, in process_request
    host = request.get_host()
  File "/home/wemisico/virtualenv/wemisipy/3.13/lib/python3.13/site-packages/django/http/request.py", line 150, in get_host
    raise DisallowedHost(msg)
django.core.exceptions.DisallowedHost: Invalid HTTP_HOST header: 'www.wemisi.com'. You may need to add 'www.wemisi.com' to ALLOWED_HOSTS.
Not Found: /esp.html
Not Found: /robots.txt
Not Found: /robots.txt
Invalid HTTP_HOST header: 'www.wemisi.com'. You may need to add 'www.wemisi.com' to ALLOWED_HOSTS.
Traceback (most recent call last):
  File "/home/wemisico/virtualenv/wemisipy/3.13/lib/python3.13/site-packages/django/core/handlers/exception.py", line 55, in inner
    response = get_response(request)
  File "/home/wemisico/virtualenv/wemisipy/3.13/lib/python3.13/site-packages/django/utils/deprecation.py", line 133, in __call__
    response = self.process_request(request)
  File "/home/wemisico/virtualenv/wemisipy/3.13/lib/python3.13/site-packages/django/middleware/common.py", line 48, in process_request
    host = request.get_host()
  File "/home/wemisico/virtualenv/wemisipy/3.13/lib/python3.13/site-packages/django/http/request.py", line 150, in get_host
    raise DisallowedHost(msg)
django.core.exceptions.DisallowedHost: Invalid HTTP_HOST header: 'www.wemisi.com'. You may need to add 'www.wemisi.com' to ALLOWED_HOSTS.
Not Found: /favicon.ico
Invalid HTTP_HOST header: 'www.wemisi.com'. You may need to add 'www.wemisi.com' to ALLOWED_HOSTS.
Traceback (most recent call last):
  File "/home/wemisico/virtualenv/wemisipy/3.13/lib/python3.13/site-packages/django/core/handlers/exception.py", line 55, in inner
    response = get_response(request)
  File "/home/wemisico/virtualenv/wemisipy/3.13/lib/python3.13/site-packages/django/utils/deprecation.py", line 133, in __call__
    response = self.process_request(request)
  File "/home/wemisico/virtualenv/wemisipy/3.13/lib/python3.13/site-packages/django/middleware/common.py", line 48, in process_request
    host = request.get_host()
  File "/home/wemisico/virtualenv/wemisipy/3.13/lib/python3.13/site-packages/django/http/request.py", line 150, in get_host
    raise DisallowedHost(msg)
django.core.exceptions.DisallowedHost: Invalid HTTP_HOST header: 'www.wemisi.com'. You may need to add 'www.wemisi.com' to ALLOWED_HOSTS.
Invalid HTTP_HOST header: 'www.wemisi.com'. You may need to add 'www.wemisi.com' to ALLOWED_HOSTS.
Traceback (most recent call last):
  File "/home/wemisico/virtualenv/wemisipy/3.13/lib/python3.13/site-packages/django/core/handlers/exception.py", line 55, in inner
    response = get_response(request)
  File "/home/wemisico/virtualenv/wemisipy/3.13/lib/python3.13/site-packages/django/utils/deprecation.py", line 133, in __call__
    response = self.process_request(request)
  File "/home/wemisico/virtualenv/wemisipy/3.13/lib/python3.13/site-packages/django/middleware/common.py", line 48, in process_request
    host = request.get_host()
  File "/home/wemisico/virtualenv/wemisipy/3.13/lib/python3.13/site-packages/django/http/request.py", line 150, in get_host
    raise DisallowedHost(msg)
django.core.exceptions.DisallowedHost: Invalid HTTP_HOST header: 'www.wemisi.com'. You may need to add 'www.wemisi.com' to ALLOWED_HOSTS.
Invalid HTTP_HOST header: 'www.wemisi.com'. You may need to add 'www.wemisi.com' to ALLOWED_HOSTS.
Traceback (most recent call last):
  File "/home/wemisico/virtualenv/wemisipy/3.13/lib/python3.13/site-packages/django/core/handlers/exception.py", line 55, in inner
    response = get_response(request)
  File "/home/wemisico/virtualenv/wemisipy/3.13/lib/python3.13/site-packages/django/utils/deprecation.py", line 133, in __call__
    response = self.process_request(request)
  File "/home/wemisico/virtualenv/wemisipy/3.13/lib/python3.13/site-packages/django/middleware/common.py", line 48, in process_request
    host = request.get_host()
  File "/home/wemisico/virtualenv/wemisipy/3.13/lib/python3.13/site-packages/django/http/request.py", line 150, in get_host
    raise DisallowedHost(msg)
django.core.exceptions.DisallowedHost: Invalid HTTP_HOST header: 'www.wemisi.com'. You may need to add 'www.wemisi.com' to ALLOWED_HOSTS.
Invalid HTTP_HOST header: 'www.wemisi.com'. You may need to add 'www.wemisi.com' to ALLOWED_HOSTS.
Traceback (most recent call last):
  File "/home/wemisico/virtualenv/wemisipy/3.13/lib/python3.13/site-packages/django/core/handlers/exception.py", line 55, in inner
    response = get_response(request)
  File "/home/wemisico/virtualenv/wemisipy/3.13/lib/python3.13/site-packages/django/utils/deprecation.py", line 133, in __call__
    response = self.process_request(request)
  File "/home/wemisico/virtualenv/wemisipy/3.13/lib/python3.13/site-packages/django/middleware/common.py", line 48, in process_request
    host = request.get_host()
  File "/home/wemisico/virtualenv/wemisipy/3.13/lib/python3.13/site-packages/django/http/request.py", line 150, in get_host
    raise DisallowedHost(msg)
django.core.exceptions.DisallowedHost: Invalid HTTP_HOST header: 'www.wemisi.com'. You may need to add 'www.wemisi.com' to ALLOWED_HOSTS.
Not Found: /robots.txt
Not Found: /favicon.ico
Not Found: /favicon.ico
Not Found: /robots.txt
Not Found: /robots.txt
Not Found: /robots.txt
Not Found: /robots.txt
Internal Server Error: /accounts/login/
Traceback (most recent call last):
  File "/home/wemisico/virtualenv/wemisipy/3.13/lib/python3.13/site-packages/django/core/handlers/exception.py", line 55, in inner
    response = get_response(request)
  File "/home/wemisico/virtualenv/wemisipy/3.13/lib/python3.13/site-packages/django/core/handlers/base.py", line 220, in _get_response
    response = response.render()
  File "/home/wemisico/virtualenv/wemisipy/3.13/lib/python3.13/site-packages/django/template/response.py", line 114, in render
    self.content = self.rendered_content
                   ^^^^^^^^^^^^^^^^^^^^^
  File "/home/wemisico/virtualenv/wemisipy/3.13/lib/python3.13/site-packages/django/template/response.py", line 90, in rendered_content
    template = self.resolve_template(self.template_name)
  File "/home/wemisico/virtualenv/wemisipy/3.13/lib/python3.13/site-packages/django/template/response.py", line 72, in resolve_template
    return select_template(template, using=self.using)
  File "/home/wemisico/virtualenv/wemisipy/3.13/lib/python3.13/site-packages/django/template/loader.py", line 47, in select_template
    raise TemplateDoesNotExist(", ".join(template_name_list), chain=chain)
django.template.exceptions.TemplateDoesNotExist: registration/login.html
Invalid HTTP_HOST header: 'www.wemisi.com'. You may need to add 'www.wemisi.com' to ALLOWED_HOSTS.
Traceback (most recent call last):
  File "/home/wemisico/virtualenv/wemisipy/3.13/lib/python3.13/site-packages/django/core/handlers/exception.py", line 55, in inner
    response = get_response(request)
  File "/home/wemisico/virtualenv/wemisipy/3.13/lib/python3.13/site-packages/django/utils/deprecation.py", line 133, in __call__
    response = self.process_request(request)
  File "/home/wemisico/virtualenv/wemisipy/3.13/lib/python3.13/site-packages/django/middleware/common.py", line 48, in process_request
    host = request.get_host()
  File "/home/wemisico/virtualenv/wemisipy/3.13/lib/python3.13/site-packages/django/http/request.py", line 150, in get_host
    raise DisallowedHost(msg)
django.core.exceptions.DisallowedHost: Invalid HTTP_HOST header: 'www.wemisi.com'. You may need to add 'www.wemisi.com' to ALLOWED_HOSTS.
Not Found: /wp-includes/wlwmanifest.xml
Not Found: /blog/wp-includes/wlwmanifest.xml
Not Found: /web/wp-includes/wlwmanifest.xml
Not Found: /wordpress/wp-includes/wlwmanifest.xml
Not Found: /website/wp-includes/wlwmanifest.xml
Not Found: /wp/wp-includes/wlwmanifest.xml
Not Found: /news/wp-includes/wlwmanifest.xml
Not Found: /2020/wp-includes/wlwmanifest.xml
Not Found: /2019/wp-includes/wlwmanifest.xml
Not Found: /shop/wp-includes/wlwmanifest.xml
Not Found: /wp1/wp-includes/wlwmanifest.xml
Not Found: /test/wp-includes/wlwmanifest.xml
Not Found: /wp2/wp-includes/wlwmanifest.xml
Not Found: /site/wp-includes/wlwmanifest.xml
Not Found: /cms/wp-includes/wlwmanifest.xml
Not Found: /sito/wp-includes/wlwmanifest.xml
Not Found: /z0f76a1d14fd21a8fb5fd0d03e0fdc3d3cedae52f
Not Found: /robots.txt
Invalid HTTP_HOST header: 'www.wemisi.com'. You may need to add 'www.wemisi.com' to ALLOWED_HOSTS.
Traceback (most recent call last):
  File "/home/wemisico/virtualenv/wemisipy/3.13/lib/python3.13/site-packages/django/core/handlers/exception.py", line 55, in inner
    response = get_response(request)
  File "/home/wemisico/virtualenv/wemisipy/3.13/lib/python3.13/site-packages/django/utils/deprecation.py", line 133, in __call__
    response = self.process_request(request)
  File "/home/wemisico/virtualenv/wemisipy/3.13/lib/python3.13/site-packages/django/middleware/common.py", line 48, in process_request
    host = request.get_host()
  File "/home/wemisico/virtualenv/wemisipy/3.13/lib/python3.13/site-packages/django/http/request.py", line 150, in get_host
    raise DisallowedHost(msg)
django.core.exceptions.DisallowedHost: Invalid HTTP_HOST header: 'www.wemisi.com'. You may need to add 'www.wemisi.com' to ALLOWED_HOSTS.
Invalid HTTP_HOST header: 'www.wemisi.com'. You may need to add 'www.wemisi.com' to ALLOWED_HOSTS.
Traceback (most recent call last):
  File "/home/wemisico/virtualenv/wemisipy/3.13/lib/python3.13/site-packages/django/core/handlers/exception.py", line 55, in inner
    response = get_response(request)
  File "/home/wemisico/virtualenv/wemisipy/3.13/lib/python3.13/site-packages/django/utils/deprecation.py", line 133, in __call__
    response = self.process_request(request)
  File "/home/wemisico/virtualenv/wemisipy/3.13/lib/python3.13/site-packages/django/middleware/common.py", line 48, in process_request
    host = request.get_host()
  File "/home/wemisico/virtualenv/wemisipy/3.13/lib/python3.13/site-packages/django/http/request.py", line 150, in get_host
    raise DisallowedHost(msg)
django.core.exceptions.DisallowedHost: Invalid HTTP_HOST header: 'www.wemisi.com'. You may need to add 'www.wemisi.com' to ALLOWED_HOSTS.
Not Found: /p3.html
Not Found: /robots.txt
Not Found: /robots.txt
Not Found: /robots.txt
Not Found: /robots.txt
Not Found: /favicon.ico
Not Found: /p4.html
Not Found: /robots.txt
Not Found: /marble.html
Not Found: /robots.txt
Invalid HTTP_HOST header: 'www.wemisi.com'. You may need to add 'www.wemisi.com' to ALLOWED_HOSTS.
Traceback (most recent call last):
  File "/home/wemisico/virtualenv/wemisipy/3.13/lib/python3.13/site-packages/django/core/handlers/exception.py", line 55, in inner
    response = get_response(request)
  File "/home/wemisico/virtualenv/wemisipy/3.13/lib/python3.13/site-packages/django/utils/deprecation.py", line 133, in __call__
    response = self.process_request(request)
  File "/home/wemisico/virtualenv/wemisipy/3.13/lib/python3.13/site-packages/django/middleware/common.py", line 48, in process_request
    host = request.get_host()
  File "/home/wemisico/virtualenv/wemisipy/3.13/lib/python3.13/site-packages/django/http/request.py", line 150, in get_host
    raise DisallowedHost(msg)
django.core.exceptions.DisallowedHost: Invalid HTTP_HOST header: 'www.wemisi.com'. You may need to add 'www.wemisi.com' to ALLOWED_HOSTS.
Not Found: /p10.html
Not Found: /p11.html
Not Found: /robots.txt
Not Found: /robots.txt
Not Found: /images/marble%20Chima%20pink.png
Not Found: /images/marble%20Chima%20pink.png
Not Found: /robots.txt
Not Found: /robots.txt
Not Found: /robots.txt
Not Found: /p16.html
Invalid HTTP_HOST header: 'www.wemisi.com'. You may need to add 'www.wemisi.com' to ALLOWED_HOSTS.
Traceback (most recent call last):
  File "/home/wemisico/virtualenv/wemisipy/3.13/lib/python3.13/site-packages/django/core/handlers/exception.py", line 55, in inner
    response = get_response(request)
  File "/home/wemisico/virtualenv/wemisipy/3.13/lib/python3.13/site-packages/django/utils/deprecation.py", line 133, in __call__
    response = self.process_request(request)
  File "/home/wemisico/virtualenv/wemisipy/3.13/lib/python3.13/site-packages/django/middleware/common.py", line 48, in process_request
    host = request.get_host()
  File "/home/wemisico/virtualenv/wemisipy/3.13/lib/python3.13/site-packages/django/http/request.py", line 150, in get_host
    raise DisallowedHost(msg)
django.core.exceptions.DisallowedHost: Invalid HTTP_HOST header: 'www.wemisi.com'. You may need to add 'www.wemisi.com' to ALLOWED_HOSTS.
Not Found: /robots.txt
Not Found: /sitemap_index.xml
Not Found: /sitemap_index.xml
Invalid HTTP_HOST header: 'www.wemisi.com'. You may need to add 'www.wemisi.com' to ALLOWED_HOSTS.
Traceback (most recent call last):
  File "/home/wemisico/virtualenv/wemisipy/3.13/lib/python3.13/site-packages/django/core/handlers/exception.py", line 55, in inner
    response = get_response(request)
  File "/home/wemisico/virtualenv/wemisipy/3.13/lib/python3.13/site-packages/django/utils/deprecation.py", line 133, in __call__
    response = self.process_request(request)
  File "/home/wemisico/virtualenv/wemisipy/3.13/lib/python3.13/site-packages/django/middleware/common.py", line 48, in process_request
    host = request.get_host()
  File "/home/wemisico/virtualenv/wemisipy/3.13/lib/python3.13/site-packages/django/http/request.py", line 150, in get_host
    raise DisallowedHost(msg)
django.core.exceptions.DisallowedHost: Invalid HTTP_HOST header: 'www.wemisi.com'. You may need to add 'www.wemisi.com' to ALLOWED_HOSTS.
Not Found: /robots.txt
Not Found: /.well-known/security.txt
Not Found: /p12.html
Not Found: /p1.html
Not Found: /robots.txt
Not Found: /p2.html
Not Found: /robots.txt
Not Found: /robots.txt
Not Found: /robots.txt
Not Found: /p17.html
Invalid HTTP_HOST header: 'www.wemisi.com'. You may need to add 'www.wemisi.com' to ALLOWED_HOSTS.
Traceback (most recent call last):
  File "/home/wemisico/virtualenv/wemisipy/3.13/lib/python3.13/site-packages/django/core/handlers/exception.py", line 55, in inner
    response = get_response(request)
  File "/home/wemisico/virtualenv/wemisipy/3.13/lib/python3.13/site-packages/django/utils/deprecation.py", line 133, in __call__
    response = self.process_request(request)
  File "/home/wemisico/virtualenv/wemisipy/3.13/lib/python3.13/site-packages/django/middleware/common.py", line 48, in process_request
    host = request.get_host()
  File "/home/wemisico/virtualenv/wemisipy/3.13/lib/python3.13/site-packages/django/http/request.py", line 150, in get_host
    raise DisallowedHost(msg)
django.core.exceptions.DisallowedHost: Invalid HTTP_HOST header: 'www.wemisi.com'. You may need to add 'www.wemisi.com' to ALLOWED_HOSTS.
Not Found: /favicon.ico
Not Found: /robots.txt
Not Found: /granite.html
Not Found: /p15.html
Not Found: /robots.txt
Not Found: /robots.txt
Not Found: /robots.txt
Invalid HTTP_HOST header: 'www.wemisi.com'. You may need to add 'www.wemisi.com' to ALLOWED_HOSTS.
Traceback (most recent call last):
  File "/home/wemisico/virtualenv/wemisipy/3.13/lib/python3.13/site-packages/django/core/handlers/exception.py", line 55, in inner
    response = get_response(request)
  File "/home/wemisico/virtualenv/wemisipy/3.13/lib/python3.13/site-packages/django/utils/deprecation.py", line 133, in __call__
    response = self.process_request(request)
  File "/home/wemisico/virtualenv/wemisipy/3.13/lib/python3.13/site-packages/django/middleware/common.py", line 48, in process_request
    host = request.get_host()
  File "/home/wemisico/virtualenv/wemisipy/3.13/lib/python3.13/site-packages/django/http/request.py", line 150, in get_host
    raise DisallowedHost(msg)
django.core.exceptions.DisallowedHost: Invalid HTTP_HOST header: 'www.wemisi.com'. You may need to add 'www.wemisi.com' to ALLOWED_HOSTS.
Invalid HTTP_HOST header: 'www.wemisi.com'. You may need to add 'www.wemisi.com' to ALLOWED_HOSTS.
Traceback (most recent call last):
  File "/home/wemisico/virtualenv/wemisipy/3.13/lib/python3.13/site-packages/django/core/handlers/exception.py", line 55, in inner
    response = get_response(request)
  File "/home/wemisico/virtualenv/wemisipy/3.13/lib/python3.13/site-packages/django/utils/deprecation.py", line 133, in __call__
    response = self.process_request(request)
  File "/home/wemisico/virtualenv/wemisipy/3.13/lib/python3.13/site-packages/django/middleware/common.py", line 48, in process_request
    host = request.get_host()
  File "/home/wemisico/virtualenv/wemisipy/3.13/lib/python3.13/site-packages/django/http/request.py", line 150, in get_host
    raise DisallowedHost(msg)
django.core.exceptions.DisallowedHost: Invalid HTTP_HOST header: 'www.wemisi.com'. You may need to add 'www.wemisi.com' to ALLOWED_HOSTS.
Invalid HTTP_HOST header: 'www.wemisi.com'. You may need to add 'www.wemisi.com' to ALLOWED_HOSTS.
Traceback (most recent call last):
  File "/home/wemisico/virtualenv/wemisipy/3.13/lib/python3.13/site-packages/django/core/handlers/exception.py", line 55, in inner
    response = get_response(request)
  File "/home/wemisico/virtualenv/wemisipy/3.13/lib/python3.13/site-packages/django/utils/deprecation.py", line 133, in __call__
    response = self.process_request(request)
  File "/home/wemisico/virtualenv/wemisipy/3.13/lib/python3.13/site-packages/django/middleware/common.py", line 48, in process_request
    host = request.get_host()
  File "/home/wemisico/virtualenv/wemisipy/3.13/lib/python3.13/site-packages/django/http/request.py", line 150, in get_host
    raise DisallowedHost(msg)
django.core.exceptions.DisallowedHost: Invalid HTTP_HOST header: 'www.wemisi.com'. You may need to add 'www.wemisi.com' to ALLOWED_HOSTS.
Not Found: /p9.html
Not Found: /robots.txt
Not Found: /robots.txt
Not Found: /robots.txt
Not Found: /robots.txt
Not Found: /robots.txt
Invalid HTTP_HOST header: 'www.wemisi.com'. You may need to add 'www.wemisi.com' to ALLOWED_HOSTS.
Traceback (most recent call last):
  File "/home/wemisico/virtualenv/wemisipy/3.13/lib/python3.13/site-packages/django/core/handlers/exception.py", line 55, in inner
    response = get_response(request)
  File "/home/wemisico/virtualenv/wemisipy/3.13/lib/python3.13/site-packages/django/utils/deprecation.py", line 133, in __call__
    response = self.process_request(request)
  File "/home/wemisico/virtualenv/wemisipy/3.13/lib/python3.13/site-packages/django/middleware/common.py", line 48, in process_request
    host = request.get_host()
  File "/home/wemisico/virtualenv/wemisipy/3.13/lib/python3.13/site-packages/django/http/request.py", line 150, in get_host
    raise DisallowedHost(msg)
django.core.exceptions.DisallowedHost: Invalid HTTP_HOST header: 'www.wemisi.com'. You may need to add 'www.wemisi.com' to ALLOWED_HOSTS.
Not Found: /granite.html
Not Found: /robots.txt
Not Found: /index.html
Invalid HTTP_HOST header: 'www.wemisi.com'. You may need to add 'www.wemisi.com' to ALLOWED_HOSTS.
Traceback (most recent call last):
  File "/home/wemisico/virtualenv/wemisipy/3.13/lib/python3.13/site-packages/django/core/handlers/exception.py", line 55, in inner
    response = get_response(request)
  File "/home/wemisico/virtualenv/wemisipy/3.13/lib/python3.13/site-packages/django/utils/deprecation.py", line 133, in __call__
    response = self.process_request(request)
  File "/home/wemisico/virtualenv/wemisipy/3.13/lib/python3.13/site-packages/django/middleware/common.py", line 48, in process_request
    host = request.get_host()
  File "/home/wemisico/virtualenv/wemisipy/3.13/lib/python3.13/site-packages/django/http/request.py", line 150, in get_host
    raise DisallowedHost(msg)
django.core.exceptions.DisallowedHost: Invalid HTTP_HOST header: 'www.wemisi.com'. You may need to add 'www.wemisi.com' to ALLOWED_HOSTS.
Not Found: /robots.txt
Not Found: /robots.txt
Invalid HTTP_HOST header: 'www.wemisi.com'. You may need to add 'www.wemisi.com' to ALLOWED_HOSTS.
Traceback (most recent call last):
  File "/home/wemisico/virtualenv/wemisipy/3.13/lib/python3.13/site-packages/django/core/handlers/exception.py", line 55, in inner
    response = get_response(request)
  File "/home/wemisico/virtualenv/wemisipy/3.13/lib/python3.13/site-packages/django/utils/deprecation.py", line 133, in __call__
    response = self.process_request(request)
  File "/home/wemisico/virtualenv/wemisipy/3.13/lib/python3.13/site-packages/django/middleware/common.py", line 48, in process_request
    host = request.get_host()
  File "/home/wemisico/virtualenv/wemisipy/3.13/lib/python3.13/site-packages/django/http/request.py", line 150, in get_host
    raise DisallowedHost(msg)
django.core.exceptions.DisallowedHost: Invalid HTTP_HOST header: 'www.wemisi.com'. You may need to add 'www.wemisi.com' to ALLOWED_HOSTS.
Invalid HTTP_HOST header: 'www.wemisi.com'. You may need to add 'www.wemisi.com' to ALLOWED_HOSTS.
Traceback (most recent call last):
  File "/home/wemisico/virtualenv/wemisipy/3.13/lib/python3.13/site-packages/django/core/handlers/exception.py", line 55, in inner
    response = get_response(request)
  File "/home/wemisico/virtualenv/wemisipy/3.13/lib/python3.13/site-packages/django/utils/deprecation.py", line 133, in __call__
    response = self.process_request(request)
  File "/home/wemisico/virtualenv/wemisipy/3.13/lib/python3.13/site-packages/django/middleware/common.py", line 48, in process_request
    host = request.get_host()
  File "/home/wemisico/virtualenv/wemisipy/3.13/lib/python3.13/site-packages/django/http/request.py", line 150, in get_host
    raise DisallowedHost(msg)
django.core.exceptions.DisallowedHost: Invalid HTTP_HOST header: 'www.wemisi.com'. You may need to add 'www.wemisi.com' to ALLOWED_HOSTS.
Not Found: /robots.txt
Invalid HTTP_HOST header: 'www.wemisi.com'. You may need to add 'www.wemisi.com' to ALLOWED_HOSTS.
Traceback (most recent call last):
  File "/home/wemisico/virtualenv/wemisipy/3.13/lib/python3.13/site-packages/django/core/handlers/exception.py", line 55, in inner
    response = get_response(request)
  File "/home/wemisico/virtualenv/wemisipy/3.13/lib/python3.13/site-packages/django/utils/deprecation.py", line 133, in __call__
    response = self.process_request(request)
  File "/home/wemisico/virtualenv/wemisipy/3.13/lib/python3.13/site-packages/django/middleware/common.py", line 48, in process_request
    host = request.get_host()
  File "/home/wemisico/virtualenv/wemisipy/3.13/lib/python3.13/site-packages/django/http/request.py", line 150, in get_host
    raise DisallowedHost(msg)
django.core.exceptions.DisallowedHost: Invalid HTTP_HOST header: 'www.wemisi.com'. You may need to add 'www.wemisi.com' to ALLOWED_HOSTS.
Not Found: /favicon.ico
Not Found: /favicon.ico
Not Found: /robots.txt
Not Found: /robots.txt
Not Found: /p5.html
Not Found: /robots.txt
Not Found: /robots.txt
Not Found: /index.html
Not Found: /robots.txt
Not Found: /p14.html
Not Found: /robots.txt
Invalid HTTP_HOST header: 'www.wemisi.com'. You may need to add 'www.wemisi.com' to ALLOWED_HOSTS.
Traceback (most recent call last):
  File "/home/wemisico/virtualenv/wemisipy/3.13/lib/python3.13/site-packages/django/core/handlers/exception.py", line 55, in inner
    response = get_response(request)
  File "/home/wemisico/virtualenv/wemisipy/3.13/lib/python3.13/site-packages/django/utils/deprecation.py", line 133, in __call__
    response = self.process_request(request)
  File "/home/wemisico/virtualenv/wemisipy/3.13/lib/python3.13/site-packages/django/middleware/common.py", line 48, in process_request
    host = request.get_host()
  File "/home/wemisico/virtualenv/wemisipy/3.13/lib/python3.13/site-packages/django/http/request.py", line 150, in get_host
    raise DisallowedHost(msg)
django.core.exceptions.DisallowedHost: Invalid HTTP_HOST header: 'www.wemisi.com'. You may need to add 'www.wemisi.com' to ALLOWED_HOSTS.
Not Found: /list.html
Not Found: /media/system/js/core.js
Not Found: /images/exterior.png
Not Found: /robots.txt
Not Found: /robots.txt
Not Found: /robots.txt
Not Found: /p8.html
Invalid HTTP_HOST header: 'www.wemisi.com'. You may need to add 'www.wemisi.com' to ALLOWED_HOSTS.
Traceback (most recent call last):
  File "/home/wemisico/virtualenv/wemisipy/3.13/lib/python3.13/site-packages/django/core/handlers/exception.py", line 55, in inner
    response = get_response(request)
  File "/home/wemisico/virtualenv/wemisipy/3.13/lib/python3.13/site-packages/django/utils/deprecation.py", line 133, in __call__
    response = self.process_request(request)
  File "/home/wemisico/virtualenv/wemisipy/3.13/lib/python3.13/site-packages/django/middleware/common.py", line 48, in process_request
    host = request.get_host()
  File "/home/wemisico/virtualenv/wemisipy/3.13/lib/python3.13/site-packages/django/http/request.py", line 150, in get_host
    raise DisallowedHost(msg)
django.core.exceptions.DisallowedHost: Invalid HTTP_HOST header: 'www.wemisi.com'. You may need to add 'www.wemisi.com' to ALLOWED_HOSTS.
Not Found: /robots.txt
Not Found: /robots.txt
Not Found: /robots.txt
Not Found: /sitemap.xml
Not Found: /wp-sitemap.xml
Not Found: /sitemap_index.xml
Not Found: /robots.txt
Not Found: /userfuns.php
Not Found: /userfuns.php
Not Found: /postnews.php
Not Found: /postnews.php
Not Found: /wp-login.php
Not Found: /images/IDP.png
Not Found: /robots.txt
Not Found: /p3.html
Not Found: /robots.txt
Not Found: /p7.html
Not Found: /robots.txt
Not Found: /robots.txt
Invalid HTTP_HOST header: 'www.wemisi.com'. You may need to add 'www.wemisi.com' to ALLOWED_HOSTS.
Traceback (most recent call last):
  File "/home/wemisico/virtualenv/wemisipy/3.13/lib/python3.13/site-packages/django/core/handlers/exception.py", line 55, in inner
    response = get_response(request)
  File "/home/wemisico/virtualenv/wemisipy/3.13/lib/python3.13/site-packages/django/utils/deprecation.py", line 133, in __call__
    response = self.process_request(request)
  File "/home/wemisico/virtualenv/wemisipy/3.13/lib/python3.13/site-packages/django/middleware/common.py", line 48, in process_request
    host = request.get_host()
  File "/home/wemisico/virtualenv/wemisipy/3.13/lib/python3.13/site-packages/django/http/request.py", line 150, in get_host
    raise DisallowedHost(msg)
django.core.exceptions.DisallowedHost: Invalid HTTP_HOST header: 'www.wemisi.com'. You may need to add 'www.wemisi.com' to ALLOWED_HOSTS.
Invalid HTTP_HOST header: 'www.wemisi.com'. You may need to add 'www.wemisi.com' to ALLOWED_HOSTS.
Traceback (most recent call last):
  File "/home/wemisico/virtualenv/wemisipy/3.13/lib/python3.13/site-packages/django/core/handlers/exception.py", line 55, in inner
    response = get_response(request)
  File "/home/wemisico/virtualenv/wemisipy/3.13/lib/python3.13/site-packages/django/utils/deprecation.py", line 133, in __call__
    response = self.process_request(request)
  File "/home/wemisico/virtualenv/wemisipy/3.13/lib/python3.13/site-packages/django/middleware/common.py", line 48, in process_request
    host = request.get_host()
  File "/home/wemisico/virtualenv/wemisipy/3.13/lib/python3.13/site-packages/django/http/request.py", line 150, in get_host
    raise DisallowedHost(msg)
django.core.exceptions.DisallowedHost: Invalid HTTP_HOST header: 'www.wemisi.com'. You may need to add 'www.wemisi.com' to ALLOWED_HOSTS.
Not Found: /robots.txt
Not Found: /p12.html
Invalid HTTP_HOST header: 'www.wemisi.com'. You may need to add 'www.wemisi.com' to ALLOWED_HOSTS.
Traceback (most recent call last):
  File "/home/wemisico/virtualenv/wemisipy/3.13/lib/python3.13/site-packages/django/core/handlers/exception.py", line 55, in inner
    response = get_response(request)
  File "/home/wemisico/virtualenv/wemisipy/3.13/lib/python3.13/site-packages/django/utils/deprecation.py", line 133, in __call__
    response = self.process_request(request)
  File "/home/wemisico/virtualenv/wemisipy/3.13/lib/python3.13/site-packages/django/middleware/common.py", line 48, in process_request
    host = request.get_host()
  File "/home/wemisico/virtualenv/wemisipy/3.13/lib/python3.13/site-packages/django/http/request.py", line 150, in get_host
    raise DisallowedHost(msg)
django.core.exceptions.DisallowedHost: Invalid HTTP_HOST header: 'www.wemisi.com'. You may need to add 'www.wemisi.com' to ALLOWED_HOSTS.
Not Found: /images/PS.png
Invalid HTTP_HOST header: 'www.wemisi.com'. You may need to add 'www.wemisi.com' to ALLOWED_HOSTS.
Traceback (most recent call last):
  File "/home/wemisico/virtualenv/wemisipy/3.13/lib/python3.13/site-packages/django/core/handlers/exception.py", line 55, in inner
    response = get_response(request)
  File "/home/wemisico/virtualenv/wemisipy/3.13/lib/python3.13/site-packages/django/utils/deprecation.py", line 133, in __call__
    response = self.process_request(request)
  File "/home/wemisico/virtualenv/wemisipy/3.13/lib/python3.13/site-packages/django/middleware/common.py", line 48, in process_request
    host = request.get_host()
  File "/home/wemisico/virtualenv/wemisipy/3.13/lib/python3.13/site-packages/django/http/request.py", line 150, in get_host
    raise DisallowedHost(msg)
django.core.exceptions.DisallowedHost: Invalid HTTP_HOST header: 'www.wemisi.com'. You may need to add 'www.wemisi.com' to ALLOWED_HOSTS.
Not Found: /robots.txt
Invalid HTTP_HOST header: 'www.wemisi.com'. You may need to add 'www.wemisi.com' to ALLOWED_HOSTS.
Traceback (most recent call last):
  File "/home/wemisico/virtualenv/wemisipy/3.13/lib/python3.13/site-packages/django/core/handlers/exception.py", line 55, in inner
    response = get_response(request)
  File "/home/wemisico/virtualenv/wemisipy/3.13/lib/python3.13/site-packages/django/utils/deprecation.py", line 133, in __call__
    response = self.process_request(request)
  File "/home/wemisico/virtualenv/wemisipy/3.13/lib/python3.13/site-packages/django/middleware/common.py", line 48, in process_request
    host = request.get_host()
  File "/home/wemisico/virtualenv/wemisipy/3.13/lib/python3.13/site-packages/django/http/request.py", line 150, in get_host
    raise DisallowedHost(msg)
django.core.exceptions.DisallowedHost: Invalid HTTP_HOST header: 'www.wemisi.com'. You may need to add 'www.wemisi.com' to ALLOWED_HOSTS.
Not Found: /robots.txt
Not Found: /favicon.ico
Not Found: /robots.txt
Not Found: /index.html
Invalid HTTP_HOST header: 'www.wemisi.com'. You may need to add 'www.wemisi.com' to ALLOWED_HOSTS.
Traceback (most recent call last):
  File "/home/wemisico/virtualenv/wemisipy/3.13/lib/python3.13/site-packages/django/core/handlers/exception.py", line 55, in inner
    response = get_response(request)
  File "/home/wemisico/virtualenv/wemisipy/3.13/lib/python3.13/site-packages/django/utils/deprecation.py", line 133, in __call__
    response = self.process_request(request)
  File "/home/wemisico/virtualenv/wemisipy/3.13/lib/python3.13/site-packages/django/middleware/common.py", line 48, in process_request
    host = request.get_host()
  File "/home/wemisico/virtualenv/wemisipy/3.13/lib/python3.13/site-packages/django/http/request.py", line 150, in get_host
    raise DisallowedHost(msg)
django.core.exceptions.DisallowedHost: Invalid HTTP_HOST header: 'www.wemisi.com'. You may need to add 'www.wemisi.com' to ALLOWED_HOSTS.
Not Found: /favicon.ico
Not Found: /favicon.ico
Not Found: /robots.txt
Internal Server Error: /accounts/login/
Traceback (most recent call last):
  File "/home/wemisico/virtualenv/wemisipy/3.13/lib/python3.13/site-packages/django/core/handlers/exception.py", line 55, in inner
    response = get_response(request)
  File "/home/wemisico/virtualenv/wemisipy/3.13/lib/python3.13/site-packages/django/core/handlers/base.py", line 220, in _get_response
    response = response.render()
  File "/home/wemisico/virtualenv/wemisipy/3.13/lib/python3.13/site-packages/django/template/response.py", line 114, in render
    self.content = self.rendered_content
                   ^^^^^^^^^^^^^^^^^^^^^
  File "/home/wemisico/virtualenv/wemisipy/3.13/lib/python3.13/site-packages/django/template/response.py", line 90, in rendered_content
    template = self.resolve_template(self.template_name)
  File "/home/wemisico/virtualenv/wemisipy/3.13/lib/python3.13/site-packages/django/template/response.py", line 72, in resolve_template
    return select_template(template, using=self.using)
  File "/home/wemisico/virtualenv/wemisipy/3.13/lib/python3.13/site-packages/django/template/loader.py", line 47, in select_template
    raise TemplateDoesNotExist(", ".join(template_name_list), chain=chain)
django.template.exceptions.TemplateDoesNotExist: registration/login.html
Internal Server Error: /accounts/login/
Traceback (most recent call last):
  File "/home/wemisico/virtualenv/wemisipy/3.13/lib/python3.13/site-packages/django/core/handlers/exception.py", line 55, in inner
    response = get_response(request)
  File "/home/wemisico/virtualenv/wemisipy/3.13/lib/python3.13/site-packages/django/core/handlers/base.py", line 220, in _get_response
    response = response.render()
  File "/home/wemisico/virtualenv/wemisipy/3.13/lib/python3.13/site-packages/django/template/response.py", line 114, in render
    self.content = self.rendered_content
                   ^^^^^^^^^^^^^^^^^^^^^
  File "/home/wemisico/virtualenv/wemisipy/3.13/lib/python3.13/site-packages/django/template/response.py", line 90, in rendered_content
    template = self.resolve_template(self.template_name)
  File "/home/wemisico/virtualenv/wemisipy/3.13/lib/python3.13/site-packages/django/template/response.py", line 72, in resolve_template
    return select_template(template, using=self.using)
  File "/home/wemisico/virtualenv/wemisipy/3.13/lib/python3.13/site-packages/django/template/loader.py", line 47, in select_template
    raise TemplateDoesNotExist(", ".join(template_name_list), chain=chain)
django.template.exceptions.TemplateDoesNotExist: registration/login.html
Internal Server Error: /accounts/login/
Traceback (most recent call last):
  File "/home/wemisico/virtualenv/wemisipy/3.13/lib/python3.13/site-packages/django/core/handlers/exception.py", line 55, in inner
    response = get_response(request)
  File "/home/wemisico/virtualenv/wemisipy/3.13/lib/python3.13/site-packages/django/core/handlers/base.py", line 220, in _get_response
    response = response.render()
  File "/home/wemisico/virtualenv/wemisipy/3.13/lib/python3.13/site-packages/django/template/response.py", line 114, in render
    self.content = self.rendered_content
                   ^^^^^^^^^^^^^^^^^^^^^
  File "/home/wemisico/virtualenv/wemisipy/3.13/lib/python3.13/site-packages/django/template/response.py", line 90, in rendered_content
    template = self.resolve_template(self.template_name)
  File "/home/wemisico/virtualenv/wemisipy/3.13/lib/python3.13/site-packages/django/template/response.py", line 72, in resolve_template
    return select_template(template, using=self.using)
  File "/home/wemisico/virtualenv/wemisipy/3.13/lib/python3.13/site-packages/django/template/loader.py", line 47, in select_template
    raise TemplateDoesNotExist(", ".join(template_name_list), chain=chain)
django.template.exceptions.TemplateDoesNotExist: registration/login.html
Not Found: /robots.txt
Not Found: /robots.txt
Not Found: /robots.txt
Not Found: /robots.txt
Not Found: /robots.txt
Not Found: /favicon.ico
Not Found: /favicon.ico
Invalid HTTP_HOST header: 'www.wemisi.com'. You may need to add 'www.wemisi.com' to ALLOWED_HOSTS.
Traceback (most recent call last):
  File "/home/wemisico/virtualenv/wemisipy/3.13/lib/python3.13/site-packages/django/core/handlers/exception.py", line 55, in inner
    response = get_response(request)
  File "/home/wemisico/virtualenv/wemisipy/3.13/lib/python3.13/site-packages/django/utils/deprecation.py", line 133, in __call__
    response = self.process_request(request)
  File "/home/wemisico/virtualenv/wemisipy/3.13/lib/python3.13/site-packages/django/middleware/common.py", line 48, in process_request
    host = request.get_host()
  File "/home/wemisico/virtualenv/wemisipy/3.13/lib/python3.13/site-packages/django/http/request.py", line 150, in get_host
    raise DisallowedHost(msg)
django.core.exceptions.DisallowedHost: Invalid HTTP_HOST header: 'www.wemisi.com'. You may need to add 'www.wemisi.com' to ALLOWED_HOSTS.
Not Found: /robots.txt
Not Found: /robots.txt
Invalid HTTP_HOST header: 'www.wemisi.com'. You may need to add 'www.wemisi.com' to ALLOWED_HOSTS.
Traceback (most recent call last):
  File "/home/wemisico/virtualenv/wemisipy/3.13/lib/python3.13/site-packages/django/core/handlers/exception.py", line 55, in inner
    response = get_response(request)
  File "/home/wemisico/virtualenv/wemisipy/3.13/lib/python3.13/site-packages/django/utils/deprecation.py", line 133, in __call__
    response = self.process_request(request)
  File "/home/wemisico/virtualenv/wemisipy/3.13/lib/python3.13/site-packages/django/middleware/common.py", line 48, in process_request
    host = request.get_host()
  File "/home/wemisico/virtualenv/wemisipy/3.13/lib/python3.13/site-packages/django/http/request.py", line 150, in get_host
    raise DisallowedHost(msg)
django.core.exceptions.DisallowedHost: Invalid HTTP_HOST header: 'www.wemisi.com'. You may need to add 'www.wemisi.com' to ALLOWED_HOSTS.
Not Found: /robots.txt
Invalid HTTP_HOST header: 'www.wemisi.com'. You may need to add 'www.wemisi.com' to ALLOWED_HOSTS.
Traceback (most recent call last):
  File "/home/wemisico/virtualenv/wemisipy/3.13/lib/python3.13/site-packages/django/core/handlers/exception.py", line 55, in inner
    response = get_response(request)
  File "/home/wemisico/virtualenv/wemisipy/3.13/lib/python3.13/site-packages/django/utils/deprecation.py", line 133, in __call__
    response = self.process_request(request)
  File "/home/wemisico/virtualenv/wemisipy/3.13/lib/python3.13/site-packages/django/middleware/common.py", line 48, in process_request
    host = request.get_host()
  File "/home/wemisico/virtualenv/wemisipy/3.13/lib/python3.13/site-packages/django/http/request.py", line 150, in get_host
    raise DisallowedHost(msg)
django.core.exceptions.DisallowedHost: Invalid HTTP_HOST header: 'www.wemisi.com'. You may need to add 'www.wemisi.com' to ALLOWED_HOSTS.
Invalid HTTP_HOST header: 'www.wemisi.com'. You may need to add 'www.wemisi.com' to ALLOWED_HOSTS.
Traceback (most recent call last):
  File "/home/wemisico/virtualenv/wemisipy/3.13/lib/python3.13/site-packages/django/core/handlers/exception.py", line 55, in inner
    response = get_response(request)
  File "/home/wemisico/virtualenv/wemisipy/3.13/lib/python3.13/site-packages/django/utils/deprecation.py", line 133, in __call__
    response = self.process_request(request)
  File "/home/wemisico/virtualenv/wemisipy/3.13/lib/python3.13/site-packages/django/middleware/common.py", line 48, in process_request
    host = request.get_host()
  File "/home/wemisico/virtualenv/wemisipy/3.13/lib/python3.13/site-packages/django/http/request.py", line 150, in get_host
    raise DisallowedHost(msg)
django.core.exceptions.DisallowedHost: Invalid HTTP_HOST header: 'www.wemisi.com'. You may need to add 'www.wemisi.com' to ALLOWED_HOSTS.
Not Found: /robots.txt
Invalid HTTP_HOST header: 'www.wemisi.com'. You may need to add 'www.wemisi.com' to ALLOWED_HOSTS.
Traceback (most recent call last):
  File "/home/wemisico/virtualenv/wemisipy/3.13/lib/python3.13/site-packages/django/core/handlers/exception.py", line 55, in inner
    response = get_response(request)
  File "/home/wemisico/virtualenv/wemisipy/3.13/lib/python3.13/site-packages/django/utils/deprecation.py", line 133, in __call__
    response = self.process_request(request)
  File "/home/wemisico/virtualenv/wemisipy/3.13/lib/python3.13/site-packages/django/middleware/common.py", line 48, in process_request
    host = request.get_host()
  File "/home/wemisico/virtualenv/wemisipy/3.13/lib/python3.13/site-packages/django/http/request.py", line 150, in get_host
    raise DisallowedHost(msg)
django.core.exceptions.DisallowedHost: Invalid HTTP_HOST header: 'www.wemisi.com'. You may need to add 'www.wemisi.com' to ALLOWED_HOSTS.
Not Found: /robots.txt
Not Found: /p10.html
Not Found: /p6.html
Not Found: /robots.txt
Not Found: /robots.txt
Not Found: /p5.html
Not Found: /robots.txt
Not Found: /robots.txt
Not Found: /robots.txt
Not Found: /p2.html
Invalid HTTP_HOST header: 'www.wemisi.com'. You may need to add 'www.wemisi.com' to ALLOWED_HOSTS.
Traceback (most recent call last):
  File "/home/wemisico/virtualenv/wemisipy/3.13/lib/python3.13/site-packages/django/core/handlers/exception.py", line 55, in inner
    response = get_response(request)
  File "/home/wemisico/virtualenv/wemisipy/3.13/lib/python3.13/site-packages/django/utils/deprecation.py", line 133, in __call__
    response = self.process_request(request)
  File "/home/wemisico/virtualenv/wemisipy/3.13/lib/python3.13/site-packages/django/middleware/common.py", line 48, in process_request
    host = request.get_host()
  File "/home/wemisico/virtualenv/wemisipy/3.13/lib/python3.13/site-packages/django/http/request.py", line 150, in get_host
    raise DisallowedHost(msg)
django.core.exceptions.DisallowedHost: Invalid HTTP_HOST header: 'www.wemisi.com'. You may need to add 'www.wemisi.com' to ALLOWED_HOSTS.
Not Found: /robots.txt
Not Found: /p13.html
Not Found: /p8.html
Not Found: /robots.txt
Invalid HTTP_HOST header: 'www.wemisi.com'. You may need to add 'www.wemisi.com' to ALLOWED_HOSTS.
Traceback (most recent call last):
  File "/home/wemisico/virtualenv/wemisipy/3.13/lib/python3.13/site-packages/django/core/handlers/exception.py", line 55, in inner
    response = get_response(request)
  File "/home/wemisico/virtualenv/wemisipy/3.13/lib/python3.13/site-packages/django/utils/deprecation.py", line 133, in __call__
    response = self.process_request(request)
  File "/home/wemisico/virtualenv/wemisipy/3.13/lib/python3.13/site-packages/django/middleware/common.py", line 48, in process_request
    host = request.get_host()
  File "/home/wemisico/virtualenv/wemisipy/3.13/lib/python3.13/site-packages/django/http/request.py", line 150, in get_host
    raise DisallowedHost(msg)
django.core.exceptions.DisallowedHost: Invalid HTTP_HOST header: 'www.wemisi.com'. You may need to add 'www.wemisi.com' to ALLOWED_HOSTS.
Invalid HTTP_HOST header: 'www.wemisi.com'. You may need to add 'www.wemisi.com' to ALLOWED_HOSTS.
Traceback (most recent call last):
  File "/home/wemisico/virtualenv/wemisipy/3.13/lib/python3.13/site-packages/django/core/handlers/exception.py", line 55, in inner
    response = get_response(request)
  File "/home/wemisico/virtualenv/wemisipy/3.13/lib/python3.13/site-packages/django/utils/deprecation.py", line 133, in __call__
    response = self.process_request(request)
  File "/home/wemisico/virtualenv/wemisipy/3.13/lib/python3.13/site-packages/django/middleware/common.py", line 48, in process_request
    host = request.get_host()
  File "/home/wemisico/virtualenv/wemisipy/3.13/lib/python3.13/site-packages/django/http/request.py", line 150, in get_host
    raise DisallowedHost(msg)
django.core.exceptions.DisallowedHost: Invalid HTTP_HOST header: 'www.wemisi.com'. You may need to add 'www.wemisi.com' to ALLOWED_HOSTS.
Not Found: /robots.txt
Not Found: /p1.html
Not Found: /p11.html
Not Found: /p9.html
Invalid HTTP_HOST header: 'www.wemisi.com'. You may need to add 'www.wemisi.com' to ALLOWED_HOSTS.
Traceback (most recent call last):
  File "/home/wemisico/virtualenv/wemisipy/3.13/lib/python3.13/site-packages/django/core/handlers/exception.py", line 55, in inner
    response = get_response(request)
  File "/home/wemisico/virtualenv/wemisipy/3.13/lib/python3.13/site-packages/django/utils/deprecation.py", line 133, in __call__
    response = self.process_request(request)
  File "/home/wemisico/virtualenv/wemisipy/3.13/lib/python3.13/site-packages/django/middleware/common.py", line 48, in process_request
    host = request.get_host()
  File "/home/wemisico/virtualenv/wemisipy/3.13/lib/python3.13/site-packages/django/http/request.py", line 150, in get_host
    raise DisallowedHost(msg)
django.core.exceptions.DisallowedHost: Invalid HTTP_HOST header: 'www.wemisi.com'. You may need to add 'www.wemisi.com' to ALLOWED_HOSTS.
Invalid HTTP_HOST header: 'www.wemisi.com'. You may need to add 'www.wemisi.com' to ALLOWED_HOSTS.
Traceback (most recent call last):
  File "/home/wemisico/virtualenv/wemisipy/3.13/lib/python3.13/site-packages/django/core/handlers/exception.py", line 55, in inner
    response = get_response(request)
  File "/home/wemisico/virtualenv/wemisipy/3.13/lib/python3.13/site-packages/django/utils/deprecation.py", line 133, in __call__
    response = self.process_request(request)
  File "/home/wemisico/virtualenv/wemisipy/3.13/lib/python3.13/site-packages/django/middleware/common.py", line 48, in process_request
    host = request.get_host()
  File "/home/wemisico/virtualenv/wemisipy/3.13/lib/python3.13/site-packages/django/http/request.py", line 150, in get_host
    raise DisallowedHost(msg)
django.core.exceptions.DisallowedHost: Invalid HTTP_HOST header: 'www.wemisi.com'. You may need to add 'www.wemisi.com' to ALLOWED_HOSTS.
Not Found: /robots.txt
Not Found: /p4.html
Invalid HTTP_HOST header: 'www.wemisi.com'. You may need to add 'www.wemisi.com' to ALLOWED_HOSTS.
Traceback (most recent call last):
  File "/home/wemisico/virtualenv/wemisipy/3.13/lib/python3.13/site-packages/django/core/handlers/exception.py", line 55, in inner
    response = get_response(request)
  File "/home/wemisico/virtualenv/wemisipy/3.13/lib/python3.13/site-packages/django/utils/deprecation.py", line 133, in __call__
    response = self.process_request(request)
  File "/home/wemisico/virtualenv/wemisipy/3.13/lib/python3.13/site-packages/django/middleware/common.py", line 48, in process_request
    host = request.get_host()
  File "/home/wemisico/virtualenv/wemisipy/3.13/lib/python3.13/site-packages/django/http/request.py", line 150, in get_host
    raise DisallowedHost(msg)
django.core.exceptions.DisallowedHost: Invalid HTTP_HOST header: 'www.wemisi.com'. You may need to add 'www.wemisi.com' to ALLOWED_HOSTS.
Invalid HTTP_HOST header: 'www.wemisi.com'. You may need to add 'www.wemisi.com' to ALLOWED_HOSTS.
Traceback (most recent call last):
  File "/home/wemisico/virtualenv/wemisipy/3.13/lib/python3.13/site-packages/django/core/handlers/exception.py", line 55, in inner
    response = get_response(request)
  File "/home/wemisico/virtualenv/wemisipy/3.13/lib/python3.13/site-packages/django/utils/deprecation.py", line 133, in __call__
    response = self.process_request(request)
  File "/home/wemisico/virtualenv/wemisipy/3.13/lib/python3.13/site-packages/django/middleware/common.py", line 48, in process_request
    host = request.get_host()
  File "/home/wemisico/virtualenv/wemisipy/3.13/lib/python3.13/site-packages/django/http/request.py", line 150, in get_host
    raise DisallowedHost(msg)
django.core.exceptions.DisallowedHost: Invalid HTTP_HOST header: 'www.wemisi.com'. You may need to add 'www.wemisi.com' to ALLOWED_HOSTS.
Invalid HTTP_HOST header: 'www.wemisi.com'. You may need to add 'www.wemisi.com' to ALLOWED_HOSTS.
Traceback (most recent call last):
  File "/home/wemisico/virtualenv/wemisipy/3.13/lib/python3.13/site-packages/django/core/handlers/exception.py", line 55, in inner
    response = get_response(request)
  File "/home/wemisico/virtualenv/wemisipy/3.13/lib/python3.13/site-packages/django/utils/deprecation.py", line 133, in __call__
    response = self.process_request(request)
  File "/home/wemisico/virtualenv/wemisipy/3.13/lib/python3.13/site-packages/django/middleware/common.py", line 48, in process_request
    host = request.get_host()
  File "/home/wemisico/virtualenv/wemisipy/3.13/lib/python3.13/site-packages/django/http/request.py", line 150, in get_host
    raise DisallowedHost(msg)
django.core.exceptions.DisallowedHost: Invalid HTTP_HOST header: 'www.wemisi.com'. You may need to add 'www.wemisi.com' to ALLOWED_HOSTS.
Not Found: /robots.txt
Not Found: /favicon.ico
Not Found: /favicon.ico
Not Found: /robots.txt
Not Found: /p7.html
Not Found: /robots.txt
Not Found: /robots.txt
Not Found: /robots.txt
Not Found: /favicon.ico
Not Found: /robots.txt
Not Found: /robots.txt
Not Found: /favicon.ico
Not Found: /robots.txt
Not Found: /robots.txt
Invalid HTTP_HOST header: 'www.wemisi.com'. You may need to add 'www.wemisi.com' to ALLOWED_HOSTS.
Traceback (most recent call last):
  File "/home/wemisico/virtualenv/wemisipy/3.13/lib/python3.13/site-packages/django/core/handlers/exception.py", line 55, in inner
    response = get_response(request)
  File "/home/wemisico/virtualenv/wemisipy/3.13/lib/python3.13/site-packages/django/utils/deprecation.py", line 133, in __call__
    response = self.process_request(request)
  File "/home/wemisico/virtualenv/wemisipy/3.13/lib/python3.13/site-packages/django/middleware/common.py", line 48, in process_request
    host = request.get_host()
  File "/home/wemisico/virtualenv/wemisipy/3.13/lib/python3.13/site-packages/django/http/request.py", line 150, in get_host
    raise DisallowedHost(msg)
django.core.exceptions.DisallowedHost: Invalid HTTP_HOST header: 'www.wemisi.com'. You may need to add 'www.wemisi.com' to ALLOWED_HOSTS.
Not Found: /robots.txt
Not Found: /p3.html
Not Found: /robots.txt
Not Found: /robots.txt
Not Found: /robots.txt
Not Found: /p12.html
Not Found: /robots.txt
Not Found: /robots.txt
Not Found: /robots.txt
Invalid HTTP_HOST header: 'www.wemisi.com'. You may need to add 'www.wemisi.com' to ALLOWED_HOSTS.
Traceback (most recent call last):
  File "/home/wemisico/virtualenv/wemisipy/3.13/lib/python3.13/site-packages/django/core/handlers/exception.py", line 55, in inner
    response = get_response(request)
  File "/home/wemisico/virtualenv/wemisipy/3.13/lib/python3.13/site-packages/django/utils/deprecation.py", line 133, in __call__
    response = self.process_request(request)
  File "/home/wemisico/virtualenv/wemisipy/3.13/lib/python3.13/site-packages/django/middleware/common.py", line 48, in process_request
    host = request.get_host()
  File "/home/wemisico/virtualenv/wemisipy/3.13/lib/python3.13/site-packages/django/http/request.py", line 150, in get_host
    raise DisallowedHost(msg)
django.core.exceptions.DisallowedHost: Invalid HTTP_HOST header: 'www.wemisi.com'. You may need to add 'www.wemisi.com' to ALLOWED_HOSTS.
Invalid HTTP_HOST header: 'www.wemisi.com'. You may need to add 'www.wemisi.com' to ALLOWED_HOSTS.
Traceback (most recent call last):
  File "/home/wemisico/virtualenv/wemisipy/3.13/lib/python3.13/site-packages/django/core/handlers/exception.py", line 55, in inner
    response = get_response(request)
  File "/home/wemisico/virtualenv/wemisipy/3.13/lib/python3.13/site-packages/django/utils/deprecation.py", line 133, in __call__
    response = self.process_request(request)
  File "/home/wemisico/virtualenv/wemisipy/3.13/lib/python3.13/site-packages/django/middleware/common.py", line 48, in process_request
    host = request.get_host()
  File "/home/wemisico/virtualenv/wemisipy/3.13/lib/python3.13/site-packages/django/http/request.py", line 150, in get_host
    raise DisallowedHost(msg)
django.core.exceptions.DisallowedHost: Invalid HTTP_HOST header: 'www.wemisi.com'. You may need to add 'www.wemisi.com' to ALLOWED_HOSTS.
Invalid HTTP_HOST header: 'www.wemisi.com'. You may need to add 'www.wemisi.com' to ALLOWED_HOSTS.
Traceback (most recent call last):
  File "/home/wemisico/virtualenv/wemisipy/3.13/lib/python3.13/site-packages/django/core/handlers/exception.py", line 55, in inner
    response = get_response(request)
  File "/home/wemisico/virtualenv/wemisipy/3.13/lib/python3.13/site-packages/django/utils/deprecation.py", line 133, in __call__
    response = self.process_request(request)
  File "/home/wemisico/virtualenv/wemisipy/3.13/lib/python3.13/site-packages/django/middleware/common.py", line 48, in process_request
    host = request.get_host()
  File "/home/wemisico/virtualenv/wemisipy/3.13/lib/python3.13/site-packages/django/http/request.py", line 150, in get_host
    raise DisallowedHost(msg)
django.core.exceptions.DisallowedHost: Invalid HTTP_HOST header: 'www.wemisi.com'. You may need to add 'www.wemisi.com' to ALLOWED_HOSTS.
Invalid HTTP_HOST header: 'www.wemisi.com'. You may need to add 'www.wemisi.com' to ALLOWED_HOSTS.
Traceback (most recent call last):
  File "/home/wemisico/virtualenv/wemisipy/3.13/lib/python3.13/site-packages/django/core/handlers/exception.py", line 55, in inner
    response = get_response(request)
  File "/home/wemisico/virtualenv/wemisipy/3.13/lib/python3.13/site-packages/django/utils/deprecation.py", line 133, in __call__
    response = self.process_request(request)
  File "/home/wemisico/virtualenv/wemisipy/3.13/lib/python3.13/site-packages/django/middleware/common.py", line 48, in process_request
    host = request.get_host()
  File "/home/wemisico/virtualenv/wemisipy/3.13/lib/python3.13/site-packages/django/http/request.py", line 150, in get_host
    raise DisallowedHost(msg)
django.core.exceptions.DisallowedHost: Invalid HTTP_HOST header: 'www.wemisi.com'. You may need to add 'www.wemisi.com' to ALLOWED_HOSTS.
Invalid HTTP_HOST header: 'www.wemisi.com'. You may need to add 'www.wemisi.com' to ALLOWED_HOSTS.
Traceback (most recent call last):
  File "/home/wemisico/virtualenv/wemisipy/3.13/lib/python3.13/site-packages/django/core/handlers/exception.py", line 55, in inner
    response = get_response(request)
  File "/home/wemisico/virtualenv/wemisipy/3.13/lib/python3.13/site-packages/django/utils/deprecation.py", line 133, in __call__
    response = self.process_request(request)
  File "/home/wemisico/virtualenv/wemisipy/3.13/lib/python3.13/site-packages/django/middleware/common.py", line 48, in process_request
    host = request.get_host()
  File "/home/wemisico/virtualenv/wemisipy/3.13/lib/python3.13/site-packages/django/http/request.py", line 150, in get_host
    raise DisallowedHost(msg)
django.core.exceptions.DisallowedHost: Invalid HTTP_HOST header: 'www.wemisi.com'. You may need to add 'www.wemisi.com' to ALLOWED_HOSTS.
Invalid HTTP_HOST header: 'www.wemisi.com'. You may need to add 'www.wemisi.com' to ALLOWED_HOSTS.
Traceback (most recent call last):
  File "/home/wemisico/virtualenv/wemisipy/3.13/lib/python3.13/site-packages/django/core/handlers/exception.py", line 55, in inner
    response = get_response(request)
  File "/home/wemisico/virtualenv/wemisipy/3.13/lib/python3.13/site-packages/django/utils/deprecation.py", line 133, in __call__
    response = self.process_request(request)
  File "/home/wemisico/virtualenv/wemisipy/3.13/lib/python3.13/site-packages/django/middleware/common.py", line 48, in process_request
    host = request.get_host()
  File "/home/wemisico/virtualenv/wemisipy/3.13/lib/python3.13/site-packages/django/http/request.py", line 150, in get_host
    raise DisallowedHost(msg)
django.core.exceptions.DisallowedHost: Invalid HTTP_HOST header: 'www.wemisi.com'. You may need to add 'www.wemisi.com' to ALLOWED_HOSTS.
Not Found: /robots.txt
Not Found: /favicon.ico
Invalid HTTP_HOST header: 'www.wemisi.com'. You may need to add 'www.wemisi.com' to ALLOWED_HOSTS.
Traceback (most recent call last):
  File "/home/wemisico/virtualenv/wemisipy/3.13/lib/python3.13/site-packages/django/core/handlers/exception.py", line 55, in inner
    response = get_response(request)
  File "/home/wemisico/virtualenv/wemisipy/3.13/lib/python3.13/site-packages/django/utils/deprecation.py", line 133, in __call__
    response = self.process_request(request)
  File "/home/wemisico/virtualenv/wemisipy/3.13/lib/python3.13/site-packages/django/middleware/common.py", line 48, in process_request
    host = request.get_host()
  File "/home/wemisico/virtualenv/wemisipy/3.13/lib/python3.13/site-packages/django/http/request.py", line 150, in get_host
    raise DisallowedHost(msg)
django.core.exceptions.DisallowedHost: Invalid HTTP_HOST header: 'www.wemisi.com'. You may need to add 'www.wemisi.com' to ALLOWED_HOSTS.
Not Found: /robots.txt
Invalid HTTP_HOST header: 'www.wemisi.com'. You may need to add 'www.wemisi.com' to ALLOWED_HOSTS.
Traceback (most recent call last):
  File "/home/wemisico/virtualenv/wemisipy/3.13/lib/python3.13/site-packages/django/core/handlers/exception.py", line 55, in inner
    response = get_response(request)
  File "/home/wemisico/virtualenv/wemisipy/3.13/lib/python3.13/site-packages/django/utils/deprecation.py", line 133, in __call__
    response = self.process_request(request)
  File "/home/wemisico/virtualenv/wemisipy/3.13/lib/python3.13/site-packages/django/middleware/common.py", line 48, in process_request
    host = request.get_host()
  File "/home/wemisico/virtualenv/wemisipy/3.13/lib/python3.13/site-packages/django/http/request.py", line 150, in get_host
    raise DisallowedHost(msg)
django.core.exceptions.DisallowedHost: Invalid HTTP_HOST header: 'www.wemisi.com'. You may need to add 'www.wemisi.com' to ALLOWED_HOSTS.
Invalid HTTP_HOST header: 'www.wemisi.com'. You may need to add 'www.wemisi.com' to ALLOWED_HOSTS.
Traceback (most recent call last):
  File "/home/wemisico/virtualenv/wemisipy/3.13/lib/python3.13/site-packages/django/core/handlers/exception.py", line 55, in inner
    response = get_response(request)
  File "/home/wemisico/virtualenv/wemisipy/3.13/lib/python3.13/site-packages/django/utils/deprecation.py", line 133, in __call__
    response = self.process_request(request)
  File "/home/wemisico/virtualenv/wemisipy/3.13/lib/python3.13/site-packages/django/middleware/common.py", line 48, in process_request
    host = request.get_host()
  File "/home/wemisico/virtualenv/wemisipy/3.13/lib/python3.13/site-packages/django/http/request.py", line 150, in get_host
    raise DisallowedHost(msg)
django.core.exceptions.DisallowedHost: Invalid HTTP_HOST header: 'www.wemisi.com'. You may need to add 'www.wemisi.com' to ALLOWED_HOSTS.
Not Found: /robots.txt
Internal Server Error: /accounts/login/
Traceback (most recent call last):
  File "/home/wemisico/virtualenv/wemisipy/3.13/lib/python3.13/site-packages/django/core/handlers/exception.py", line 55, in inner
    response = get_response(request)
  File "/home/wemisico/virtualenv/wemisipy/3.13/lib/python3.13/site-packages/django/core/handlers/base.py", line 220, in _get_response
    response = response.render()
  File "/home/wemisico/virtualenv/wemisipy/3.13/lib/python3.13/site-packages/django/template/response.py", line 114, in render
    self.content = self.rendered_content
                   ^^^^^^^^^^^^^^^^^^^^^
  File "/home/wemisico/virtualenv/wemisipy/3.13/lib/python3.13/site-packages/django/template/response.py", line 90, in rendered_content
    template = self.resolve_template(self.template_name)
  File "/home/wemisico/virtualenv/wemisipy/3.13/lib/python3.13/site-packages/django/template/response.py", line 72, in resolve_template
    return select_template(template, using=self.using)
  File "/home/wemisico/virtualenv/wemisipy/3.13/lib/python3.13/site-packages/django/template/loader.py", line 47, in select_template
    raise TemplateDoesNotExist(", ".join(template_name_list), chain=chain)
django.template.exceptions.TemplateDoesNotExist: registration/login.html
Not Found: /robots.txt
Not Found: /robots.txt
Not Found: /p6.html
Invalid HTTP_HOST header: 'www.wemisi.com'. You may need to add 'www.wemisi.com' to ALLOWED_HOSTS.
Traceback (most recent call last):
  File "/home/wemisico/virtualenv/wemisipy/3.13/lib/python3.13/site-packages/django/core/handlers/exception.py", line 55, in inner
    response = get_response(request)
  File "/home/wemisico/virtualenv/wemisipy/3.13/lib/python3.13/site-packages/django/utils/deprecation.py", line 133, in __call__
    response = self.process_request(request)
  File "/home/wemisico/virtualenv/wemisipy/3.13/lib/python3.13/site-packages/django/middleware/common.py", line 48, in process_request
    host = request.get_host()
  File "/home/wemisico/virtualenv/wemisipy/3.13/lib/python3.13/site-packages/django/http/request.py", line 150, in get_host
    raise DisallowedHost(msg)
django.core.exceptions.DisallowedHost: Invalid HTTP_HOST header: 'www.wemisi.com'. You may need to add 'www.wemisi.com' to ALLOWED_HOSTS.
Not Found: /robots.txt
Invalid HTTP_HOST header: 'www.wemisi.com'. You may need to add 'www.wemisi.com' to ALLOWED_HOSTS.
Traceback (most recent call last):
  File "/home/wemisico/virtualenv/wemisipy/3.13/lib/python3.13/site-packages/django/core/handlers/exception.py", line 55, in inner
    response = get_response(request)
  File "/home/wemisico/virtualenv/wemisipy/3.13/lib/python3.13/site-packages/django/utils/deprecation.py", line 133, in __call__
    response = self.process_request(request)
  File "/home/wemisico/virtualenv/wemisipy/3.13/lib/python3.13/site-packages/django/middleware/common.py", line 48, in process_request
    host = request.get_host()
  File "/home/wemisico/virtualenv/wemisipy/3.13/lib/python3.13/site-packages/django/http/request.py", line 150, in get_host
    raise DisallowedHost(msg)
django.core.exceptions.DisallowedHost: Invalid HTTP_HOST header: 'www.wemisi.com'. You may need to add 'www.wemisi.com' to ALLOWED_HOSTS.
Not Found: /robots.txt
Not Found: /p13.html
Not Found: /robots.txt
Not Found: /favicon.ico
Not Found: /favicon.ico
Not Found: /robots.txt
Not Found: /robots.txt
Not Found: /robots.txt
Invalid HTTP_HOST header: 'www.wemisi.com'. You may need to add 'www.wemisi.com' to ALLOWED_HOSTS.
Traceback (most recent call last):
  File "/home/wemisico/virtualenv/wemisipy/3.13/lib/python3.13/site-packages/django/core/handlers/exception.py", line 55, in inner
    response = get_response(request)
  File "/home/wemisico/virtualenv/wemisipy/3.13/lib/python3.13/site-packages/django/utils/deprecation.py", line 133, in __call__
    response = self.process_request(request)
  File "/home/wemisico/virtualenv/wemisipy/3.13/lib/python3.13/site-packages/django/middleware/common.py", line 48, in process_request
    host = request.get_host()
  File "/home/wemisico/virtualenv/wemisipy/3.13/lib/python3.13/site-packages/django/http/request.py", line 150, in get_host
    raise DisallowedHost(msg)
django.core.exceptions.DisallowedHost: Invalid HTTP_HOST header: 'www.wemisi.com'. You may need to add 'www.wemisi.com' to ALLOWED_HOSTS.
Invalid HTTP_HOST header: 'www.wemisi.com'. You may need to add 'www.wemisi.com' to ALLOWED_HOSTS.
Traceback (most recent call last):
  File "/home/wemisico/virtualenv/wemisipy/3.13/lib/python3.13/site-packages/django/core/handlers/exception.py", line 55, in inner
    response = get_response(request)
  File "/home/wemisico/virtualenv/wemisipy/3.13/lib/python3.13/site-packages/django/utils/deprecation.py", line 133, in __call__
    response = self.process_request(request)
  File "/home/wemisico/virtualenv/wemisipy/3.13/lib/python3.13/site-packages/django/middleware/common.py", line 48, in process_request
    host = request.get_host()
  File "/home/wemisico/virtualenv/wemisipy/3.13/lib/python3.13/site-packages/django/http/request.py", line 150, in get_host
    raise DisallowedHost(msg)
django.core.exceptions.DisallowedHost: Invalid HTTP_HOST header: 'www.wemisi.com'. You may need to add 'www.wemisi.com' to ALLOWED_HOSTS.
Not Found: /robots.txt
Not Found: /robots.txt
Invalid HTTP_HOST header: 'www.wemisi.com'. You may need to add 'www.wemisi.com' to ALLOWED_HOSTS.
Traceback (most recent call last):
  File "/home/wemisico/virtualenv/wemisipy/3.13/lib/python3.13/site-packages/django/core/handlers/exception.py", line 55, in inner
    response = get_response(request)
  File "/home/wemisico/virtualenv/wemisipy/3.13/lib/python3.13/site-packages/django/utils/deprecation.py", line 133, in __call__
    response = self.process_request(request)
  File "/home/wemisico/virtualenv/wemisipy/3.13/lib/python3.13/site-packages/django/middleware/common.py", line 48, in process_request
    host = request.get_host()
  File "/home/wemisico/virtualenv/wemisipy/3.13/lib/python3.13/site-packages/django/http/request.py", line 150, in get_host
    raise DisallowedHost(msg)
django.core.exceptions.DisallowedHost: Invalid HTTP_HOST header: 'www.wemisi.com'. You may need to add 'www.wemisi.com' to ALLOWED_HOSTS.
Invalid HTTP_HOST header: 'www.wemisi.com'. You may need to add 'www.wemisi.com' to ALLOWED_HOSTS.
Traceback (most recent call last):
  File "/home/wemisico/virtualenv/wemisipy/3.13/lib/python3.13/site-packages/django/core/handlers/exception.py", line 55, in inner
    response = get_response(request)
  File "/home/wemisico/virtualenv/wemisipy/3.13/lib/python3.13/site-packages/django/utils/deprecation.py", line 133, in __call__
    response = self.process_request(request)
  File "/home/wemisico/virtualenv/wemisipy/3.13/lib/python3.13/site-packages/django/middleware/common.py", line 48, in process_request
    host = request.get_host()
  File "/home/wemisico/virtualenv/wemisipy/3.13/lib/python3.13/site-packages/django/http/request.py", line 150, in get_host
    raise DisallowedHost(msg)
django.core.exceptions.DisallowedHost: Invalid HTTP_HOST header: 'www.wemisi.com'. You may need to add 'www.wemisi.com' to ALLOWED_HOSTS.
Invalid HTTP_HOST header: 'www.wemisi.com'. You may need to add 'www.wemisi.com' to ALLOWED_HOSTS.
Traceback (most recent call last):
  File "/home/wemisico/virtualenv/wemisipy/3.13/lib/python3.13/site-packages/django/core/handlers/exception.py", line 55, in inner
    response = get_response(request)
  File "/home/wemisico/virtualenv/wemisipy/3.13/lib/python3.13/site-packages/django/utils/deprecation.py", line 133, in __call__
    response = self.process_request(request)
  File "/home/wemisico/virtualenv/wemisipy/3.13/lib/python3.13/site-packages/django/middleware/common.py", line 48, in process_request
    host = request.get_host()
  File "/home/wemisico/virtualenv/wemisipy/3.13/lib/python3.13/site-packages/django/http/request.py", line 150, in get_host
    raise DisallowedHost(msg)
django.core.exceptions.DisallowedHost: Invalid HTTP_HOST header: 'www.wemisi.com'. You may need to add 'www.wemisi.com' to ALLOWED_HOSTS.
Invalid HTTP_HOST header: 'www.wemisi.com'. You may need to add 'www.wemisi.com' to ALLOWED_HOSTS.
Traceback (most recent call last):
  File "/home/wemisico/virtualenv/wemisipy/3.13/lib/python3.13/site-packages/django/core/handlers/exception.py", line 55, in inner
    response = get_response(request)
  File "/home/wemisico/virtualenv/wemisipy/3.13/lib/python3.13/site-packages/django/utils/deprecation.py", line 133, in __call__
    response = self.process_request(request)
  File "/home/wemisico/virtualenv/wemisipy/3.13/lib/python3.13/site-packages/django/middleware/common.py", line 48, in process_request
    host = request.get_host()
  File "/home/wemisico/virtualenv/wemisipy/3.13/lib/python3.13/site-packages/django/http/request.py", line 150, in get_host
    raise DisallowedHost(msg)
django.core.exceptions.DisallowedHost: Invalid HTTP_HOST header: 'www.wemisi.com'. You may need to add 'www.wemisi.com' to ALLOWED_HOSTS.
Not Found: /robots.txt
Not Found: /cart.html
Not Found: /images/marble%20Chima%20pink.png
Not Found: /images/marble%20Chima%20pink.png
Not Found: /robots.txt
Internal Server Error: /accounts/login/
Traceback (most recent call last):
  File "/home/wemisico/virtualenv/wemisipy/3.13/lib/python3.13/site-packages/django/core/handlers/exception.py", line 55, in inner
    response = get_response(request)
  File "/home/wemisico/virtualenv/wemisipy/3.13/lib/python3.13/site-packages/django/core/handlers/base.py", line 220, in _get_response
    response = response.render()
  File "/home/wemisico/virtualenv/wemisipy/3.13/lib/python3.13/site-packages/django/template/response.py", line 114, in render
    self.content = self.rendered_content
                   ^^^^^^^^^^^^^^^^^^^^^
  File "/home/wemisico/virtualenv/wemisipy/3.13/lib/python3.13/site-packages/django/template/response.py", line 90, in rendered_content
    template = self.resolve_template(self.template_name)
  File "/home/wemisico/virtualenv/wemisipy/3.13/lib/python3.13/site-packages/django/template/response.py", line 72, in resolve_template
    return select_template(template, using=self.using)
  File "/home/wemisico/virtualenv/wemisipy/3.13/lib/python3.13/site-packages/django/template/loader.py", line 47, in select_template
    raise TemplateDoesNotExist(", ".join(template_name_list), chain=chain)
django.template.exceptions.TemplateDoesNotExist: registration/login.html
Invalid HTTP_HOST header: 'www.wemisi.com'. You may need to add 'www.wemisi.com' to ALLOWED_HOSTS.
Traceback (most recent call last):
  File "/home/wemisico/virtualenv/wemisipy/3.13/lib/python3.13/site-packages/django/core/handlers/exception.py", line 55, in inner
    response = get_response(request)
  File "/home/wemisico/virtualenv/wemisipy/3.13/lib/python3.13/site-packages/django/utils/deprecation.py", line 133, in __call__
    response = self.process_request(request)
  File "/home/wemisico/virtualenv/wemisipy/3.13/lib/python3.13/site-packages/django/middleware/common.py", line 48, in process_request
    host = request.get_host()
  File "/home/wemisico/virtualenv/wemisipy/3.13/lib/python3.13/site-packages/django/http/request.py", line 150, in get_host
    raise DisallowedHost(msg)
django.core.exceptions.DisallowedHost: Invalid HTTP_HOST header: 'www.wemisi.com'. You may need to add 'www.wemisi.com' to ALLOWED_HOSTS.
Not Found: /robots.txt
Not Found: /apps
Not Found: /api/action
Not Found: /api/actions
Not Found: /_next/data
Not Found: /apps
Not Found: /api/action
Not Found: /api/actions
Not Found: /_next/data
Invalid HTTP_HOST header: 'www.wemisi.com'. You may need to add 'www.wemisi.com' to ALLOWED_HOSTS.
Traceback (most recent call last):
  File "/home/wemisico/virtualenv/wemisipy/3.13/lib/python3.13/site-packages/django/core/handlers/exception.py", line 55, in inner
    response = get_response(request)
  File "/home/wemisico/virtualenv/wemisipy/3.13/lib/python3.13/site-packages/django/utils/deprecation.py", line 133, in __call__
    response = self.process_request(request)
  File "/home/wemisico/virtualenv/wemisipy/3.13/lib/python3.13/site-packages/django/middleware/common.py", line 48, in process_request
    host = request.get_host()
  File "/home/wemisico/virtualenv/wemisipy/3.13/lib/python3.13/site-packages/django/http/request.py", line 150, in get_host
    raise DisallowedHost(msg)
django.core.exceptions.DisallowedHost: Invalid HTTP_HOST header: 'www.wemisi.com'. You may need to add 'www.wemisi.com' to ALLOWED_HOSTS.
Not Found: /robots.txt
Not Found: /robots.txt
Invalid HTTP_HOST header: 'mail.wemisi.com'. You may need to add 'mail.wemisi.com' to ALLOWED_HOSTS.
Traceback (most recent call last):
  File "/home/wemisico/virtualenv/wemisipy/3.13/lib/python3.13/site-packages/django/core/handlers/exception.py", line 55, in inner
    response = get_response(request)
  File "/home/wemisico/virtualenv/wemisipy/3.13/lib/python3.13/site-packages/django/utils/deprecation.py", line 133, in __call__
    response = self.process_request(request)
  File "/home/wemisico/virtualenv/wemisipy/3.13/lib/python3.13/site-packages/django/middleware/common.py", line 48, in process_request
    host = request.get_host()
  File "/home/wemisico/virtualenv/wemisipy/3.13/lib/python3.13/site-packages/django/http/request.py", line 150, in get_host
    raise DisallowedHost(msg)
django.core.exceptions.DisallowedHost: Invalid HTTP_HOST header: 'mail.wemisi.com'. You may need to add 'mail.wemisi.com' to ALLOWED_HOSTS.
Invalid HTTP_HOST header: 'mail.wemisi.com'. You may need to add 'mail.wemisi.com' to ALLOWED_HOSTS.
Traceback (most recent call last):
  File "/home/wemisico/virtualenv/wemisipy/3.13/lib/python3.13/site-packages/django/core/handlers/exception.py", line 55, in inner
    response = get_response(request)
  File "/home/wemisico/virtualenv/wemisipy/3.13/lib/python3.13/site-packages/django/utils/deprecation.py", line 133, in __call__
    response = self.process_request(request)
  File "/home/wemisico/virtualenv/wemisipy/3.13/lib/python3.13/site-packages/django/middleware/common.py", line 48, in process_request
    host = request.get_host()
  File "/home/wemisico/virtualenv/wemisipy/3.13/lib/python3.13/site-packages/django/http/request.py", line 150, in get_host
    raise DisallowedHost(msg)
django.core.exceptions.DisallowedHost: Invalid HTTP_HOST header: 'mail.wemisi.com'. You may need to add 'mail.wemisi.com' to ALLOWED_HOSTS.
Invalid HTTP_HOST header: 'mail.wemisi.com'. You may need to add 'mail.wemisi.com' to ALLOWED_HOSTS.
Traceback (most recent call last):
  File "/home/wemisico/virtualenv/wemisipy/3.13/lib/python3.13/site-packages/django/core/handlers/exception.py", line 55, in inner
    response = get_response(request)
  File "/home/wemisico/virtualenv/wemisipy/3.13/lib/python3.13/site-packages/django/utils/deprecation.py", line 133, in __call__
    response = self.process_request(request)
  File "/home/wemisico/virtualenv/wemisipy/3.13/lib/python3.13/site-packages/django/middleware/common.py", line 48, in process_request
    host = request.get_host()
  File "/home/wemisico/virtualenv/wemisipy/3.13/lib/python3.13/site-packages/django/http/request.py", line 150, in get_host
    raise DisallowedHost(msg)
django.core.exceptions.DisallowedHost: Invalid HTTP_HOST header: 'mail.wemisi.com'. You may need to add 'mail.wemisi.com' to ALLOWED_HOSTS.
Invalid HTTP_HOST header: 'mail.wemisi.com'. You may need to add 'mail.wemisi.com' to ALLOWED_HOSTS.
Traceback (most recent call last):
  File "/home/wemisico/virtualenv/wemisipy/3.13/lib/python3.13/site-packages/django/core/handlers/exception.py", line 55, in inner
    response = get_response(request)
  File "/home/wemisico/virtualenv/wemisipy/3.13/lib/python3.13/site-packages/django/utils/deprecation.py", line 133, in __call__
    response = self.process_request(request)
  File "/home/wemisico/virtualenv/wemisipy/3.13/lib/python3.13/site-packages/django/middleware/common.py", line 48, in process_request
    host = request.get_host()
  File "/home/wemisico/virtualenv/wemisipy/3.13/lib/python3.13/site-packages/django/http/request.py", line 150, in get_host
    raise DisallowedHost(msg)
django.core.exceptions.DisallowedHost: Invalid HTTP_HOST header: 'mail.wemisi.com'. You may need to add 'mail.wemisi.com' to ALLOWED_HOSTS.
Not Found: /.well-known/traffic-advice
Invalid HTTP_HOST header: 'www.wemisi.com'. You may need to add 'www.wemisi.com' to ALLOWED_HOSTS.
Traceback (most recent call last):
  File "/home/wemisico/virtualenv/wemisipy/3.13/lib/python3.13/site-packages/django/core/handlers/exception.py", line 55, in inner
    response = get_response(request)
  File "/home/wemisico/virtualenv/wemisipy/3.13/lib/python3.13/site-packages/django/utils/deprecation.py", line 133, in __call__
    response = self.process_request(request)
  File "/home/wemisico/virtualenv/wemisipy/3.13/lib/python3.13/site-packages/django/middleware/common.py", line 48, in process_request
    host = request.get_host()
  File "/home/wemisico/virtualenv/wemisipy/3.13/lib/python3.13/site-packages/django/http/request.py", line 150, in get_host
    raise DisallowedHost(msg)
django.core.exceptions.DisallowedHost: Invalid HTTP_HOST header: 'www.wemisi.com'. You may need to add 'www.wemisi.com' to ALLOWED_HOSTS.
Invalid HTTP_HOST header: 'www.wemisi.com'. You may need to add 'www.wemisi.com' to ALLOWED_HOSTS.
Traceback (most recent call last):
  File "/home/wemisico/virtualenv/wemisipy/3.13/lib/python3.13/site-packages/django/core/handlers/exception.py", line 55, in inner
    response = get_response(request)
  File "/home/wemisico/virtualenv/wemisipy/3.13/lib/python3.13/site-packages/django/utils/deprecation.py", line 133, in __call__
    response = self.process_request(request)
  File "/home/wemisico/virtualenv/wemisipy/3.13/lib/python3.13/site-packages/django/middleware/common.py", line 48, in process_request
    host = request.get_host()
  File "/home/wemisico/virtualenv/wemisipy/3.13/lib/python3.13/site-packages/django/http/request.py", line 150, in get_host
    raise DisallowedHost(msg)
django.core.exceptions.DisallowedHost: Invalid HTTP_HOST header: 'www.wemisi.com'. You may need to add 'www.wemisi.com' to ALLOWED_HOSTS.
Not Found: /robots.txt
Not Found: /p7.html
Not Found: /robots.txt
Not Found: /robots.txt
Not Found: /robots.txt
Not Found: /robots.txt
Not Found: /robots.txt
Not Found: /robots.txt
Not Found: /sitemaps.xml
Not Found: /sitemap.txt
Not Found: /atom.xml
Not Found: /sitemap.xml.gz
Not Found: /sitemap_index.xml
Not Found: /sitemap.xml.gz
Not Found: /robots.txt
Not Found: /sitemap.xml
Not Found: /sitemap.xml.gz
Not Found: /favicon.ico
Not Found: /favicon.ico
Not Found: /robots.txt
Not Found: /robots.txt
Invalid HTTP_HOST header: 'www.wemisi.com'. You may need to add 'www.wemisi.com' to ALLOWED_HOSTS.
Traceback (most recent call last):
  File "/home/wemisico/virtualenv/wemisipy/3.13/lib/python3.13/site-packages/django/core/handlers/exception.py", line 55, in inner
    response = get_response(request)
  File "/home/wemisico/virtualenv/wemisipy/3.13/lib/python3.13/site-packages/django/utils/deprecation.py", line 133, in __call__
    response = self.process_request(request)
  File "/home/wemisico/virtualenv/wemisipy/3.13/lib/python3.13/site-packages/django/middleware/common.py", line 48, in process_request
    host = request.get_host()
  File "/home/wemisico/virtualenv/wemisipy/3.13/lib/python3.13/site-packages/django/http/request.py", line 150, in get_host
    raise DisallowedHost(msg)
django.core.exceptions.DisallowedHost: Invalid HTTP_HOST header: 'www.wemisi.com'. You may need to add 'www.wemisi.com' to ALLOWED_HOSTS.
Not Found: /robots.txt
Not Found: /vendor/phpunit/phpunit/phpunit.xsd
Not Found: /sitemap.xml
Not Found: /sitemap_index.xml
Not Found: /sitemaps.xml
Not Found: /robots.txt
Not Found: /robots.txt
Not Found: /sitemap.xml.gz
Invalid HTTP_HOST header: 'www.wemisi.com'. You may need to add 'www.wemisi.com' to ALLOWED_HOSTS.
Traceback (most recent call last):
  File "/home/wemisico/virtualenv/wemisipy/3.13/lib/python3.13/site-packages/django/core/handlers/exception.py", line 55, in inner
    response = get_response(request)
  File "/home/wemisico/virtualenv/wemisipy/3.13/lib/python3.13/site-packages/django/utils/deprecation.py", line 133, in __call__
    response = self.process_request(request)
  File "/home/wemisico/virtualenv/wemisipy/3.13/lib/python3.13/site-packages/django/middleware/common.py", line 48, in process_request
    host = request.get_host()
  File "/home/wemisico/virtualenv/wemisipy/3.13/lib/python3.13/site-packages/django/http/request.py", line 150, in get_host
    raise DisallowedHost(msg)
django.core.exceptions.DisallowedHost: Invalid HTTP_HOST header: 'www.wemisi.com'. You may need to add 'www.wemisi.com' to ALLOWED_HOSTS.
Invalid HTTP_HOST header: 'www.wemisi.com'. You may need to add 'www.wemisi.com' to ALLOWED_HOSTS.
Traceback (most recent call last):
  File "/home/wemisico/virtualenv/wemisipy/3.13/lib/python3.13/site-packages/django/core/handlers/exception.py", line 55, in inner
    response = get_response(request)
  File "/home/wemisico/virtualenv/wemisipy/3.13/lib/python3.13/site-packages/django/utils/deprecation.py", line 133, in __call__
    response = self.process_request(request)
  File "/home/wemisico/virtualenv/wemisipy/3.13/lib/python3.13/site-packages/django/middleware/common.py", line 48, in process_request
    host = request.get_host()
  File "/home/wemisico/virtualenv/wemisipy/3.13/lib/python3.13/site-packages/django/http/request.py", line 150, in get_host
    raise DisallowedHost(msg)
django.core.exceptions.DisallowedHost: Invalid HTTP_HOST header: 'www.wemisi.com'. You may need to add 'www.wemisi.com' to ALLOWED_HOSTS.
Not Found: /atom.xml
Not Found: /sitemap.txt
Not Found: /atom.xml
Not Found: /sitemap.txt
Not Found: /robots.txt
Not Found: /robots.txt
Not Found: /robots.txt
Not Found: /robots.txt
Invalid HTTP_HOST header: 'www.wemisi.com'. You may need to add 'www.wemisi.com' to ALLOWED_HOSTS.
Traceback (most recent call last):
  File "/home/wemisico/virtualenv/wemisipy/3.13/lib/python3.13/site-packages/django/core/handlers/exception.py", line 55, in inner
    response = get_response(request)
  File "/home/wemisico/virtualenv/wemisipy/3.13/lib/python3.13/site-packages/django/utils/deprecation.py", line 133, in __call__
    response = self.process_request(request)
  File "/home/wemisico/virtualenv/wemisipy/3.13/lib/python3.13/site-packages/django/middleware/common.py", line 48, in process_request
    host = request.get_host()
  File "/home/wemisico/virtualenv/wemisipy/3.13/lib/python3.13/site-packages/django/http/request.py", line 150, in get_host
    raise DisallowedHost(msg)
django.core.exceptions.DisallowedHost: Invalid HTTP_HOST header: 'www.wemisi.com'. You may need to add 'www.wemisi.com' to ALLOWED_HOSTS.
Not Found: /favicon.ico
Not Found: /media/blog_images/1.jpg
Forbidden (CSRF cookie not set.): /admin/login/
Forbidden (CSRF cookie not set.): /admin/login/
Not Found: /favicon.ico
Not Found: /favicon.ico
Not Found: /sitemaps.xml
Not Found: /robots.txt
Not Found: /sitemap.txt
Not Found: /favicon.ico
Not Found: /static/store/js/main.js
Not Found: /favicon.ico
Not Found: /favicon.ico
Not Found: /static/ckeditor/ckeditor.css
Not Found: /static/ckeditor/ckeditor-init.js
Not Found: /static/store/js/blog_editor.js
Not Found: /static/ckeditor/ckeditor/ckeditor.js
Not Found: /static/ckeditor/fixups.js
Not Found: /static/ckeditor/ckeditor.css
Not Found: /favicon.ico
Not Found: /static/ckeditor/ckeditor/ckeditor.js
Not Found: /static/ckeditor/ckeditor.css
Not Found: /static/store/js/blog_editor.js
Not Found: /static/ckeditor/fixups.js
Not Found: /static/ckeditor/ckeditor-init.js
Not Found: /static/ckeditor/ckeditor.css
Not Found: /favicon.ico
Not Found: /static/ckeditor/ckeditor.css
Not Found: /static/ckeditor/ckeditor-init.js
Not Found: /static/store/js/blog_editor.js
Not Found: /static/ckeditor/ckeditor/ckeditor.js
Not Found: /static/ckeditor/fixups.js
Not Found: /static/ckeditor/ckeditor.css
Not Found: /favicon.ico
Not Found: /static/ckeditor/ckeditor.css
Not Found: /static/ckeditor/fixups.js
Not Found: /static/ckeditor/ckeditor/ckeditor.js
Not Found: /static/ckeditor/ckeditor-init.js
Not Found: /static/store/js/blog_editor.js
Not Found: /static/ckeditor/ckeditor.css
Not Found: /favicon.ico
Not Found: /static/ckeditor/ckeditor-init.js
Not Found: /static/ckeditor/ckeditor/ckeditor.js
Not Found: /static/store/js/blog_editor.js
Not Found: /static/ckeditor/fixups.js
Not Found: /static/ckeditor/ckeditor.css
Not Found: /static/ckeditor/ckeditor.css
Not Found: /favicon.ico
Not Found: /static/ckeditor/ckeditor.css
Not Found: /static/ckeditor/ckeditor/ckeditor.js
Not Found: /static/ckeditor/ckeditor-init.js
Not Found: /static/store/js/blog_editor.js
Not Found: /static/ckeditor/fixups.js
Not Found: /static/ckeditor/ckeditor.css
Not Found: /favicon.ico
Not Found: /static/ckeditor/ckeditor/ckeditor.js
Not Found: /static/store/js/blog_editor.js
Not Found: /static/ckeditor/ckeditor-init.js
Not Found: /static/ckeditor/fixups.js
Not Found: /static/ckeditor/ckeditor.css
Not Found: /static/ckeditor/ckeditor.css
Not Found: /favicon.ico
Not Found: /static/ckeditor/ckeditor-init.js
Not Found: /static/ckeditor/ckeditor.css
Not Found: /static/ckeditor/fixups.js
Not Found: /static/ckeditor/ckeditor/ckeditor.js
Not Found: /static/store/js/blog_editor.js
Not Found: /static/ckeditor/ckeditor.css
Not Found: /static/ckeditor/ckeditor/ckeditor.js
Not Found: /static/ckeditor/fixups.js
Not Found: /static/store/js/blog_editor.js
Not Found: /static/ckeditor/ckeditor-init.js
Not Found: /static/ckeditor/ckeditor.css
Not Found: /favicon.ico
Not Found: /favicon.ico
Not Found: /favicon.ico
Not Found: /atom.xml
Not Found: /sitemaps.xml
Not Found: /sitemap.xml
Not Found: /favicon.ico
Not Found: /favicon.ico
Not Found: /sitemap.xml
Not Found: /robots.txt
Not Found: /sitemap_index.xml
Not Found: /wp-login.php
Not Found: /robots.txt
Not Found: /sitemap.xml.gz
Not Found: /sitemap_index.xml
Not Found: /robots.txt
Not Found: /robots.txt
Not Found: /sitemap.xml.gz
Not Found: /robots.txt
Not Found: /sitemap.xml.gz
Not Found: /sitemap.xml.gz
Not Found: /.well-known/traffic-advice
Not Found: /robots.txt
Not Found: /robots.txt
Not Found: /robots.txt
Not Found: /robots.txt
Not Found: /robots.txt
Not Found: /favicon.ico
Not Found: /robots.txt
Not Found: /robots.txt
Not Found: /robots.txt
Not Found: /robots.txt
Not Found: /robots.txt
Not Found: /favicon.ico
Internal Server Error: /product/3/
Traceback (most recent call last):
  File "/home/wemisico/virtualenv/wemisipy/3.13/lib/python3.13/site-packages/django/template/base.py", line 880, in _resolve_lookup
    current = current[bit]
              ~~~~~~~^^^^^
TypeError: 'ImageFieldFile' object is not subscriptable

During handling of the above exception, another exception occurred:

Traceback (most recent call last):
  File "/home/wemisico/virtualenv/wemisipy/3.13/lib/python3.13/site-packages/django/core/handlers/exception.py", line 55, in inner
    response = get_response(request)
  File "/home/wemisico/virtualenv/wemisipy/3.13/lib/python3.13/site-packages/django/core/handlers/base.py", line 197, in _get_response
    response = wrapped_callback(request, *callback_args, **callback_kwargs)
  File "/home/wemisico/wemisipy/store/views.py", line 61, in product_detail
    return render(request, 'store/product_detail.html', context)
  File "/home/wemisico/virtualenv/wemisipy/3.13/lib/python3.13/site-packages/django/shortcuts.py", line 24, in render
    content = loader.render_to_string(template_name, context, request, using=using)
  File "/home/wemisico/virtualenv/wemisipy/3.13/lib/python3.13/site-packages/django/template/loader.py", line 62, in render_to_string
    return template.render(context, request)
           ~~~~~~~~~~~~~~~^^^^^^^^^^^^^^^^^^
  File "/home/wemisico/virtualenv/wemisipy/3.13/lib/python3.13/site-packages/django/template/backends/django.py", line 61, in render
    return self.template.render(context)
           ~~~~~~~~~~~~~~~~~~~~^^^^^^^^^
  File "/home/wemisico/virtualenv/wemisipy/3.13/lib/python3.13/site-packages/django/template/base.py", line 175, in render
    return self._render(context)
           ~~~~~~~~~~~~^^^^^^^^^
  File "/home/wemisico/virtualenv/wemisipy/3.13/lib/python3.13/site-packages/django/template/base.py", line 167, in _render
    return self.nodelist.render(context)
           ~~~~~~~~~~~~~~~~~~~~^^^^^^^^^
  File "/home/wemisico/virtualenv/wemisipy/3.13/lib/python3.13/site-packages/django/template/base.py", line 1005, in render
    return SafeString("".join([node.render_annotated(context) for node in self]))
                               ~~~~~~~~~~~~~~~~~~~~~^^^^^^^^^
  File "/home/wemisico/virtualenv/wemisipy/3.13/lib/python3.13/site-packages/django/template/base.py", line 966, in render_annotated
    return self.render(context)
           ~~~~~~~~~~~^^^^^^^^^
  File "/home/wemisico/virtualenv/wemisipy/3.13/lib/python3.13/site-packages/django/template/loader_tags.py", line 157, in render
    return compiled_parent._render(context)
           ~~~~~~~~~~~~~~~~~~~~~~~^^^^^^^^^
  File "/home/wemisico/virtualenv/wemisipy/3.13/lib/python3.13/site-packages/django/template/base.py", line 167, in _render
    return self.nodelist.render(context)
           ~~~~~~~~~~~~~~~~~~~~^^^^^^^^^
  File "/home/wemisico/virtualenv/wemisipy/3.13/lib/python3.13/site-packages/django/template/base.py", line 1005, in render
    return SafeString("".join([node.render_annotated(context) for node in self]))
                               ~~~~~~~~~~~~~~~~~~~~~^^^^^^^^^
  File "/home/wemisico/virtualenv/wemisipy/3.13/lib/python3.13/site-packages/django/template/base.py", line 966, in render_annotated
    return self.render(context)
           ~~~~~~~~~~~^^^^^^^^^
  File "/home/wemisico/virtualenv/wemisipy/3.13/lib/python3.13/site-packages/django/template/loader_tags.py", line 63, in render
    result = block.nodelist.render(context)
  File "/home/wemisico/virtualenv/wemisipy/3.13/lib/python3.13/site-packages/django/template/base.py", line 1005, in render
    return SafeString("".join([node.render_annotated(context) for node in self]))
                               ~~~~~~~~~~~~~~~~~~~~~^^^^^^^^^
  File "/home/wemisico/virtualenv/wemisipy/3.13/lib/python3.13/site-packages/django/template/base.py", line 966, in render_annotated
    return self.render(context)
           ~~~~~~~~~~~^^^^^^^^^
  File "/home/wemisico/virtualenv/wemisipy/3.13/lib/python3.13/site-packages/django/template/base.py", line 1064, in render
    output = self.filter_expression.resolve(context)
  File "/home/wemisico/virtualenv/wemisipy/3.13/lib/python3.13/site-packages/django/template/base.py", line 715, in resolve
    obj = self.var.resolve(context)
  File "/home/wemisico/virtualenv/wemisipy/3.13/lib/python3.13/site-packages/django/template/base.py", line 847, in resolve
    value = self._resolve_lookup(context)
  File "/home/wemisico/virtualenv/wemisipy/3.13/lib/python3.13/site-packages/django/template/base.py", line 890, in _resolve_lookup
    current = getattr(current, bit)
  File "/home/wemisico/virtualenv/wemisipy/3.13/lib/python3.13/site-packages/django/db/models/fields/files.py", line 66, in url
    self._require_file()
    ~~~~~~~~~~~~~~~~~~^^
  File "/home/wemisico/virtualenv/wemisipy/3.13/lib/python3.13/site-packages/django/db/models/fields/files.py", line 41, in _require_file
    raise ValueError(
        "The '%s' attribute has no file associated with it." % self.field.name
    )
ValueError: The 'image' attribute has no file associated with it.
